track_id,album_id,track_name,duration_ms,popularity
000VZqvXwT0YNqKk7iG2GS,75kQjmcR1YnIrBwVW1s4G1,Mercy,256478,0
000xQL6tZNLJzIrtIgxqSl,2kGUeTGnkLOYlinKRJe47G,Still Got Time (feat. PARTYNEXTDOOR),188490,0
000xYdQfIZ4pDmBGzQalKU,4QianJs5Ls4mxwcT7gDBww,"Eu, Voce, O Mar e Ela",187118,0
0010mZpCCwlPwoBiBsjoac,5oKWoolIuoWMG6AORvA9hL,It's Alright Now,249946,0
001BVhvaZTf2icV88rU3DA,7pZ8G0wWw7PLiECRnoaUbi,Wet Jeans,205255,0
001CyR8xqmmpVZFiTZJ5BC,3NF642glRZZKf3Ng96eMfX,She Knows How To Rock Me,160106,0
001bQcMKt86oNbnWne4EAB,0vBFa64sBqdd26KKIj4SKZ,No quieren que gane,179466,0
001m5KK2fu67yZ5ZW46LDZ,2kPUTzKRpqY9mSPlHjL1OR,Ginger,194320,0
002HVvfZx6AKPzJEeimuu5,23aWOneOrCl1KBfDCo2pFy,Welcome to Boston,154573,0
002opcRBgYV5jqoh72QcqA,6z1qeT7vI9YUsCHqufGWJy,Just to See You Smile,181957,0
003R4eVgMYJqn6PaD3ShPF,4Z9obWy8iCAkKg6BRDWobY,Se Despide el Amigo,206880,0
003xj5QO14i4q75qFblh3c,3HZ0JZp7CyL6iRDcizTNYN,Borrachita,184720,0
004CHLDuagb2GLTYON5bQ4,6DfpAPQnvYJlkbzf1b2g8I,Ready to Bleed,212040,0
004XT7kCZUEJkVIZjmBdDi,0EI8YjnyrsrQPNKIDfCY2n,Life Rolls On,219106,0
004q4eDxR33ci4f8m4flwl,5afHhk03AfHR76hfjRNobE,El Yeyo,171626,0
004r6DQZNkMagJyGBjyapx,5DBkVYMm2pO2JBmbadxp2E,Un Complejo,73666,0
004skCQeDn1iLntSom0rRr,5iK842b9xnZblgZkRxWCFe,"Heart and Soul - From ""Camp Rock 2: The Final Jam""",177773,0
0051XNkzp7FXjzG9dpijnN,6InzdcelNU3urf6CgnXCph,Stoners,260187,0
005GaX6hvgeTFnR9FvejTE,3BKFrChX5Exd28VX3Yq4Kb,Hey Lady,230103,0
005drRcJJFgFHgtxSJJO0v,3oJKuFPVZTSeNc8G4UYV4L,Fuck Everything,273613,0
005ojEjmGPAfBptQDTYi5T,0k5SdnRApLIsknnO0M0rwH,White Walls/Can't Hold Us/Same Love/Thrift Shop (Acoustic Mashup) feat. Jaclyn Davies,265867,0
006AVH7fq061voGXkUiII4,3MksslTJffj1jqxGkQt8Tm,Fingertips,191572,0
006SglxPR4kFundfJs51TD,1fbioXhoT5kdGQ3qjTki8J,Emena Thes,181510,0
006WRVtgmwxurJh8CvJEec,1JsfL0KkGgJYWFUaL7zrES,Still Someone,187080,0
006f4XC6oHnIKCYvlI5gbD,2pPGfPv8AKkeFyTtgHTOUr,Cuanto Me Cuesta,182040,0
006oQzCztQunM3OK3FOUUA,1dvidQe99PmEDSW91azSTw,I Bring The Beat,201426,0
006wUABTBP0B0QWDapfZBT,0wxVA1pnbkGHqkWjh4DLFx,Quer um Beijo Meu?,151576,0
006yrnQMCZpiUgkR612gC8,0cHT4ll3sEPyFFWoFuibMl,Caliber,123411,0
007QSAaELpVxtX5Z6dMn0U,508PwdK7nipXn6CL20PWkb,Laranjinha - Ao Vivo,179000,0
007mFyG9VvwCfQVYS0Aa87,32t5s4ID49x47XgNOHvYqX,Come Back to Sorrento,176093,0
007mLuAjJi83YbT70hThvx,2x4uV7cAjgVzCeGaAh9HLB,Say It,227941,0
007rZj6pYd6OWlI3EqY82O,452XImtJriuoKzyophR0yv,Por Siempre Cantare (Live),196626,0
008INoe6nqquN4Rkfkfg6M,1z50aUk8ypdjqTzqxuQ0ig,Para Que Llorar,211960,0
008Lxsuwhbm5sIwdbJsPjU,317PLw31Js7O9lndUXuMFC,Como Yo Te Quiero (feat. Yandel),211120,0
009j4tQyJC53rmgTuXil9E,4mWCzSBfHnpKRU3vsqhEJc,愛是這樣,274960,0
009pjwnOrxcHjdg2uCuszR,6L06e2Inbj1eG9gj4ZH9Xz,Her Waves,343103,0
00A2WISItuZYi8uHEvtH3H,24GcpkD2HA5328PXxFP5w9,Fy Fy Fy Kalaachify,248307,0
00AI4cRmPek5ivn4lidqOX,4xRPxUWQPF9BbwlodMnhh6,Vete,202229,0
00ANezjn7uJm2J5VWMYcwS,1MSxQKpaZ2nPubMVQi9V3N,All We Need is Blood,216200,0
00ANnYctEGGhcmOJ5omaj8,1OXyss0RptjKiapSKNewku,Heaven or Hell,312764,0
00AiyOJFuhxqwsUDS5Cxsy,5mgVRRHjtl9fSY3rUHysJx,Pablo,143998,0
00An04LOF36saBLHZpBRLH,6nE1C92IIZQBnlYLxObRHW,Ai Ja Era,247893,0
00AxNl4D4jHL2AEf1W55j5,2GIrLP0PWskhZAJaHQtDux,What The Hell Did I Say,207333,0
00BTDWR6xCaGdst6cPKkpF,4yVaTn71IU28NA0Et4bRED,Hideaway,412613,0
00BYAj1kUfp0qEJuwFxWgd,5KjCwts0bB77KWXXdbeWDH,Animals,227840,0
00BnfL75e8vHSGCmwUWbEk,7FbbHGEqovOBqxZBsbxFqX,Diego,242346,0
00CGMygJmpUJGUyRsYRUbe,4GBIKJqX9pDtBh4CJ5PMyD,Lagrimas,204880,0
00CQJXwhMPdoyXRlITsoBT,4WlD2i4Eb75fNj9VukkEB8,Maybe The Sunset,364225,0
00Ci0EXS4fNPnkTbS6wkOh,2Y81I8p6wKD13rSgp9aujA,Electric Love - Oliver Remix,253880,0
00CjPU9Nv69kf6YofOIazK,7ofIuqyYYYTu1MbgDJgef4,Chase the Tear,315120,0
00CqEmnPLFKDhAb3cuu6Cs,4EK8gtQfdVsmDTji7gBFlz,Halo,177960,0
00CujlY4ya5p2FNDu9BCZP,6ahNh15MTKTZb2IQJMnqBy,I Want U - GANZ Flip,252415,0
00DBKn29OAvVfQjrEbtw1C,2xQu1nr9mQ8vkHNpC1sx6J,Cierro los Ojos (feat. Reyli),168333,0
00DH09LjQrlTpWTzVwBU0Y,630KUw0TTGpapAuDFBF30z,Alto Ze do Pinho,147781,0
00DLDbWqrOhC6cEBr7zkjj,5Bf2kyJHabjNchfF73IGiH,Float,194466,0
00Dy1ZWYXpJauvc0CPmHFr,2fVLDKLQMLzqKKjlzVkAuf,One Plus One,264520,0
00EE6U2juZMvGuMUCTHuas,1x69uilYROlB9Swzq6KpmB,Pure Imagination,218602,0
00EfcDboIDLWzvPypeWGDg,0djZBLLoZgWveXvSGQ6AHI,Live For,162386,0
00EnN4XfNdQYzOh6oimHfc,2WxtrbQxuEQkUVkcezBzdl,Pressure,198400,0
00FACc7SXgRdodfCeBG8Su,5jSA9rGAa107RdAWPzM3jM,De Lao a Lao,210287,0
00FF61Oc2RfR4HysYyvxt9,3PjbRRS8U0Y6FYHCFyOHWQ,Poison Flour,155480,0
00FWuEBvnitgpbMSk0XIoN,6pZj4nvx6lV3ulIK3BSjvs,Unstoppable - Outtake,239426,0
00FaBIFXUfzaaVcsQmTTJY,12dPqNFIdjiVFSHvtsDmzJ,Can't Hold Us,198040,0
00FldKRY0RvsKorwsMzNt3,6FPsDyF7sUzTJMBelezZIp,Eolian Oms,202105,0
00Fp3LOaHKRGvgSM3cws7f,3ffZoNdCyrZWY9jlpCS7wz,Художник,234049,0
00G6GfVa1uUyXBEEaqytL5,6zxguuGxV6KZLKPTNYyEfR,Dirty Work,244800,0
00Ghh8AvVnxzX7nl6ThOln,4ziM2uBQerVHZYnvVFFnoS,Into the Maze,232146,0
00GwxMge3vIOMeV43Erckc,2FFMtf8Log72Ow5A3ExNv5,Danza de Vision,329719,0
00HMEiBMDkbNCHLJL6zqVk,31dBitfDGugqFHLKrUT3rt,Christmas In Harlem,236213,0
00HWHVerv16snyQSRrfVWT,6WlzaRoDShdgVgaqJRjyNH,Happy Days Are Here Again / Get Happy,135746,0
00IMpdorXDMjMCSeSH0NVV,7a0OYjzocK1VwE8Mj5QKoG,My Own Way,211218,0
00IuYbkpL3bQilWyhhR7aE,4yYep1aU3lXRaONTWu2X23,Old Love Feels New,239960,0
00IyeP7sRybKkJs7Y0kBYW,5SuiUBJmzzlOZqj3rogcja,I Will Boast In Christ - Live,292373,0
00JbznfNVCiSSqLXI7wd5B,0OK4Ou6xS2mMJvrnWgbCEJ,Controvento,219200,0
00KSN0qtGSeYX9qFClCEcg,2oUWSHubOyXXSFN7gzLlkq,"Tum Dil Ki Dhadkan Mein (From ""Dhadkan"")",351425,0
00KcJmQZDQoSfTPbd1afPP,3Agn1GrWYPQMVqiES3P9JU,Jaime Molina,248226,0
00KfIFi2TpAaQGPbRbFbKJ,4XHIjbhjRmqWlosjj5rqSI,IN MY REMAINS,200693,0
00L5zl0hO6lO069lzRWNkW,7E56IANYZex5WABvAeYRIB,Praying - Frank Walker Remix,179250,0
00MGnvXDyTlYlEqu5EYDlH,7EAVX7J3DRvhbMiKjgtgvB,Aquamarine,224434,0
00N0HLqc3ebGR2DKcH8cU4,03DdDRx3oSubYvIO1xjwcX,Canta (En Vivo) [feat. Jorge Luis Chacin],233189,0
00N19SVEo6XJFaerouyckn,5Fei3OXDpZtPrsjwt6CDYx,Ven Ante Su Trono (O Come to the Altar),347946,0
00NLANlysX9yJpOD3mfshw,238NQAxbtkQF1QaiMfcRSE,Outside,120053,0
00NbQxhcyg70ieqxsKbnCV,2tzeqjhFeng6SK5PTBupAp,Ofendido,168151,0
00NmK2seXpRFNAEsRBe7lc,4rG0MhkU6UojACJxkMHIXB,Oye Baby,175893,0
00PhRxMpNWMaIgGLrYeSEB,5VHide40URoPoaMJ5Ou0vK,Zumba He Zumba Ha (feat. Soldat Jahman & Luis Guisao),199666,0
00QuXoF6LyKwH9xz7lXGdf,1kzbFZiILCf520UCCPOhvz,Kurukku Siruthvalea (From Mudhalvan),398341,0
00QxPiv5tWA0DivDF4bFzR,6GkdhbqD0GxO1YMan6eK2b,Baliw Sayo (feat. Bosx1ne),287089,0
00RAe9PMz8cjuaRCZHQFaR,42xeQBQTfAau2KaHa8lZIb,Got to Believe in Magic,257724,0
00RXRO3lMRX2jzqSLPOUYG,0DZPvNS2UafM6bBPMm3QEX,Estatua Roja,179093,0
00RY8ND2vmnVaxG7fi2Ndd,0rtUOSV8E9HYz3ra24h0Cs,I'm So Excited (Glee Cast Version) (feat. The Troubletones),210946,0
00RYw42tKwXecTaVay3BKl,2R2Cwe4kI8b2WObXZ90wOC,Howling At The Moon,238186,0
00S0eOLwzdqcC9V8hmigD2,2H4MixFpi9BQdQqtozfovm,As the Sun Beat Down,179666,0
00SlXYapXP5KuDarLc2hUJ,4OoNqHBpbgDoqtN3u1IdiC,Retribution,198560,0
00SoIMYmXRmDelWr3oInEU,7IACcKsPaMrCJjwsZLjoJ3,Clean Pease Strae,122850,0
00TRUnuEogzrVx5Nvuhjve,0EdEKtBeCcks1flcXuPxIZ,Power Trip,170760,0
00UDKVPihHe7Nf3EBMPhim,2U8jmta2FRGB1bUMQ7u9jj,Sexo Na' Ma - Remix,278569,0
00UZySJXRYQgnOrlzluIIm,4k1dyTXNzSE7nBGftoMH4b,"Vai Vendo - Versao ""O Destino""",188920,0
00V2jgXWvvwY5wWan8buzm,7z9ssIzOlJAos2yUnTh899,逆時光的浪,280120,0
00V7hys3DAMc0odkTw2TeI,5D4btFygTiN8Ya0foisiIM,Bound To You - Stash Konig Remix,244800,0
00VKjTegmSozg5BEKbDvoy,3MGWUbdvqgbu10ShuQuHzd,Mud,144626,0
00VWUa96Clte4uNEv963vn,0AR9k9xuONdHSUjKaxGct5,Evite la,214922,0
00VxlBCTky2MEXU0o5f0R3,0oK1glMIKcHmAsDzhnxNpO,Kaffee warm,261186,0
00W0J8q6WkTWPSQpf7ujd4,3I0cpYYDICQOjRI6oipMge,Dirty Words,218253,0
00WFoR7tPga5Wj92MSR3eD,1HSyuTHvLXMWyPJQGnQTLw,Slime,232803,0
00WVclSOdTPuLYTott68Wl,4aWdr0Nnt2wRcqD9OaIDtz,Trapped,236377,0
00WlhL0LSsLLPxpE26ulrs,5roeGujs5AMWZHsxu0z1lZ,Gently,212906,0
00X0ABCr4AZpT5GDfwjdcg,1yZC8xZwv4gsmCZ4p4JWdI,Apparently - Live,286106,0
00X2yv2vrtritPt2CZnUTZ,5GFHFEASZeJF0gyWuDDjGE,Bene,190066,0
00XP0o05u7lD4bGuBvurQj,2p1voQHdNSdy596VRDtdji,A Grey so Dark,161333,0
00XjwOz9DOU0fKnh17GXOv,6VeVzV7vR3UGZOJcnozYzR,"Sandy - From ""Grease Live!"" Music From The Television Event",155533,0
00XwsB20bwisKzazPgO4RY,6nT32ncY3G3k03Xx8fdzFk,Crazy,156000,0
00YAn5zjF18r2LTRl5jRVT,0MPMiyavAbARflBlNGjIA6,Maya,177266,0
00ZROeHf7xvMw5q8wAYf9O,4fZXOp8No89WLudGy6brXd,Locked Out Of Heaven (Glee Cast Version),230573,0
00ZVirYmp7wZcnbaz2e4TO,4O4tlQX1aDjudqgHFBaRqS,For Her,112000,0
00aFk1wjKelA5joWa6oRqw,0eMON1tw3jFdtlIFA1MWkW,Skuggornas dal,226829,0
00aSUO0t0C0mOEcNiCpkZp,0YsuObPPJFmMScTr6UH6F0,Fantasy,201636,0
00ailAfAjjifgelyFD6nHP,6vP3MQSD5duKIhv1Q1b6NM,School,348961,0
00bAw28lKcHj3B94a1wJle,1Kbd7hJJipnio37279Oclz,Say You Won’t Let Go,261985,0
00bHxCcteaAJhU5WiP1mtf,38er9gISOMI0uQW90und0K,Unakkenna Venum Sollu,308242,0
00beHO2oTWTZMfcGukiHo2,3OQONOxy6x3pmChYfg0heS,This Feelin (feat. Andy Allo),318282,0
00blYtuM22dQpn693F2BlC,3PKLZ6s9c6anUOmNTJbmnK,Still - Mixtape Version,215400,0
00cbRAOr6wTPE9WBMejhiM,6lr1FKQjhbXOxzGOB9BPso,Space Jam,217826,0
00d0mhp0rihlfqch8l7MGU,55giSYDPLHVdEu6YA6PERj,No Hay Funerap (Xamelo Beat y Yiye Guitarra),264881,0
00d5xg90Mvl5bvK18oliSI,6Btf5qRQjRvQKPGFUAstvg,Eres Tu,162546,0
00dBDFxN5i4S6Ko00jKqNW,1907F3tAFEAdpsQIgAYNzJ,Hero,152032,0
00dThTUpPME0XhBr6vHmkT,7nQdWTt5kiJUrIuWToAEhy,Nao Penso em Mais Nada,226080,0
00dgK4Nln0AJQvI66SLRDb,14Q6NvjUSthc0Xgb5EgtQd,Sorry,236280,0
00e1c7sY2YmpscKwKdddX0,7t35JHjhNRPMZ3eZHuDeba,"What Love Is, I Think",70423,0
00eP3Re9E5u29vdU0oPuRK,1DDrkcadagSRpaqQDKVf2O,Mi Vecina,244680,0
00eQhZv2u4X3qNTKAPbyGU,2BEVr9m3tAWLnjCT8DkUH6,Wildfire - Acoustic Sessions,219066,0
00eSBjcEtF8WcKyUKE86ee,1641fgZDiBN7e5yRuNmQ6M,Jellyfish,83069,0
00efU9s1tVptQB3SUabGvu,1Bo3QIkCyr0AErUw4BHl1h,Pit Stop,253544,0
00gQlL5wLo1puyxaTrXIdn,3rgqNhTgwBROjLHhIzeq35,Tenho Paz - Ao Vivo,258167,0
00gVLA5wOtIOEUoZcXxhCq,138KhEzlJAoHKpSedlDC8A,La Chica de Humo,250892,0
00gqmd4AWQxzwCHIr3evjw,5HNyHXa6z20pWDod3JyLXo,Suelta Tu Pelo,152853,0
00h12tbjC9Aa5uEuq9HrgO,5DPZqC3ySZkJClCvZlIq6K,Facts,241573,0
00h32OTWBwcKSogvu1G2ZB,0jfS1hSeYXgAhKPbRSe3UI,Lipstick Wonder Woman,235546,0
00h6syYCxPKVsInPHXhdZ1,5S0nsfYhHa1uz10V4yoWSL,Sarah Smiles,213320,0
00hO26UwCgpDmViG6crrnm,23Kf2cl3kz7pFNKhl4iMp9,Remnants,163666,0
00hTw7P6jPUio5Qgojw38w,4SZCV3d0kgIEnLatUoY0Jj,Wherever You Go,200600,0
00hVcKODz4Ch9gj0zWEz6M,3AhqN3WcKmO27acMgjLIse,Elementary School,198720,0
00hgtJwONC7jG6X0GUMXvv,4Jh3PDPicP3QwWpktQS7Yh,Good Things,143186,0
00hh0NPClA0PJetfwn4k5R,6f5gAJpM85TE6aQ81h46T5,Know What I Want,251110,0
00hlIlc6Ezzm0KABuxulgW,0hHoUwwrXL79lSEcRy82vO,Where Are U Now (with Justin Bieber) - Kaskade Remix,306666,0
00i0O74dXdaKKdCrqHnfXm,375cUd86z58eqXN2yW3Do9,La Mordidita (feat. Yotuel),211680,0
00iCRJ7pk3onHablkLyVH1,4nka5RtqtC17gwfl4bjFs8,"Today's The Day - From ""The Ellen DeGeneres Show""",224826,0
00j7NgyKytDYlBEpIv4QPQ,1vtmvP6HpYWljDR2vplT3b,Monstruo Comeastronautas - MTV Unplugged,301673,0
00jd79CdpyUtCow5cx7P6R,46C0FxiHJ5whkGbCRqtkhR,I Belong in Your Arms - Photek Remix,257013,0
00jpfzztJgSupflbzmH3T1,0CL4Zsk4SKMXvLQKa41BOv,Can't Help Falling in Love - Live From Spotify London,163480,0
00k4IcdhoUtt3fBATrDyhh,7rf1qZJ6hGSlPN7K9ShsVV,Dirty Vibe,206680,0
00kIWJu9IHiQ6i0qJAU0Z9,5sG9v1V0gjNbQQiXkYKWe0,Amor Completo,241880,0
00kWGi3KI7xqeVpC6Kkaqt,0F2bhCbSbjdWW8UYJuonwQ,Vai Embora,245734,0
00l9KCQeplWA4aGZWCyfes,6pZj4nvx6lV3ulIK3BSjvs,He Was You,50573,0
00lMz2LLP4tTBK1EQs5fSZ,0yTb8Dx1eVe0pO8N8cAEjA,Shortline - Thomas Jack Remix,372426,0
00lz7Upb0bJLdFEjieRNb5,481L9QkG0QiHGYBkDzqqsz,Tropicoso,198800,0
00m2M7qkAZ69bazdXVx99z,3wZCydFnWWZhm5osBdul0s,El Primero,162187,0
00mBzIWv5gHOYxwuEJXjOG,7xconhHQKj7Be4P2KvUmFz,Sa Ngalan Ng Pag-Ibig,285138,0
00mX5OzWnm7mpo8le5hcxl,4PNP7ZIyQbAGvZCxb0UUKS,Happy Djong,141175,0
00mysNHejF7KdBNhdopXpQ,60tzyfHtJFQxHBS4So4t8J,Cantaloupe's and Natural Calm,190605,0
00nxCCaqx2UF2d6w2tb9PC,15EU4ZbtuJ6inaJ22eIgsR,27,158200,0
00oQl8RFiv7dYavRx3U9IA,3TumIACV4GijQrW1sSUqax,Comfortable,177136,0
00ogmsZiK6dB0QVUDBeehZ,6JF49ixyHmOgS0Rsda2k42,Soliloquy,106463,0
00omBVEASwCIMq5vXHD2ie,4Z1BFX1oBckY8bhGEWMYmi,"Mary, On the Wall - Second Heart Tone",367933,0
00ooUMfzuVRhD1w9fnQhAZ,00Qd4Edo3V93cw1XVW7w0a,The Bottom,177882,0
00p3wMZcWloGsEGvBRcmuK,4LugYm5uqTDMMRcBIaLmk4,Jack Sparrow - Nightcore Remix,180480,0
00pLvXMdSXJG8HLliuWTWt,0w1Dc9DMcJ8Qon4n3wv1wu,Flashlight,194558,0
00qJCrBeIkCWog7b2zRp69,6oMmXUdZ9gO71JRzLaozEg,Babbling Brook for Wisdom - Lone Flute & Nature Sounds,141266,0
00rBZrXRiVFTq21bksu4Xd,6zhjig78tafXcTTZmjO752,Momento - Version 25 Anos [Live],285186,0
00rZbQ8sYG1AuXpGjmOpho,5Y3yGPqEZkTOCYNPQfzBae,Hatin On Me,192156,0
00rmsjfesXsyNfQJpGKm98,330b5MZdlUJcPOkei9G4KM,Day Gaunts,203049,0
00rsJA8H0HO6NxWsT6ISCg,1CJfIUEL6uQpb65gtf2S4r,Love Song,187708,0
00s11tE8e8PVuVj9luoJQN,6ihcqLTsLBYoDIZa3GYWIT,Catch That Teardrop,150360,0
00sBZrZvJmsrtIjXK0vsh3,7I6ulIzRMJ8Bmz5rFBAvpA,Don't Ask Me About A Woman,216533,0
00sFLCbAGFeknTHUv9MTse,3E6oI3wPP1zoAdlZKd4XV1,Love Is On The Way,224600,0
00sJbK3XvDlQ1wnsWGEqVD,3Hxm4wa8a3E9PgDOrFbIVO,Not the Future,325280,0
00sWbC0UVmFd0x0q3alDnK,6mueTLPXfvXjl61ymHHwY8,Achilles Foot,133720,0
00sdTydRkPM9HI4KxkQxRy,6SVh07Vs5797CLKJi2V7GV,Atme ein atme aus,236013,0
00tvWsRBuRwQ33Aq7uZPos,3ndNRADRjVwE5PSt7rHDCr,Wrecking Ball,222387,0
00uBikdwYaPGhWdsZxulx9,5McOkriDdgEIOCuVRCZj5Y,El Recio,159533,0
00ueQGOP5Tbp0sjOCtDrA8,19OgQG7EqDdFfjPktRfmrJ,Spooky Dooky,187912,0
00vImTQe13pqjF5AEFjcoK,7wkXM76ufK3LkyTZe4og3K,Right Here Waiting,261477,0
00vUrusmasV9tsjBJqYtBI,4ogRUCkV0T7cUpqVo23tdl,How To Love - De Hofnar Radio Edit,204211,0
00wBRJMvirudkGVbU3t2bm,1cAH6swM8Y4K9tb7IufAWf,Jim Henson vs Stan Lee,337040,0
00wU6YKnzNlavZ1TPpLUlp,0LVMI64BPt0IRrDd1XuWkG,"Sochenge Tumhe Pyar (From ""Deewana"")",362888,0
00wWSS82pM5L0CZGU1rYIC,07wltijiEhx6hNp2MBxXIx,Grow Old With You,138531,0
00wx4uDQOlYl9dphJXCWcB,38Ctq7b4mWnAeB1kzv8RRi,Last Man Stranded,212093,0
00x1Stu0FrYELVDpmCMRUm,3L6MNK8g8qJD99P6nyTgFI,She Worth the Trouble,225438,0
00xBJ1IJSkErFWuuHxLPoP,4E7RXXUaKpkquRTcVUvdAg,unendlichkeit - Main Edit,216320,0
00xROqagTXvH2PZKrGoYEB,2GFFxj8aR2XpwIMYanOPjh,Smugglers,98373,0
00xYAFzdikA6wVUnr2FzXZ,3Od3V0cItGMoU4F1z708Kz,5 on It,203042,0
00xjXIoyDIQYSYve03VsXf,0jJ7mMkCkTe7p9EJgSRxgi,Die with a Smile,252016,0
00yKAtlfQbe5s6z8iHwWqb,1xXd5qaAVRSFOTS9MarI8x,Fucc Um (feat. Nipsey Hussle & Freeway),253043,0
00yQl6VP2oHUqnrhAXEKoW,1MZfu40bPBKw1HzXGyGoMX,Lifestyle,181320,0
00ylpioXq9EFFUbI7gay05,3ruxxNJfKwSeghjqG6JL3y,Musik ist keine Losung,251746,0
00yqqKgbsnKosZ3hndFaVV,0LRiNBRKWlEcjo7v1Jqrqy,30 On Me,296568,0
00z4wF0iJsp6GwDkQxkGs6,6yALf97g5ssJkYmNXmr2nP,YOU'RE SO FINE,232858,0
00zncqXDgegVEncnEosjCs,4sdSnaf5mEJNY4E4MhiJd3,Sun Soniye,272733,0
010EVa2zhnPJlxHYXoETt1,2dVf3FNLJqsMCA4ePrTuH5,Chez moi - 2012,155280,0
010zNby24HBoMyMZClgViJ,2ybC8wJprmJBBbZHJtzGJr,Prey & Obey,286974,0
011Dg8Hkelamb0hAuaijWd,627ukPRwYxyBREHxBq0vGJ,Say You're Sorry,221160,0
011Y5Pvrtt2rHLcYdqcJ2d,6RBelqaaCNgju5bBcrCgL4,Eastside Georgia,217761,0
011xoKDagylY12ofOd3qUX,4b1DzrFBADJR0vBQDAb31a,Mixed Feelings,203413,0
012Dp2HH7Yd2Vn06icBFQv,03B7yRw8C4i7Vuxxjy8RJw,I Am.,235333,0
012hwrpv6RHD713nBVUyg7,4eZL2PZL6UiFWrj6JAVTLJ,Love Remains,236906,0
012pvcJ7ANOyJglw2tXPWc,01gL0htCaJtIH0yLHXlOZk,Ja,309333,0
013IXgOa1zzkXMPDX7hhdC,2tJoaDnwr0xWHD4OriSNtB,I Believe,225093,0
014RXVFKrGRSNXjwrNVVwI,3gfTj1Dq87IiiyPOviWepH,Misery Loves,126750,0
014g5GZXFXDhT27dNwN1So,5DffkNIj1x6iyv68I4SHZZ,The Great Art of Living,218009,0
014kSxHtTvubc2tXAmEmxK,6397JRE7OBuGKj95VW4x3A,One Last Dance,201213,0
0158bI3P1oQXWMG3RE3KFu,7pMZdJ7PdJUG18pNLZkWg5,Pain Killers,193170,0
015BCBzbTyaGy01VopJlR9,4qC2Pa4OqHVRpAgsGtx3C3,You Tell Me,292052,0
015EqyiziMvVVKWAc6XRwg,0baCV1ycOZAUna4N7tgVNF,Losing It,230844,0
015HUIezeLr63jM8rZHNCn,4MFQ4cQbhnT13OIpDlLtCS,Fly Me To The Moon,143359,0
015bKqyOq3f9pAhpvQb9cV,1ylysR6fqyNNJmuuyCIf5C,Tite jeanne,299061,0
016DP00vwMNLR10fT8jQka,0Dvdd8C1sQ7g9wDsNJ0bWM,Resting Place (To the Cross),243346,0
017dbEUVSuGK7YzU8CLb8S,5JImxehtOINJnpAEIVGbJi,Man In the Mirror,213426,0
017qYDiQ3s9Yp5PZbdtPzr,4r2Ilq5eSSqRc2vCuIKhqf,No Veneno,201533,0
017qykiMjejqcpbUtmE1VS,0dE86L3lCP52MRnPjUOTtf,Freaky Girls (feat. V.V.S.),260000,0
018SQDupRTRsl1Wolu1X0c,7LFFQrgPPbPzS6Q61Y3o4F,Star Eater,272855,0
018YpDWBo5HaPmPPIOS6jE,54pBp6QcdpNiYS1yyauiq8,Більше для нас,210095,0
018ZhDj2b6ZUlsE8hddSQc,438AFMs8tB78Ozhgl271oE,One More Night,222360,0
018kZPz2oWpyJpIF1EBpe7,4OlBdxJk11pocUhQgea29k,Empty Picture Frames,185493,0
0194YiKINgCOppywsNv7FT,2xBl7O1jFtgvpTjGmaCWrl,Maybe,188011,0
0197uIZMDwDQadQX0tvFEs,1O5yVcAI0FSlvGmRma3HRn,Here There Be Witches,351736,0
019DBWo4co4B2zuq8WpEmP,0QekZvOLUvdbQpgwHEi10K,Mitran Da Dhol Vajda (Play It Loud & Proud Mix),234653,0
019DF8Hvg3EZVhFl5msAAJ,2I3VsdqjeA0kfH5n3Hmluy,lickity split,175106,0
019WsMjCiq2cTb87qR0F37,76Q9lpHE2vxtyCSrvyaI1a,Swans,115905,0
019j8UOaqlO7DAIGwG8QnH,5df6wkyFKg4dhAVjp6EDfx,Here I Come,199200,0
019xlq3CAcoYYZVkvL7bnJ,3fx0uSwugGOVBKjzAi1Akz,Gramofon,149578,0
01A2WQYznjtWrCvCG1WVJC,5rppItHQQrcpGrGZ9WkGTn,Bailemos,212466,0
01A7PEPSnmtixFPfB2UTal,0N8ZuxurFs5C4fsC1z7wRK,Buy The World,226693,0
01AKBy0h9oJamIXgMkDXu0,22XlTgyhVbZZPzPLmrBS87,White Noise Waves,256508,0
01BCiwmvWuFVgZQJntDeFh,1rfmcUZ1RuSOja3WgTSvWU,I Can Only Imagine,337538,0
01BMA2zYOX51Vz7QHdSAgO,2Vq0Y8wgiZRYtZ1mQ7zOMG,Misery Fell,214826,0
01BrGoe3LImmgQO75WoPC8,33TGRUxbbrWJpy1JF6jwkK,Start Over,256747,0
01CBfjT30D8DKOqEfTOfnH,3ZVd3NRBCMZojG8NnLaDYn,Queen Bee,189299,0
01CJDcOSteNT93CgfgsajY,7lZs5r4oQV2nutddffLrg0,More Than Just the Spare - Outtake,205640,0
01CNMSXp8OkNNPIwFiOeiF,6965Xyu4KF6qH1tWivfWWH,Vida Que Segue,195186,0
01CWGkYGD0CV3opq9GikkC,4nLlRgyqjrPZ03ncQy9E3O,The Frenchie Thing - Edit,193567,0
01Ch5LzVStxCFPKkT1xg6k,42WVQWuf1teDysXiOupIZt,sweet sweet,222317,0
01CoJ5SrLd5V9nm9oD3b1m,4NTdUxS1Zb6eQNF8qZlXmK,Midnight Rider - Recorded at Spotify Studios NYC,201093,0
01DbOUlA8tfhNiXQfseZ8c,4VRIpRxvAMvewEHzy2GCtc,Southern Drawl,223426,0
01DrXj5EAlZOeRUXihgtQE,1NRL1bvYepbDkrao0zax15,Which Way To Paradise,263859,0
01ENVUVncOl3XWA2HrDjJD,1JsfL0KkGgJYWFUaL7zrES,Those Were (Could've Been) the Days,149066,0
01GHm5UtG2XN7ANzLcv5pU,3zwsH959hsbzTH5tUOXnex,Lost in the Moment,264013,0
01GQSKwMUqQSzFa3XYcilT,1mWCAdn4pHhjEHl9yVY796,By My Side,268773,0
01HHVuCx2hBQLl2aZExNAc,1MuenT1cvvI0YCs3hsJDBE,Somewhere Along The Way,339439,0
01HPnGbrbly2e5py6GEY91,0TyIuRUSHgj0JLsMeosAZl,"Kakariko Village (From ""the Legend of Zelda: Twilight Princess"")",124809,0
01HcDJQDhnIsabI5OR6Z1V,0FtHgMc1DxDAhfxlJXlFI2,Yo Tengo el Don,174960,0
01I156dG8jpLjjy97az6XK,1cUoe6ue8VjCrGbYiBLOP3,Buyuk Insan,297168,0
01IMhZasRhqDo2G6ArJxiI,3sNdlMfnm2T4HR1XJm58I0,A Legnagyobb Hos,215930,0
01IyLgH29kt46qu8hdwf8G,010cogYVCU9Fu3jrDAJ6WO,You & I,234400,0
01J6iy59nDgDoEd0nhqgcu,5Jp5SxdlZ0nyFtj1YEms0p,Time Is On Your Side - Radio Edit,176799,0
01JPQ87UHeGysPVwTqMJHK,0AoPcGhCHaz9K96DoJoKlu,She Don't (feat. Ty Dolla $Ign),264097,0
01JkrDSrakX5UO5knhpKNA,25uC3BzETi50E1xFm05JcK,I'll Be the One,261730,0
01K42inuuCqOB731ugiQAd,21KrsFEPYoXmJRIj0UNtnq,Magic Love - Radio Edit,202333,0
01K6kyjFztsYlLXJJqhYMG,0F2bhCbSbjdWW8UYJuonwQ,Txukinha,259188,0
01KMvi0pMQlOi9Q44NM6zv,6JLS96rMyyFzQTlpNuRV51,All I Need,266560,0
01KUSiNy65C6ocj2SXmy3f,59cfAwh9YmVdC5jHJQc4yC,Bombas Mosaico 1: Carpuela / Una Lagrima / Pasito Tun Tun,357920,0
01KarOgeNS6VHlFl0V2pfE,6Ttnb4f8aPy7ytDJqV10FT,Mein Rostock,239800,0
01Ky6b4MlAF9BoGlrmzioG,6fJqp1I3UMz2DzCGSJpmrS,Private Property - Remastered,270333,0
01LG03ulzBYe08hpur6458,6hS7HOlKbFa91PB2aYsNzY,Rockset - Video Mix,207230,0
01LIx0lWmJR5z7Dfj0Q98J,5LAynix4OVi4mnkEf3Kj7T,Nigga Who,367061,0
01LSU6meTykNfXu66aBTvZ,3l5PdpQHvUOXlq1w9PftPu,Small Dick,132285,0
01Lr5Ka1mJxTwDQcG46ZMz,4eKcERinzmkm5m0QoyPbph,Regalo de Bodas,212960,0
01LvW0zaXBYjEARfpIc6o5,11wsRyg0EtBSfAVSrw8jvw,New Pirelli,235173,0
01M85JZm3JMyHrWzvkfO5X,4auE3dgMJmfaMBsWUQ0hnS,Tu Arreglapenas,148954,0
01MhW3mxsCg2Jrz6HNOZUA,1olQuvonXXUEourYrj6daN,Concert Pitch,220882,0
01N1T689bhEHqXWs3ZMZcO,60xPMD97KJfh5x6KBbHYs9,Good Vibration (feat. Trevor Hall),259133,0
01NRpu9CeEx4DqiDjG20PA,5JblYQTb7RXHoqP9JQZK6L,Miss September,240718,0
01O2sFXHb72XiXRyOFlkI7,0I6Bl1dVB1hQsSoQF6KuTg,Javert's Suicide,175493,0
01O6M2ZmStZP1cMjcHZbIl,1jamkW0fDJFlcF1wyAejsW,Fear Not,180986,0
01OLlgq5jPCVMyb1e9CRSN,3eDeKvz2ZHosFGIWzV7beh,"It s Alright This Is Love (Inst.) (It’s Okay, That’s Love OST)",247110,0
01OY3KiA5fPHmIUBcq7Tgr,1PfEXmG8ioEwsj7qDaCQXc,Vuelve conmigo,239893,0
01OfqZWylm32K9svvmCcLx,5t6JANuspt8XBIFDlbZYYq,Simdi Hayat,265613,0
01P7I0Px0O2XBlg9CTwBr6,5eoOfLW71UCbeNNNzA9Pcm,Cachito Mio,174093,0
01PHwtyIkZWpnghPOh1O6u,1bNyo0wjihTTBvkrMz3doQ,Dark Skies,182203,0
01PLa3LP9WfuAKr3mBRnY4,5wpLXPi0E9LnjdmlPp34M5,Show Me / Paranoid (Remix),174158,0
01PNBPhHiAM0zBJimiFCRz,3QBQCycojhOJLYlHhaCgVm,The Lover Cried Out,141401,0
01PZqWOV9nydrapsIxe5nq,6GU6PmAOKYRsYVJTMlcjJr,Insha Allah - Arabic - Vocals Only Version,244366,0
01PeK7FCO6ExG6ZrrL9aBx,3aj4Tn2zV1RL2M4YPBkRmM,Calimenio,149813,0
01Q2cFQT8zvty6XvYQOpoG,0PcGLp9I02wkK8us1qxAz7,Jump Up Quickly,238657,0
01Q8rdgmrwACRpNxDumRWJ,2P7cQEwYCME7UZbHj2ud8o,Stand by Me,163726,0
01RDEYV52M6CFv9xqgl0D7,7CAAClnSiXdMibPT1oyl4k,Picture Perfect - Freestyle,189160,0
01SQkj1DNUpVJmrd505kUY,21wNeEaw7iFxDzvhHXEzcI,Wumpa Fruit,269625,0
01ShR27k9q9BImUdtewPNl,5AF0uxDdW2IKi3r8jqVgmq,GarageSkankFREESTYLE,283506,0
01T0Kq5YOIRF9BQRXJsyfe,0nW0w37lrQ87k7PLZvC4qJ,Portuguese Knife Fight,217893,0
01TdlwFBNijaI4AVNPV4bQ,0E7WDCvQ7MYR8CbVKSl0r7,Che vuole questa musica stasera,237586,0
01U0IGIgfoYhduXrEjLZFz,7u7AwfQwKB48dwEE9Tj6Ft,Never Stop,270993,0
01UwmN3S6gOBFsmofgvwK8,06uu7YWT822ghZbDOG3wuW,只要和你在一起,251387,0
01VCxWHhR8dwnTPomGLAcU,680w1GzAre2QubsW7KDni8,In My Head,204879,0
01VEpM38d3fcWZddfuYWOv,1xnaoUqRiTA9580nxMKTxD,Nie gotujemy,233614,0
01VXGDL8Ox3SWmvM8ZyvSB,3Rz6kF8eGqrDOEteo5YsBj,She's Creeping,203906,0
01Vc4fbQr07AD9oi0EJBSM,60IQtcqUr3POV61wSh1W2G,Ordinary Madness - RAC Mix [Edit],222578,0
01W5V5ldcR16YA7ZVHFLSH,3q3DB4fElKDIDE2bXTLFlb,Pleasure And Pain,233426,0
01WHfmQRq5McALREakTSgM,6qGneMa56MnPHVARssZqXs,Against It,305186,0
01WNsmKswRHGMKQiEV6XWT,4MYLm8Uxayy4UyqFHPHfBB,Black Box,184993,0
01WbKbstEeqV9OY2JMFQe4,2tDBFZ0M5cmmUyweIsOc8d,As Paredes Azuis - Ao Vivo,205586,0
01XFgRZfZI7oBagNf1Loml,5H0yFEG5FT0tccZRSdNvVU,Harlem Shake,196664,0
01XRT4EllUP5ZGlCZnDvhk,34dgJQwkHxUC75UIf6uovx,Chop to the Top,146080,0
01YATtuCieeRdngHF1y7p2,79S9eRBE4zhXybavIRwAv0,Para Que Te Vayas - Primera Fila - Live Version,217040,0
01YEqVPCm0vqRLA9w43bic,2fI8PsKYLPMt9Gv4NVrtjk,Hanggang Kailan,230453,0
01YF5yNYziZUHqE6ZTEQMk,3FlECovcp05TrA0Hs9zpug,Liberian Girl,270311,0
01YQ0rRccEdPwlIHO8u7SD,3pSeHrM0nMGkLYScQgaJdj,Garota da Vitrine,226813,0
01YdZa8tWaBJobj1b06V04,36zJTya3TD3IX06lWmQIrF,Tuyo Na'ng Damdamin,192266,0
01YsZWbUZn59NrY2up3X1G,2RNvr92S3rufXeAYnHr8qY,Tu Amor Nunca Falla,296613,0
01ZEhzcrkUgtTBRjY3GKfC,6ZCkrINGQhmMlK6ibFQnvw,I'm Good,181798,0
01ZHSlq8gRZ8X7xIEACzTf,2KPhpTUihx9KRWRwBtpTeJ,From Safety to Where - 2010 Remaster,149702,0
01ZUF4XyiuxdFWhtz134JR,7wTfJAiEXjKzh5NCG8OCoI,All Over,171562,0
01ZepwW5W3Z4fwl4bzaHyY,3yWeEEaC5xs7FgzwRgjm1p,Kick It In The Sticks,225746,0
01ZjW579VoBnwGIpSYQRse,2wGH0a52lXF1C26ZxQ7F2R,Babysitter Boogie - Remastered 2005,124600,0
01ZpFt0Zd1liPJUDqEJPib,6d5DkpOtxu5FyXsqJ8aRVj,You're the Only One,337459,0
01ZslKM941Tz4E1fMkfZEh,2ATnlNdhTGBHX9SYn3UoL0,Sea,229000,0
01apQz7E72krU1k1b4VWs7,0xbbsauKysPCTQDd38P2CW,Raining Tacos,92693,0
01ayCEbv8Th8WwcfRBex2C,0EEujvb6ISZ0Gr8Tq4zCJp,Really,263000,0
01bEpdG1KZdaUZt3t1WH8Z,6MGvEl6OdTKKAbmBFjxOKQ,One More,258361,0
01bblmtklaTKUqHE9DqGuV,1Tr1KkQi902R047il7vFUd,Magia,240718,0
01bnqaE6nQogjdMMrrL1dj,3wXGFboFgcK9ezbPuSrKk9,Don't listen in secret,237552,0
01brtjzSA4A2scnC8NWgt0,6w8Hg9eUPIcEZFyQcaMv56,Cherry Oh 2014,238920,0
01coR52VHa06J1DnMkls29,1XBTiJCFR4XFvymIUlnkKE,Ya Se Ha Muerto Mi Abuelo,246000,0
01d1xDpVNB2xQKlEA2ZTps,5gsWgFeHRxRkIXGXWPiOIW,If He Ain't Gonna Love You,214813,0
01dRE9kLOnIcYYSwJTqgHH,4ChkiIHEDdGkzQrhtsQXEb,Sensi Skank (feat. Ruben Da Silva) - D&B Remix,336750,0
01dVdmSV7eaVgRzUAi6o13,5VL90afs1EsezktD44XMIN,A Mi Me Esta Doliendo,225960,0
01e8dGbulrphX8j3fZDQYk,5FoxaIGIRuXsbhZhwdfknU,I Hold On,279533,0
01ernMIZmczJ6N35O5oQTq,7bpWEp24oHgUs08ImjakfU,BAD (feat. Vassy) - Listenin' Continuous Mix,210741,0
01fL0TINslnHzUa9dfQr8g,159cL7XcdoUldPCCy6JlfB,If You Wanna Stay,159853,0
01g7gtqIi6oTWmZgUOHnq8,0iV0wwjlM61uX6qbatoUxb,Too Much Pressure,187595,0
01gNiOqg8u7vT90uVgOVmz,4k8OFHeiAlbAZZfNQwGc1n,Whole Lotta Lovin',299160,0
01hJnhpAmjzg85Etnz2ECH,5ktAYFq8wJ1hcWHaxl6AQf,Body and Soul,200586,0
01iTAtINYWxSFcbFA4jD4p,57Hqmz2tIvke4mWmJaXU80,Dale,250693,0
01iyINEYgPQ7ThMZuHUsqS,7syMmofF2t1xI0RFCtrSG9,First Love,207427,0
01jOQLIwqOwMvZVqqxzYht,3u8UbYIIZkOtawXLDuu57l,The Blood Legion,269333,0
01jOnfF6OMQx2ZgC3nKi3o,0OY480YYBT6oEuTQbxR3kK,"Oh, Pretty Woman - with The Royal Philharmonic Orchestra",187280,0
01kWL1mMqJ7yGxv9dHg4xB,3A4mYFF7YY2mZsucLHdEzr,Confundido,245130,0
01ksPzu3Bw8Lsf9o6xIk8C,6BmzjJPjWBVfTwbKMFdTUs,Mi Ultimo Deseo,163560,0
01l71wtUnRdmzwOQznlmg3,5EA6zk0kC9aAd6WDZNhf62,Palmtree - Sowlmate Remix,282260,0
01l8WMi2md7b1CARRHGfxH,46tFpXz9wNooNqL3gnvLLI,La Reina de Mi Vida,330160,0
01mSLUmLjIeGP5TrmL8nXl,7m2Gzfu5nMgHTiMbNDwPr7,Title - Acoustic,175106,0
01mlfrIBozItOaXOG5Fgls,4b1xXlme2q5EeIZXK9JHUp,Солнца не видно,298920,0
01mrbUBGv7vJIflqcpdHGX,75jW2vL0IQJRlCtnuxx5PL,Menage a trois,302546,0
01n5Gzf6NE3IFqjWqkpgCv,4jZOIs53nuzokTJnyo7bu7,YUBIKIRI-GENMAN,235831,0
01nkjRsgpYwtbH94l7y4cg,3oylWMc9TTC6Nx4I6U3axc,Itchin' on a Photograph,259506,0
01oCWVu7TA5UG19MfwYxZP,2pLC40gyEsQljWWBV3zA1T,Time & Life,134440,0
01oEJevCPJi7kNekR0nG7h,2UgN7kRBkFvaKSsXH1noCh,La Rasquina,138188,0
01opyHvH01jYVd8zWeQSgQ,74ce7TvmnTieNsiQyZIHv5,All Hours,181973,0
01pf3ZvbujF32I1Qm7GUKJ,0s9tY7YgGKtTxBuWPiJFFj,Hasta la Raiz - Spotify Session,272586,0
01qQkY4yS4n10tug0Re7kd,56auT6DJUtUPDmUR7zTSHe,Viviendo de Noche (feat. Javier Lozanda),225733,0
01qfmGPqmz2nWuM22YxdC5,48SrarUhE6csdPsGbTAgEl,Hidden Knives,176386,0
01rHEZ8jtdEjYyP78K6F5T,4geCevoFyJ8TvKJdNfSIRb,Motivos - En Vivo [Un Azteca en el Azteca],209146,0
01rUUD0O6IcIy6sTd8gQkX,24Nm4WqbpFrtAsgE5Ba3ab,In Your Area,266718,0
01rUqOzttbD5suGJdTtUtz,5kFTIMTuYcGh6daKFDHuaH,還是會,235306,0
01rbWMfV06IIAKhm05NKPI,4cARAECW98cS10AGV2CH8Z,Don't Remind Me,285000,0
01ryv8tqj6gZnGb18srxk7,6NySuONTKK6mtLG0nF80Jr,Homewrecker,248106,0
01rzqgRE3bImDHZFwSBakq,5Sdmly0VRVw0wIow5eMHAW,"Don't You Worry 'Bout A Thing - Acoustic Version / From ""Sing"" Original Motion Picture Soundtrack",197560,0
01tHOHeBwam4SA8h47hUdd,53OWyAdaw1ih71BuVlqWRB,We Couldn't Fake It,213106,0
01u7qKInOoy8IFudrraGOy,1t9rzuEEFVHPdqRYzsaWC8,Drama Queen,187533,0
01uW127xUIODHI9dBBwH0r,2U2PILdwl2fi8COk6qX6E7,La Cumbia Francesa,166880,0
01uhrXb8QsuIs1HizoqxdJ,6glHUYWR8paVp72N7xmBci,Sundress,179733,0
01uqI4H13Gsd8Lyl1EYd8H,76FXHQhTuT4QMIxfL09gX8,Same Love (feat. Mary Lambert),318525,0
01usRSTDQuDrNaSijW3lPa,2UpwKRTXhJVXvjZgK1h7RY,Vivant,190093,0
01uwmQU4sbcMnFwklgKMVc,2RZjnYKPbq206UdEbtTjJp,Brahms' Lullaby,241453,0
01v8z4UX3rU3cBuBjg5IsB,4k8z58Kusk0HPlDVdcn6Xv,Bashk',198579,0
01vHGJRvJ6EZW9KO8NtZpi,4TxYVUplaWuhJrVmW1O5Zt,"Un Polvo (feat. Bad Bunny, Arcangel, Nengo Flow & De La Ghetto)",306373,0
01vWrOtEdzlQorEhifVUo3,6notdj85QIGeqR1zKqT3Oh,"Rotten to the Core - From ""Descendants: Wicked World""",174040,0
01vgFcfgUXeFJwErbindxn,3v34omJB3cIoQ68kdOKIII,Breaking Point,282414,0
01wBU8gh3tybWjn93SHIJN,4PUFxNR729saTb49K0pQBK,21 Way,129215,0
01wCETlTDSBVLA0lie5ELb,6wqTI8qqCvvDaczdTFHylC,Adagia,128546,0
01wKeKPgYxdPYA8rfMveYc,6JF49ixyHmOgS0Rsda2k42,Shot You Down (feat. Jay Rock & ScHoolboy Q),426996,0
01wOH4Sfuf64n0iwdhZ7bT,1afvfA3n5tSr99HOXyffl6,Bill Murray,179313,0
01wpPOPqQ3XyS6hBN00HfK,6Xhb46t8f3z8FkuXQAj4UV,In the Morning,246495,0
01xkQzVpWPMK69QKETIIHC,1VGmEADYXBzJ8J269nR6qK,Get Up,261120,0
01yXBrB0ddIzRaIfGk3ZrG,4mPo1YkLytNQdFAl4fNaHV,What to Do,228920,0
01ycChBaynB27CSzlbbbvJ,09mWpzpUOSjjvK2iNqEIYn,Memo,204253,0
01zCef7kCjUHwLUyByzt1K,0HfXGOwYy1JiU0V5UJNSbm,Back On The Boulevard - Original Mix,383389,0
01zPnSlKCw9WLbY0kvNep0,6DN7GcZF1HywzrkGN6Eeqk,Desperation,236658,0
020Ohot9SjRn54rpPwqVYn,6Y8YXaZoHUrtkjLMDUc0Wj,Muestra a Cristo,287908,0
020Ur4viDDscjoH9IvpHRE,1nnenAgIzIipcodyg879Vx,Vex,182299,0
020YsiW7gnBiqTAmEg7eTc,1W9c669YOTvdVNkp2I5uCr,Woman Go Wild,238965,0
020b0QxseQbcMTPKV49qRm,0JOEEeYmHjGbwPObkSBSXH,Crying on a Suitcase,221386,0
021C5AyF13a0czo2b2FudS,5EvkkgB0ifBfqn5i9LNre9,4:00 AM,300546,0
022RWFPKQlioYu49mzBmgh,1AKN4ZhJ3pdKQXCS4CNQRT,Soberbio - Live - The King Stays King Version,255893,0
022XkmKDWINlToTJXzZfBJ,3A7BsFCUvqRqp0X3uD0CX2,Pompuj Pompuj,237613,0
022b5KP2xqjy8LuS798skH,2GFFxj8aR2XpwIMYanOPjh,I Know What You Are,81626,0
022nJwdqNEHRazWpp55bWa,1vtmvP6HpYWljDR2vplT3b,Quinta Real - MTV Unplugged,245139,0
023DWrHHWSjXF7cBJLFu4s,184q45IyX6tKbTNL5zPAwN,Darkroom,231000,0
023Jtd3l1gEeWgL1w1m8bt,5lXgrzp3xcFdYCQXtsS6dG,Any Party,322626,0
023qHxw8IVsjB0KbwCw0mh,4TvFPjsTOKR8jZkcO9PXLy,Pat-a-Cake,67000,0
024FSyciRrUCd0uBCdxGjW,4waze5VNGmC0IQ3nMgl36R,A Noite,251929,0
024R9UVWckPaGjmDeBFZjN,0A9H0uAwdTCWNofsksO2fX,Pedal to the Metal,317340,0
024ljgdpzTFaH4IIt5iglw,4DwLXVB5zeO75k8HlTFhB6,Love Was Made To Break,205442,0
0256GIjttndvzRYpjcJVlG,4r9dBrrwjdwkZntgnji8Rq,Satoshi Nakamoto,296385,0
0257i9JD7SWl3E1yoN7uly,6mOXPtswKccKSx5dYmCXAc,Young Grow Old,286640,0
025G8GdUUwSo3lCgM4Bbk2,3chopONx6vQ8Ky4q5xqtbR,"Blue Eyes Crying in the Rain - Live at Nassau Coliseum, Uniondale, NY - March 1990",179480,0
025UUQA6NowbZynZU3Hv0u,1tkQta2NWqpU3v5JMnwc4y,I Have A Hole In My Tooth (And My Dentist is Shut),40000,0
025sQZThwyFTf1GaEC8mdm,1TIMPsHk76na9Cst58abP7,The Eternal Conflict,157146,0
025ygk5vTSrwobZNk6OM5W,4dJ1Z5ZBRm1ZbKjIEsOQZr,Slow Dance Slow,288384,0
026ltHJFIkssDPbXbfgOcS,7K5tfkdeToVwZaEnEv2atb,Blue Moon,359580,0
026o2frENY3jmWHw41pXuo,0Cymwa426TUFrAFXrnFihA,528 Hz - Love & Miracles (Dna Repair),420000,0
027A12hGtFC6sOYVxDA7LN,0QudobQ7BxwPjicypSo6JM,Salmo 108 - En Vivo,432840,0
027DJzimsjm1M1hflEWLnv,5CyypeOKTQJsDHXSuRvv47,耿耿於懷,220933,0
028bqM4pwdm2QV29UEVFRm,4yIQQzoOrlE0vaH4i5nwOa,We Will Live Forever,193190,0
028lsIzliUXufTSEIQi8Sx,0EFitK3T7hqin7iGMbpltM,Colors,252133,0
029KUF75QSJR8sFMicMSBf,4ai377DNpe0SuMo5qQcKK5,Where Are You,288473,0
029QP3fFtLaW9B9RKr8DAg,6upTR3RFKR7K20OnHRXDkL,Say My Name,186680,0
029oo7LY6eNeD5dTkTiCxo,79XjqMCEOc1VJzgQCipw5F,Secret Weapon,237040,0
02A2Mi0vR68au8FHSX3xmc,0vBxqUHwetFn5jCwAKX7Uk,Graveyard Whistling,232373,0
02AQcuOw1dEOq8iJazZ6nN,2CaMka7yjnxRY4KYlTsk4v,Foi Assim,319213,0
02AThDf6z3YEYObZdqskyB,7avQrMgx6JDi4gT1KM15zt,Sea Of Love,255891,0
02BKhU4mIoXaia5Tim6yPf,3bLOts2ifuewi6XZ3xS8WF,16 Tons,162586,0
02BnIRw7x7JngWXHZXvTDc,2LmtQ9lQwaV9D1xRUL80fG,Pure.,73076,0
02BumRY2OTFMkMxrXSVMat,4EHO6nIhB0OCyOY2vQ8yqX,A Game of Badminton (feat. Jack Liebeck),58386,0
02CLnOe5IdSZKKS1oxWeRZ,1L9bZ4yd93BVYT3HNR6bMd,Velvet Sheets,250712,0
02CPGci789jBYhpFbEiu7P,6fXNBfGXNT6dtmFKLN3iaI,Call Me,199593,0
02CTw5wvqlbna8Wwo3u52x,1OGV2VsLrQcJLV2guHtshz,Skjøn jomfru (Norwegian version),260222,0
02CdafySiW9JoKIXb5RheG,07zkB4oes2xRdMNWiPdSFZ,Ou Ryperd,223613,0
02CkdoaCvkxLQhMQkc8Lxc,3BOmognWH0yJ2V3Iku6xlh,All My Love,178236,0
02DDdvA9KjwSbVShx0cvnx,2sMfr7gUZ1qkY8yNC7dBdj,7 Цифр,207500,0
02DMwE7XwZASzSph2bsUDf,5q6v8oWwur6S6JBZrM6JF2,Monarch,127948,0
02DaqClSJTt95OvsiroP5j,3gioCmiIcOvqNRWBpMYrr5,My Jam,230207,0
02De82qwN1Wwnsji47Vh3y,0us0wYhTbayCO1CLaY6RSv,Lloraras,288453,0
02DknGLIwU3L0USTonqYS1,5wmTd5OdRC7NSPldED3V9r,慣性取暖,263440,0
02Dswg2rpYl8HJubTWZHY1,1fZREzDZ1jAuPUHHHhH6dN,Gulf Coast Gypsies,191013,0
02E10yVCMKCTDvS3UZPe1b,7mQm3FkDm1MqrZq8jRvvbF,Paralyzed,237080,0
02ECIWbXof8hL5pFRuZsHo,6xjzTdoumUFx2TdxIx8FHG,Don't Stop Believing,260133,0
02Ey48n33H3erWJRZAtTFj,1lhNch5NkOONvFhRPh8qaj,This One's for You,230240,0
02F1n2ijbx02hEnhhRk4IV,60wfLADp7JtBrWvDrDlJM0,Demons,259466,0
02F9KPDFlxLsEl3Kzqtvxj,4JlnpWBZ02nhIV3yfnF3Ny,The Bridge - Original Mix,387184,0
02FJIHyzETKUZYdhI6W9aq,758dFjOmZ2dwslg94y4nD7,We've Got A Situation Here,266880,0
02FLC7T2wnnvEf7OIcoY2K,7xSWQZdRZcqq78lN2bAlXW,Lagrimas Negras,254285,0
02FPjj5HyCRQMbE3egggh6,7ksle1gFTICo9rKw14dvC5,Birth of the New Model,297555,0
02FZ7CS69ZwsLQMngR3rhW,1J6b7W1nSHH7BObK8zIoEY,Turn Back Time (feat. Teemu),229099,0
02FayRZAhl0inGus2LmdPN,5ckt4gstaOg1VlCqyLtrLT,Voila,390973,0
02FoeOLVk0o8HTsbqsOXuC,3I2hQ3clUWCr3q6n1u6rIl,La Vaca (Coro de Merenglass el Gusanito),203196,0
02G42teKnMwPwDFEKUfdct,0bxwH4IfXTXYmpiC2rIfFA,Loop No 1,372041,0
02GBtzxf70cvt8wxxhKnyG,2xSppFiPUTWqZ9cdF6CQnY,Guardian,252226,0
02GCSZWHKNQ82cIjkPkjfE,5RF7p2E3uuMhGxBm6Qj65K,The Softest Hard,284863,0
02GNxTDR51UHNxpPceqg9P,40Qj07HvYUNUgL1r2iq4xc,Dog Teeth,161500,0
02GqfWbqWcKlItHyN5eaPj,6tR4OP2sLkYlUgdaz1y9bW,Kaash Yea Pal,292000,0
02GuNQFd8ZUELtUd5yCp4k,7wyDZ870M3f8kIcWdeEzmi,No Es Como Yo,229642,0
02HQGyk9aGfleS1epTFtnJ,24xH6aou2of5sYqDhMjkZL,La Makinita,226648,0
02HXl2ikXCOiVjySORump5,5FGYd2lKYeFHpybmNsa4q7,Romance,143414,0
02HZgK5YSCALhTkEw2x1va,48weSvWTs8IQAaUUl3Db8r,Give,196240,0
02HdjmfXq1F2OsX6yPg86n,2s8yPyvpGdijNJGME9oSzi,Open the Eyes of My Heart,285626,0
02IT7eWGpoW1IUYo4atpQl,5m3ObpihQKh30swBFTIDmn,Try Everything,197080,0
02Io6R1p3g7HXae5QoOtxo,0HUncweJW3LTO0YOvOEX4a,Signos (SEP7IMO DIA),280813,0
02Ip9LrFx5WT9s8uvE9W9Z,1gmqwXoklK4dL9vIJ727hn,Mr. Brightside,251213,0
02JRozQlGwY7WF1xlw15G0,5hNY9GQIaQR7MOelvlY0qu,The Intervention,215620,0
02JdnJSwKTE48swaFqschE,7z6hmY6bZQqua2RfhU0RWh,Pro Meu Mundo Girar - Ao Vivo,169733,0
02K3eYdZaSeA8FwroqKLFh,6zHD8lzUL0SE19xaR0lyzN,Way Up,202846,0
02KgB1Qyk4PrFweUMGl9NO,2sGDQ4EeMBzUf7r21JyrNV,The Boy Who Cried Wolf,196813,0
02KvuokJ07rUx0ui1urnsD,6jZstKLY9qrlUuysH3auRc,Turn It,192026,0
02KzSuRKrfCNvz7rlN8Es4,5DkvhcjQTj3TnUBBXKwSQi,Entre Tus Brazos,224568,0
02M6vucOvmRfMxTXDUwRXu,2UJwKSBUz6rtW4QLK74kQu,7/11,213506,0
02MeD5QA5c5i3xftCJeNBc,7dkdpDDWp0dCDkGxfdNykk,Billy Was a Punk (But Now He's Dead),197343,0
02OBEsgNfL0u9AGDUOIsDU,2mDyf8UWqMGUWRsWVVXDqd,Row Your Boat,255506,0
02OtqoVbJh8fkN4l0XRRcq,5vyzWF239SMChLFJXOMshW,Vet att du vill ha mig (feat. Kevin),195285,0
02P68cJOLqfjp2KjFjcZ6I,6Wleak7A98DpzviDaqYrEX,Donde Estan Los Que Fuman,148234,0
02PFXdSFvYurNrZiDJqwRE,7bFm2hWgVI3djWqJGXvvjq,Si me olvidas (feat. Annalisa) - Directo 2015,244253,0
02PSzrkZRhk5uzwZX5nWdp,3X2HGevGe98BMxseRRnJBZ,Try A Little Tenderness,330685,0
02PTdS9L4BFXOtNvyM1ukF,3q3DB4fElKDIDE2bXTLFlb,Bittersweet Memories,308826,0
02PeoO7mPhmwpPmF4DDtWK,6tLK4Qq9vZPMeczOkN8n4a,Quiero Ser,208445,0
02PiSFhD8wMf9j77Ny9DN6,1c46EPnRi9wrhdUUIJTgxT,Nada Bom,168733,0
02PiwfcW4LuKxhDi3JfH01,66JmbbLZuArxyL1FE7u5hf,Don't Look Down (feat. Blake Young),212363,0
02PtAiRNMCvoxyJ399xrPh,1xFxl3l2TR1gYA4lmjOior,Tudo Que Importa no Fim,161454,0
02QwHNesGgFUpcRBosNdd5,4Yf5LJfqpjgl1a4TBiCi07,Young at Heart,222720,0
02RbwOPB3eXKli527ItBSv,1HxDN8Ws2vMplMUiYu6Kxb,Directo Al Corazon - En Vivo,220360,0
02RfhYXRY10ltJ8NUobTfD,6wJLXbJ645hpoAyAQBJveG,El Fulano,150260,0
02RyyMIWxt4scDyUW9pqqP,5qt0Nnif8wnMMWJKxreAaV,Next to You,306834,0
02SKVviRahUrRZGg5Bo7B6,2oPxv0oJskRa7oJtQGVsUS,"Linda, Louca e Livre",121046,0
02Tvus8GNFWQDh6bKX9aH8,0dpeqKCpdTmHnAmBmn5E98,Sign Of A Victory (feat. Soweto Spiritual Singers) - The Official 2010 FIFA World Cup(TM) Anthem,253906,0
02UCSfDqzFyVXqnNfuD8RV,1cH2rhdhL0eb8PFlqRRP2a,Red Sun,303211,0
02UWMtrjz8xgBUoEjkb87H,75Nc2FvrYrzu7UY4yNjX1O,Flowers,142000,0
02UfBmMerddIN9u4AF7srK,1st1nLzI6XNEZOy0iIyx38,Explode Coracao - Ao Vivo,100853,0
02V2PwXfovnT03QPHpp1SF,46nKDUcNFmBL8ASwFH3P94,Rollin 'N Tumblin,155986,0
02W1lIY3cXTXe6bvs8q1wg,7EjMuPUN4ywuRfNNYPLalt,Draw The Stars,238767,0
02WoLGIvd37ac8B305j2E8,6KwuXeYjkDgY4nBTjjQ5u1,The Harlem Barber Swing,152869,0
02WpCYOVHVRDPhbkiswGmQ,55PNTfzmbwIML1UlhKofnZ,Alphabet - Classic Abc Song,43676,0
02Wrv3xXzkJW2yJn1Fj7NT,6V5BunPicV28JerIaK3QvL,Kill or Be Killed,161253,0
02X4tgIh2nGuyj2ic0Wuwz,2phnBiQukTRuRRxzeKqMlH,Walking Through - Ambient Mix,344090,0
02X86Z19XydyPqKpGLyOdM,7DX7VSSz6rq2GqaxlrHMkV,Always on My Mind,263546,0
02X93AUKXP7FPJBPckqgGu,5CAfJkZS88sq08EZC62k5W,Throne Room,284946,0
02XMnHsxaYVhASTmMkIbj1,06BotF7CerCXpcm5Km2uX7,Help Me Find My Own Flame (Live),381600,0
02XjhdLBr7kZjJSDFpgEM8,5fnHljZYaT4jOimatJ10JO,First Like,162306,0
02Y5MRZD7AsElSRxsQtQzw,0BrWPR65e6OpUPdsMOqTSP,Jet Airliner - Remastered 2017,215965,0
02YDfWUofZcgReuqaTe1jy,3VUtRqWj9ioL3XbnY4Y0IY,Trust Nobody,78524,0
02YWpfMAUVTvsbhu3QO9fM,00CYAyKNYKcxoszMmhAI6G,Sleep Talking,186986,0
02YbvgsXapCh9MLTrU11Ts,6KiS2t3EapTmHSt9xGUqe7,New Halloween,207973,0
02YvSxohNvYp7vDFX3yjsR,7gF74deMBvX9Bqyn5RCn8r,Carry The Torch,357373,0
02Z0VLPtDgMQeLsZcg7qVU,5617XywlV7MnFtco0EuZTT,Love Alive - Original Mix,277000,0
02ZHjznxEJR1nR2t8TnzYp,5CPpHqMwhnMHHhTlf6bfiN,Us In Motion,242440,0
02ZoOwRkTMyPX80mArxZRC,6yTAn8RO7vd2UhIB06zAWk,Paranoia,188805,0
02a0r6xXpwreBfkezAUrcK,5xKnLMrFWsW6AccJ6Ju9NJ,Happy Love - SAINT WKND Remix,182853,0
02aLw97KKhqN6iMqjJntf3,3ZtpOPSQuN6hOtAlyBJqFT,Kolyskova,346413,0
02bMryG4ZLKreMbXROVuwz,0EFitK3T7hqin7iGMbpltM,Your Mother's Eyes,249920,0
02cCntRCrtgojL45e9oNnu,4Hx5axN7HxCKRxSKYrAeaQ,Aged And Mellow,280512,0
02cYwueSCT1ERcR36juRih,0TyIuRUSHgj0JLsMeosAZl,"Midna's Lament (From ""the Legend of Zelda: Twilight Princess"")",189473,0
02ckSWja0a1uutSiZ2enQG,0VR0U8c34soFl7IWPyqqwY,Her Mercy,286466,0
02d7m51SjPVO2RU8i1sgwN,6HahUp9v0Hb4Aj1U07n8hC,I Wish I Wish,167026,0
02dWFvn89e04wzUBdT0K40,5LB041vQbr1dTe0fcTiyJg,Girl You Know Its True (Radio Edit),210990,0
02dcOQGdOgZyErpbJT4hr5,032arX7VC6xQ1WbR92jVoy,Swalla - Acoustic Version,217597,0
02dkASvbYEmzTeN3nAeQqC,1Psmz14dcKR0QEyoUeGxXP,Abrazame - En Vivo Desde El Teatro Real,381706,0
02eE0n3o3SJBqjW8UBWpVG,15m4i2vvpARQjb4LMkOx6a,El Chino Piloto,248365,0
02fBFDWJa1IbDAPbab0i3S,7vBi2LRD8WDSKVzeH2bJs7,Tu Mama Te Mato,181120,0
02gIPDHCTuKgKEl2VlgPzt,1HimPrGurKic1hNOSidwF2,Reason to Believe,287733,0
02gShJ5KSPODMuAxJVB2KO,53N8W0HvCS5aITRvP7icJb,"投降吧 - (劇集 ""名門暗戰"" 片尾曲)",283371,0
02gifbHrxakrPqKJM5H3TV,31m8zVCPQh0x1bJualI5qO,Yo Si Me Enamore,178093,0
02hAUjeZHXJSIIJdX4Esmb,0CyP72ZFEPye0nh8L0ZqIo,Slumber Party,233587,0
02iWm5ssVqphn74ivMTDuc,5EuTXlhCUvCkEoGvzmK8bu,So Stupid (Bonus Track),242893,0
02ienCgIcV7cAqTp9hNr4k,1FhNKaPWHYRTVqdjrWwL7K,My Perfect Time,160104,0
02iqnwTKqgdRrh7a282t4k,6NRxtdBR4hmD07oXOeMSes,Me + Geniene,263719,0
02jBwNPQHUWgxxAhIlOulA,3Df0Vihuc0V8safXSEZeRr,A Deer Mistaking Candles for Headlights,151637,0
02jUeKiYA8VQLxnHtfxjN4,5FSnPT6UZ12u51UyDUPilx,Red Violins,200573,0
02jXZfT8IjNmdrKbnHBq1J,1khQHoHWfemMaJpmxCMaqJ,Islamabad,423409,0
02jYQ47eGc0Dm9JiOcLBJ7,1SmMZG7vu785rbGzFE9IPl,Fanfare,193733,0
02mR2D5tNN6Eb7qCspf0Hj,1O8xNBUsof7oHre2GRFuL6,Catch Your Breath (Finn Balor),292794,0
02mU7IwxTcZO1BsSYDZmSQ,58WvlSmvoKkrvUuZHw322D,SLP2,285226,0
02mVXsWzAZjgwocPPAHSOE,1ziNkIHkCp5WTkduPnjebN,Chillin - +2,272219,0
02miQFNM76qcOLSzv2bJMa,4ajpLE3OZXeXaCeh1DVxy1,Aeon,404000,0
02mlmIWiUxr2fAQQUE8Avw,4gSoMEnVL0sZlROP2bDVqd,Small Wishes,186186,0
02mmkus3iztD6SV8jhUAQn,1lkTR4EjkmnUANFwyMcIpf,Pot-Pourri: Mastigando Agua / Pra Ter o Seu Amor - Ao Vivo,398506,0
02n13KhxJNPPY2YRETcguj,3IJ5RDbQeiWIf7Fo601JwE,War,211506,0
02o9dWnFKipYEcFbd7Kaj9,167XvgJWxuyx9KIa5pNqW4,Ne Olur Gitme,221894,0
02oS4EwEsqUfEpcNDwAbTM,5KnAhtkUJl36Ygjdxi2Vt6,Dwntwn,178076,0
02opp1cycqiFNDpLd2o1J3,5s0rmjP8XOPhP6HhqOhuyC,Big Lie,207680,0
02pxeYqVDzOnHwzFXx8MNR,1JeUwHeGyUNb33g86ol1eJ,Animal,184453,0
02q3kEgng0D3vL2Y8ONVRw,2rFSypPJFjXwxandSprnV6,Waltz to Paris,219826,0
02q7As6vetjqpk8QfDS7wM,3yqcj5G3zkeXuWIx6cjQgx,El Hormiguero,305626,0
02qSM1e1nVOzb49IyoJCDb,3Q2ojWYIEh9ASuJevLr64C,Giovanni Amore - Primera Fila Flans (En Vivo),237866,0
02qU93FA1l6w6ClEOsq8Es,1aCVUE2d7sVu0KZZnyPsZu,What You Like,171575,0
02qVj9sW2Zz8mhklaIrDRI,0Qrc4264bXNnDbJ4ASWUsZ,Amor Como Fuego (Love Like Fire),381736,0
02qaPvngBKTnUrNOx3v7Mq,7CYDRyFCKtAYJBSpfovLyX,Ward,250138,0
02qoqHv29LQCBw1mymxlY5,1yEJRvVMeJD40BXtIUl0Me,Fakkin fin,242533,0
02r2uE8nEHpJAvFFttQxqh,3pNUcYpxDYlqbLuxkqTl3q,Fakin It (feat. Ofelia K),246750,0
02rAGLtevPpVzDAfA0xchb,3ibqObJuR04lz0xlTKpC2p,Boshra 5er,233116,0
02sas1xqIwRm7iWSoHDvKe,1O6ouUiZXpuAOjINj1JYul,Oh Love,211193,0
02tnd3kkSmhfYwjY1Ka3cq,4bn5ct5jEmBPnlmYvYGJFP,Kashmere,297506,0
02uFtu7UyNAmZPyZvbEV8P,0XV3l88mHajJBib3WHYJKY,I Can't Resist - Nebbra Remix,230400,0
02uRCMxwVsADO15u8DSIFR,4TcZpyEt3wrOtMdK0gknMz,Campeao de Audiencia - Ao Vivo,239104,0
02uXMieKvvoIHTot6uLHKr,6GUuF2bujy8QXbrrogpiWh,"Ek Tu Hi Bharosa (From ""Pukar"")",397413,0
02ucbv2N7O5RqtNucsaibg,4GvDHEW1goHkqJbLJHzUUf,This One's For You,325200,0
02uezqHLwcXf3ufiThKJIm,3aLyPr8RJJ9K7SFedUvJnL,J's8 jahin pret,202109,0
02ukaWktkG0yGPyYo0yiYF,3b8epe5o0Aw0wS8HAufhg0,I Would Walk 500 Miles,219884,0
02v81HQA1yS0DSZ4dw3YzF,2oL78CzVNt1WXsa0Etvpo7,Atlas Novus,307106,0
02vEcguZ2EOaPgFR9sxhoW,3MPFezxnQlemyFzpB8VkRb,So Payaso,191632,0
02vb7wBEKwL6ibjUyYxvBY,5WdL1Z4BDkZzOCiLNTrnkZ,Oxygen,366959,0
02vhlFkPd0QrUvjdSIylib,7BdwEhKnoBH1hQDs6UF9gJ,N&N,209638,0
02wIS2Kt8hiL7KrSND7usU,0cDtMoDHC3Pja0V1qrfBdT,Problem Child,221013,0
02wMbcSzi98ahUnVqqaSXk,0Hsb2ji6oz9R8Q2Rd9St2M,Heart Attack,211602,0
02wl7iFYLiTUcE8DVk72OQ,4aQI0KeN26jZ5bPQXKtfAa,Gristle Licker,294346,0
02woIwq9GpKIDH6tMACUcH,103zw9Qm9BRCdlb3mYsBOl,Almohada,225173,0
02yD6Wmpx5kLAoXLQOnuEb,6pmTwCb5SeTjV9wdnkbDo3,Me Soltaste,229933,0
02yRHV9Cgk8CUS2fx9lKVC,0VWmEVuQ8tA5iA3cCTrgxa,Anyway (feat. Tayla Parx),211413,0
02ypZRUd6ryODvcLsl7omG,4UnvVPfqZqbORqVoedaK3N,He Venido a Verte,170199,0
02zIddEu5KR0z4riBzHJU4,1jLD6zV1si5YCQ7y1oI2hu,ALWAYS - Instrumental,204758,0
02zUl7lBXXNJk7JGu9YIId,4lzJh3SkKDEPIwkYZmfsdO,Marseille,311322,0
030wjYcuoy5olfQG4aTFSj,3oXEVu3gwToJRkE2xAW44a,Dreaming,214835,0
031uTUhyy6xmDJqmeWJBi9,7vfuTRXIAYJz5Uc8SddnTr,God Hates Us,319186,0
0326iF9YE7ED8XE1q1wgPl,43zu5UfKXWQLRV99JG7f3Y,Addicted to Black Magick,296160,0
032BHbzqmtBi4P5swU0YFd,7uq8J7jEEW54vtC62NA32S,星月夜,258640,0
032QjNqvrxC17TBxvLMH2S,3RP7VHkY7hGawVk2K3OFAS,Headrush - Radio Edit,184241,0
032UnpKLIp5ih18SsZKwB7,0e6q1Il7NGRJLKnDW5svjy,Rant,183333,0
0332p5aiaQ6vyomilcGSy4,1wBFRaacNYmqfkidUZ0NtM,Yuck!,287573,0
0336UwEBwBBao8uWCuugYr,76290XdXVF9rPzGdNRWdCh,Anything,149320,0
034PlGGQrLQexMOGTvsQDw,6EOOM2AjpR87sXwES9cnhx,Absurda (feat. Leo Santana & Delano),164960,0
034xAB2vQuUekaAIHqR9CY,6Wa9UU70x85ldCo4aeYD2N,She Don't Love Me (feat. Chris Brown),218920,0
035Ag6mdG1EWFZvgdnK8lK,0yoPn5qKwBRkR79QE9mXZB,Makin' It (Re-Recorded),189582,0
035QPHPAcqApSGMMcogT45,1JFmNyVPdBF1ECvv4fhpW4,A Change Of Heart,283840,0
035guKHan7qj7pnRZ5uLIA,3QTf8El6QZguFiEWcKoI41,Oceans Apart,206759,0
0362SHfDTYXjWFVa8PPY7I,4VeQjaMQmtpIQ48sVdo0Fs,Turnen (feat. Jairzinho & Kevin) - FISSA anthem,172330,0
036GQb6SETOJJG8BxJTNxc,4rA1y7l62I627A69JFG1Vk,Chloe (You're the One I Want),222986,0
036PiJFVPpA4Q3BRAVueOc,5uYSlseJ2cclDwjEL4QJbH,All The Time,193881,0
036X5f2KQy1v5Cm35I35SP,4azVkVe6yeIBhFVyECag4j,Cold World (feat. Earl Sweatshirt & Remy Banks),287440,0
036jkW6pG9ibsGNkmzKYMu,6RZlF8O4l3XTtmfI3Nb58G,El Capo (Pablo Escobar),175840,0
036nr5jRMRlrvtEVvld4lj,3yqcj5G3zkeXuWIx6cjQgx,La Bala,267413,0
036pGlJwc9ZVFJNLmniSbF,0qjDs1pSBA36pw3qL57LAx,Always On My Mind,255760,0
036qHucnn23VHVhmQcLbFh,4uFffuyzkWXx2VTSaZFkhV,Life Is Long,362799,0
036qTWu4dGpjNnTTD4slbK,4kh8z2eXAIVogMSF3heOLY,Luchas de Gigantes,287198,0
0375PEO6HIwCHx5Y2sowQm,43v9cUsP5K0hvu9iyuAzmZ,Waste The Night,266639,0
037VR14rwRPwnqfgENBok3,7MvLqEJ066ULDEcqrQUGIM,Never Stopped Loving,196426,0
037fqW4P2XpIzHV7PqWdru,3hUhvCs56OOSQEINZCDbQV,Teenage Dirtbag,228826,0
037hX8PfYfF3edGvQ8VGLT,1t35RmCT7TlQPEPvrUUUuv,El Viaje,139676,0
037u9C5umoOYx84lhm7EgA,421AXhO4np8qzhiQ7hTDBI,Jerusalem,288134,0
038i5NohIAEOc7eCtoNhBC,6ldc1HWw2mUV3lrJeTjqoB,Du nich,276723,0
038tw6XKDY08AXxpIiNbJP,5uAlghTYqpxGsVaS7JE1e9,Blood-Stained - Give Me Your Body,270266,0
038xvzzYfsTElwXGSw6Cmz,4ML88AyBHneIkmTHJunWCC,Criminal,357053,0
039NLDI1UZZlXtLB0Kog6W,6ruIiJQxN1oHeJKq24M4Rn,After Dark,248299,0
03AFsaMpbotuJSfloaPEPH,6hpn39yuudy9yBuKqhNDgF,If You Really Really Love Me,145000,0
03ATKw97s9WHuek1TKmhVq,3Eh8Kx5JxLwXEDth78UGpR,Agachate,188222,0
03AWIG0lwG8JNbQMPvryAi,0PzcDkEDb9x7RFNzWYf1Fj,T.I.M.E. (feat. Josh Turner),204266,0
03BB0xEzzKC24Z6zDpZ3QC,5Mi8vSDmTyjL3yxsgUxrWm,Shoulda Been There (feat. B.o.B),211746,0
03BdcMrydCSaBEEhwx5ZDl,3bzQS5VipXiU0tClLC3rh7,I Love to Be Chill,149887,0
03BlS72KhozBLB4dXIB3TV,0VlrwygIqoI06z2BTCYuTq,Let Your Glory Fall,283373,0
03BpMAiFJ0b9c47Ntt8MRf,2vf1K6KumbRZnRHa1JeKyD,Locked out of Heaven - Paul Oakenfold Remix,317538,0
03CG8r5olTTAq241A7CJBu,0BCYrjKNyjIBRuH0nPcToQ,Sun of Nihility,333693,0
03CMkEwTMEgs69w1c9uDdo,6ed1a9UMAj76mV1NIj1gJ6,Nao Era Pra Ser - Ao Vivo,167746,0
03D9dvJvM8hvoZ90babytA,1x96aRjKZkoWqhxNuNPAqK,Surreal,238651,0
03DQO1cC5RzTWRxJLzJCgy,6VRBMd2t0mc6Kmsc0Cw86l,I Love You for All Seasons,184634,0
03DqdkFte1sPKkvbyL4lLm,4hFDcpvIU9F4OleRAR9nNZ,Wake Up,247195,0
03E06FTE8LrhTfdOfDBb2q,2tH6218I88edYNdalBDlmn,Rain Sounds: Raining,209937,0
03ELrHI2mfPwyi4ctQtvCx,7IGKyfuDgE7Tq4CpLhBjqX,Get Mine (feat. Snoop Dogg),183854,0
03EjEWKcukkpK41Q5rbImU,56hP6z15XXhWqDJeJXFMUI,Here Comes a Thought,197013,0
03EsCSJFuXNpapjcfYjfBe,61z9zG7jcyAySrKPWZa39M,These Walls,216245,0
03EsYwfN3RbDhU1kVrfffA,79XjqMCEOc1VJzgQCipw5F,On The Run,296666,0
03FLIHlDGaWmEeQnnwnnMY,7cpdHFI1QRqKG9OmXJ0G9V,Down Low - Nightcore Edit,149010,0
03FPFGGmCFCFX9X7vNB3JW,30JbhlAXrxQH4hfjdFnhSR,Wild Ones,268536,0
03FlSWryOCZxUEsjWezLsf,0j0EQ5lvPM9c0OqqIyaIBC,Weekend - SNBRN Remix,210285,0
03GSskFw5AAKkwlOfiUMpR,582BvSmU6StxTJ4PmTR79j,Pink as Floyd,293786,0
03HKbFZUW8yi1FBRAN0XUV,0r7wrRVD77lNrD9t2QgZrq,Reset Me,211013,0
03HbxaCm8eBHLxbfdRRQ2e,3RL9u6GpQUCVEn2B6rz5Yo,Wild Horses - Acoustic,188906,0
03IBiVgBzhNrZSwES3Hyjf,4dN8VmiUt9WVPDSReLWBvJ,Slow 30's Room,126426,0
03IhqVajoXFTIuqRu4w1B7,4HGEXvjkZ7KrlsHTaF6xkn,These Eyes,220613,0
03IsQTh85NKrbTrc3MZU48,1b20X9PDCrKCDlFA6mpiF5,There's A Tear In My Beer,172560,0
03IxJiB8ZOH9hEQZF5mCNY,6ZHnlA5lXphSHoYLsQSYTd,Feel The Volume,230400,0
03IyglkP6tIQiQqiLxzitL,40iEM7X0ptJDDzFLgM1QRc,"La wally - From ""Diva""",212826,0
03JdRoOgM2FUP0HSQSTgKx,2G4kkolVlo7QhPFcIvlda9,Run Wild,189293,0
03K83Z46K5t8VlhLrh9l6v,63AS1gi3b6PVi0HgIKZ1eq,Astronauta de Tus Lunares,156500,0
03KzntGQQeVcP7cVrsgnlr,1WqhPiJzM4X6Rn9zva8Rzz,Puro Pinche Pari,193358,0
03L2AoiRbWhvt7BDMx1jUB,40GMAhriYJRO1rsY4YdrZb,U With Me?,297373,0
03MAxBmXAY7OmcrcDRrvgp,3gruMfuBf5Gc6oHhkyzGPH,Vinyasa Flow Yoga,309610,0
03MXO9B1815BBSebNVhLlG,08912w1sEZbVmc4XZr40JE,F.I.L.A.,251640,0
03Mradtcg4Il4gUQJ9LC9V,0v4EQZn8clJmIKltNv5h0Y,Welcome to the Booty Tape,141641,0
03MxQe4F8TGGZSs4Zyha4b,5k7JaH84J9RFAhzrCugrUQ,No Wahala (feat. Akon & Runtown),212383,0
03NH6AuMwFcGrgsd5tPsyb,4qfJGidG7Pck1fmHBrY1KU,"Strong, Independent Woman",235630,0
03NMsU02fre2sqTXncIO77,3mBTrK6nqL2U2tMXfXya68,Aye Mr. Minor!,285146,0
03NWMTX4G4hKikHbH4HxZh,4wHI7bZSdSQAbiVElWBlSO,This Is What You Came For - Bobby Puma Remix,284960,0
03NpLUQXzfH1wFMvSiixct,6FX3D3ksaiyM7YA8x91l9S,As Coisas Vao e Vem (feat. Matheus & Kauan) - Ao Vivo,178800,0
03OBOXBS7boaUssm1YzLD1,3fNEWYYiDZwRqetk97GRKg,Lonely Sunday,171531,0
03OEgOe59LE43VPCJ3ZB3p,2c49IwWfBsMlrLSsyzPoBf,The Axis,371040,0
03OeNAtCG0dOi8BnY7LBOs,5YehGNJokAIS2SjYYGJJrz,Essence,218625,0
03Pe7uTopr6FzZuBBAIYH9,4j3fJaL0JbnryTbRBatQF4,Lightning,192116,0
03Pxkaw3Ddnmh1kw8NshHH,5humkj69QwOd1wBwmmMZq6,MENTAL BREAKER,210706,0
03Q3SlCVD0bbuClaMXO2Ht,2wCAuBLYukbn8Rir9MFmfL,Frosty The Snow Man,138080,0
03QV2UiDSXcquQm94Syn4x,43piS14sRMH5nABIIv8Zj6,Que Viva la Joda,184608,0
03QblNa20RzV47y7C2RnOr,0kBLr7BMiCtS6iPBbRNg6V,The Dwarves Are Still The Best Band Ever,103253,0
03RENvqJKYdvWUhbuZwJY3,3UQpOWkXC4KegU2sO3Nc4Q,Jubel,258200,0
03RNpvzwMGViDHvZKfbNIo,0Qfwzu4yfzVUIrBLittdDO,Halloween,166426,0
03RZNxQS4tgclnqCpRf3uv,332rbeyvixuVxaVsNoS02G,Chinelo Carnavalero,226306,0
03Rob07c3hWCvXB2WWyolb,59bag82BfK9Ltcx3VPaliM,Paz En La Tormenta,336920,0
03RtsVudDuczuf3eDcXrsg,1JKqsdbwfOK1233EOT67ZM,Believe In God,122973,0
03S5vMBN07OOnPj1SCMsxV,0YbpATCIng8Fz2JrfHmEf7,TorcH,334906,0
03SM8FiGSAGDPcUeRYfL6S,61KmgYM8ILuilcWmzOSCgV,Love Me Girl,194051,0
03SvwiBzJTRHTSpihwVKBj,29njH6pDF6JE65D2VJbAxW,Let's Break Up,245970,0
03TbmfJZYulkobXNMzn9aI,6apm4X0q2pHjkds1PMlGCR,Back Home - Radio Edit,207049,0
03TwFtM36dliwqTIyyewKO,6b3I2bRA3TbSARWvOHlgBJ,"Rangu Rangamma (From ""Bheema"")",364973,0
03UlQzmQHLb3fnvfhipq0B,6t1NT9hDfx7V3B3fB3e9UK,Assim Voce Mata O Papai,206000,0
03UoyQS4YGyvyLAQNNhZDf,0XoABWx12FcnGbkZXuCsTs,Girl in a Truck,171413,0
03WFAhoOVLmynaOBtZcyl7,2cPpuYcfaL9t4CqPC8akAP,The Tourist,292013,0
03WPtWOEHFNI1dqhtVuSQU,72y65i3IZThNt4hyWTrc5n,Just an Illusion,210250,0
03WR6VvEY3EIJklavG72LY,3LYJiRx2vxocmtxikxcnKN,Ana,192746,0
03WmeqPnjaBnm4lfwm8v8z,7gfAlQ4AdmgFArIE47hD7u,Stardust,220586,0
03X1SHRxnIb2jtjcQx54Et,3CRvJuhkYY3nmCiDpKmr3Y,Cursed,213159,0
03X3YEhpBI3Yl651OdqOCr,32TnznXk98yrckxIEllaZN,I Need It,205456,0
03XCbxTcOKkjVZJE6Q4bN1,191BU6Uvnf7oNTjO4n36Yu,Reckless (Still Growin' Up),276746,0
03XjpGGdsIPouALXem2Cku,6S0BIiWtnqU0PtumXMpin0,Love Is A Verb,144400,0
03Y1WoQHbIsg4WUz30GlNx,6X4zZpgFQRGQciwnYdmQ21,I AM,202775,0
03YZnK3XQWKpvo9TyNZzXf,17l7MIu0Jh0tdgK7or9ovw,The Emotion,224786,0
03YtYSkpHqqY3EBmHJkTjP,7MoXcGUrx7gzm95iSLAIHV,Till The End of Time,269000,0
03Z4mIhCTYhlT1v7mkBJjg,3oTKDap11RDguBrN0WeySK,"Selassie Souljahz (feat. Sizzla Kalonji, Protoje, Kabaka Pyramid)",255000,0
03Z9Xiu6te6MbMRlICuDGL,63fPXLpTxvDR7LgSOZIaly,Garbage,208586,0
03ZQQa7FnfggPBfYQVpa9a,62dtvPwt2JNDqtfPI7B7Aa,Traveler’s Song,202826,0
03a1PzNuxKCDfTamVG86MZ,2HatDWFqyd2cFNHX7wX7Yp,Mend,136586,0
03aNG7WrtBVPh0gEtc8YuH,4B0mVzwgm0IihR4Qzg82FO,La chula (with Ximena Sarinana) - MTV Unplugged,231720,0
03aza8ha2oaHLgB4hvdsyo,00s8Pe7l7PQMAtRbBDVV0d,Take Hip Hop Back,284853,0
03bHj8H1BgFe9rOUCAnUcY,7c8KvAJrvdCxsIYvwRjBSR,The Clowns,90008,0
03bJAhLIXtHDxMozoBvUgd,3ykTa8oJzxd7n6vplb3VTl,滿座,332884,0
03bb6AxzMre5LjZzTiLb1r,2nGyrk4CKknFVjrEZQud7l,Eiley,277093,0
03cSf8CTQbwnuUCJzYf8i7,1Rz7IpFTjsDETMTfrtEz6z,Eres tu,243786,0
03eIEzOHqJrAV6gUhTV9Va,1J6b7W1nSHH7BObK8zIoEY,Feeling Pretty Good,191933,0
03eWbrmzHkd5wuW6svNtyQ,4XulkQM2z0SZUrzAjsZNI0,Ghost,229672,0
03egTUH65gwmAJQbxb1BDs,0BLe7iiUwRz3qlYVSvHPdS,Already Getting Better,243293,0
03egwBfmIRrfZtGCBhj5kg,71C65HI7THrlkpHHa24YJX,Escape,273920,0
03eqdlquKzJQg9LYngD6HO,23FWluRqn2J7J4mtQ8dMvc,Ride to Glory,133017,0
03f69ZNG8RejnMmH49aM3a,1PqKeJJ5C79S4FfLvvFJtc,A Igreja Vem,327587,0
03f7xZmt2wHCIDJBFPK8G4,5JpH5T1sCYnUyZD6TM0QaY,Soap,209426,0
03fShOmxoMwFwulNoLJDJv,46k4V5frUKFdFxP0R5jxbg,Flowerbomb,239546,0
03fT3OHB9KyMtGMt2zwqCT,5M8gr5RV2eR6UkztC69ogB,Play It Again,226866,0
03ffaxt78GbqpZ0vfKrcyr,0BXh1RvAg5pSJVhJBfI5Qb,"Baddest (feat. Burna Boy, Khuli Chana & Yanga)",278200,0
03fkCgwSgj90keA6X6HqC0,03GpsqlXxGidzoJld0UkiA,Rain,299047,0
03fnqKyfaEX0iBUdmgGuEq,7rcU5Nk3yzqINskBbJ4g29,Contigo Siempre (Original),269946,0
03fotfwKgehMzxYcPZLk0x,4rElchiQTu5HfFwheG8xlJ,Skru Op,155862,0
03g7fElHSW3uhrJ09gx6c6,28Aru7ISGlwtqmnbLRnIq4,Who's Your Partner,123146,0
03gKQXrVqr182OivJqrSUt,1xRsnyytuSTf1rIxWV8m2r,Liar's Love,206733,0
03gNt9LmzZOZcnjKFKrFMl,54bO9jrn1NExmpg6Afsc2A,We Move Like The Ocean,189171,0
03giuF6StpnX7LsR4me1lN,0TU6abraxYirexL1K6PDaR,Близкие люди,196124,0
03gwiZgslCUcpFF5Jyp7MH,25Dqil85sRtH67ADs2GmrM,The Needle And The Damage Done,121666,0
03h0HCkZ4LLwDJtnBuRBOk,1Mjuv5UjTnJrDA9bR0nfMN,Best I Can,303066,0
03h1p2QOhlQtFIhnup56ao,6nEIf1fbM3aTmFTNp4nMBM,Spacious Offerings,352000,0
03hLe0OA5UuP7VXr4VYURD,2lMgz2BBwwzkc9ZfNB9zYi,Admiral Benbow,113973,0
03hUwBvGTrQpHpvE4pO2oq,28fJkC8VzTy7IXxTriq8fd,Rest To Get Better,205159,0
03hVrrbV52cKFbg1stXgmS,1dKU3TRpFCRwcDAheqiyPe,Soak Up the Sun,196937,0
03hXMHGtoV6V2UzxyxuwvP,5nwJQfxDlmNQy7sJQDpbRm,Mercury,155333,0
03hfqijNQNbIpfcJOBPwZy,1SUZW2ye3X2OE6JgnPd8is,Quem Nunca,174653,0
03hnjC8kAVy9tmfgcB0p0y,65csCPagwDCwOKMmgZ86zU,Love Again (feat. Sauti Sol),251039,0
03hqMhmCZiNKMSPmVabPLP,7xYiTrbTL57QO0bb4hXIKo,Groupie Love (feat. A$AP Rocky),264037,0
03jInOtVwApcacQN643qk5,7969zwJB8p021EBcCUjsv9,Dangerous,231720,0
03jcNioX4fCfRgDagg9kvB,1vxEYHEzZI2l1AyZOtVHKJ,Give Me Love,200613,0
03jfx8RCcOsJcefHYbPR2n,6JbaZX1WluHFINcw5P3cq2,Chasing Down a Good Time,213013,0
03llf55qnVnqzVNP03SEKZ,5pXBNUV5Z0MIiE3ExCnIpq,Pour Some Sugar on Me,256833,0
03lqvDgdBKvrq3mGztwU93,3lnxGIRMSj6NKB16ijwbOH,Just Like Heaven,295885,0
03mfJFcTsxfldb0DPI4ygj,73TNMu44lT0m1h1Nn6Bfiq,Comfort Inn Ending (Freestyle),321826,0
03mxt5p12CaYy5SsBMmg7D,2PiBluFnnIZt2xbrQLX0ke,"Monks Chanting Om Natural - Meditation, Relaxation, New Age, Yoga",351296,0
03n2zDv0TXbH2q9XpzYpqY,1xRsnyytuSTf1rIxWV8m2r,Your Pain Is Mine Now,243786,0
03n4FH35pBrkjx9Wt361aS,0rIKUqPJltXod1Jk39RgIR,"A Little Girl from Little Rock (with Jane Russell) - From ""Gentlemen Prefer Blondes""",183000,0
03nBUJ7dBWDrbx4P0PFGXx,6IoJeR8sKwmtTiLHK4kBxV,Take a Little Time,229381,0
03nCB2bLgZMahtLTtKk0pU,19MmbEcj7NqppcIlQaaS32,Djelem Djelem,292906,0
03oOZgsq6D8ceh4lHug2N6,6WGWook6KDaOuOmhtSc9m5,Velvet,266946,0
03oWLtwnZh3LVlTM6kUXmE,1n98cCidcYFGj668hdJXtE,Lucy,237792,0
03oy2P9nPXzEKWfpfhDAyH,2mDyf8UWqMGUWRsWVVXDqd,Get Mine (feat. Kid Rock),263506,0
03pHq8WvgH49sT9ReHKtz2,0fQY0Ttsq1LGXRhioi98HU,Coucou,222238,0
03pRnmoWR9IVKkIR73iGIG,5R2nwgdeqXb9VD3JpQSkuU,Take It Easy (Ever After Lasting Love),207106,0
03pcmgk7CccO3hJ9NzYdQm,5svarBVFxucNX27dwvBFpV,Me Voy Pal Otro Lado,201096,0
03q1cm3P8fQsuTNOMFyQkr,2gahNXiDus3OTZd1zLoY8k,God And Guns,290306,0
03qKJWqX0I2tlMJiU72P1Y,08ibdX8K0GETv20UEku3sm,Eyes On You,280693,0
03qSYwxRCavJccioep27Sx,6MJb2k5X1k25ebj7ZyixCb,The Weight - Live,354107,0
03qjALA7Esk2oUdQafLksU,2xLlV76XJJc0H8dhqeeQNF,More Than Air,209293,0
03sCmgb8PsB4vOH1jrkCGS,3tGDxfvq1cBSlBFr302jMU,Grande Y Fuerte,200613,0
03sNRFeWvYitmksOjDTSeB,4hhvgHjPqUOAYkclDkhL2T,Pull It Off,179320,0
03sQJmtsGDLrBtlKoAvUTt,1yyCXBEu27Ia1Y3torWIwC,Seventeen,165212,0
03sno6MIkoVX5eC4pRKMzr,7glwvxou64yQXBiZALusEH,Stranger,195000,0
03sypv5hpcu00S9Ff89eiK,04djbQW5lHF6ZMcZQs0jBf,Family,115568,0
03t54hE6wlvUxzKekueJxN,4RhEJVjtGp7IRAfd0HvqG8,We've Got This Hope,190600,0
03tg6cOOCCZNPRZeOmYbYx,0mkOUedmYlOzCC4tOm2v0c,Sex - EP Version,206133,0
03tnCRrRvWxFy0MnHUkpTA,0tIyKS6ftGdNvonIhxXI7h,El Patroncito,187200,0
03tqyYWC9Um2ZqU0ZN849H,6MQtWELG7aRX7CkAzQ6nLM,No Hands (feat. Roscoe Dash & Wale),263773,0
03uOJUuuTgaFFI1Efal1no,382ObEPsp2rxGrnsizN5TX,The Son of Flynn - Remixed by Moby,392293,0
03uYJJEYs6H4GArW20eqvd,0qDok5cBPaNeTUkr0YvwjZ,Until the Levee,160120,0
03ubXJevpxiV4XgJ0xt0Sc,1l0jOyAvq12BpfGz6vnqof,Amiude,286800,0
03urRSq6qlPimpyJSVWbUb,2P6uMaWL3sb6xOhJQrzXzu,Silly Billy,149995,0
03v70ZBxmcPX3RWAZMzqaW,17l7MIu0Jh0tdgK7or9ovw,Clouds,190253,0
03v7yBDPOOuA7gFv0xyK7s,19FS8sUgAYUSN0p6K2g2ys,Anchors,295925,0
03vImkfmZ82Jsyuy7zJPJI,1j1UlrNlRuJtzWpiDuG2u2,Me Niegas,202308,0
03vJxekuTDCQhdT3WfiVtq,3DdhE6I0wvt9YsEbCW3K0q,No Me Digas Que Te Vas - En Vivo Desde El Teatro Real,241253,0
03w1u0L5fS0F7izSUkdqS2,2sCwWLX6DJgjCACS0iEBHD,Feelins,221000,0
03w3wv1rwQa2LhQodHda1u,0VfNZpKsykX5WPuyEdBilR,Charlie's Soliloquy,77626,0
03wCoYB7mGs3zAAbnMb916,4y8VCv8bEgpdcGXzaGFcAi,"Go Live (feat. Chief Keef, Ball Out & Tadoe)",289044,0
03wqvxOYgomDNUWTzesadS,2oZ2yfQaU5IXwzlWu7vX7y,Sons,212841,0
03wxNDkRZO34BV3Z27566C,0U2j0WaDMic6tJ8ijfhkpu,Movie,239105,0
03wxVlXdqCzRImWLTSF21U,6oWz2hJ89n9mKarg3SO9ou,Memories - with The Royal Philharmonic Orchestra,194306,0
03xWMkKEbeO4SnylA53ipj,1l0aFrH24oPrQSqGtfeFyE,"When Will My Life Begin? - From ""Tangled"" / Soundtrack Version",152333,0
03xaRPghMl4sRAuO0AR57G,07Ght6RYliCbCdKKbElmWK,El Poema y la Caja,231386,0
03yPqXVJIYC5qKoYTUbAp7,6SqDtq3R3bg4U1SwT6jOLy,The Eye of Truth,161538,0
03yWftlC0np4NshtX9RAUy,5gmYqZjyX50yWhiT31hUxJ,"Wildside - From ""Adventures in Babysitting""",187960,0
03ybzRUwX9zWK69fSAAROH,6VH2op0GKIl3WNTbZmmcmI,Whole Lotta Love - 29/6/69 Top Gear;Remaster,370733,0
03yib980AUBlXsJ8JJz54l,0YLgOv4Fi0UK3uKonJcdet,Sorceress,183814,0
03z7FA3hMpedfEXOnpZfsI,6SQWwNCTTPmS1DaXQNRDOy,Won't Stop Running,226706,0
03zVmf5qaIgOkiPpqsjP0w,0ZZI3LVdDTEz64AerlNAef,something soon,262373,0
03zjj8Ni3NQqInP6FQ25v2,4rJu3hBFAUqIAQOlSStJzO,Famous,198400,0
040bfxASXZ4RHrb5my05ZT,6lKrCQ7gXfj7f3pTKOGExM,Picbascassquiato,69187,0
041STHVCMt9AtrKYZAEyTi,5yauUuXppqUj2ulor38hvI,I Am Africa,141946,0
042RaY48TNY9aesv8fqYTf,5lnQLEUiVDkLbFJHXHQu9m,I Should Have Known,255733,0
042hLqldvqZaPNKiTW008v,0mHkdMpUiBAT77jd7swTIF,Back to You,186909,0
042vge6apfznZWHPOLIMZ9,4hMqqOHorCn79YxfBB9eNL,Wait,273908,0
042wd4CrF4WTAwiKs0F7Ve,5Bp1EX2ypdFnJ5IUyiRl8w,First World Problemz / Nobody Carez,350548,0
0433N69IselUcbs2fcRJKC,1NIRI1w0W0F9RKnxig6pIc,Angst : Two - from the Nissan Qashqai Movie,275933,0
043KYKFUZ3FRyMm9HDGzkU,7tIKqjL5USWo610gOz24Qa,Sensemina,296663,0
043MJ8zk9VQLvXXV01UbH6,0BX7ynMvK1f0zcswbSdsgq,Fairy Tail Theme,188000,0
043bfUkTydw0xJ5JjOT91w,4ljisoNarj0BpQSMIEv88L,Don't You Worry Child,403493,0
043f7kIHqTGBaOtN2tmZqB,3NI4iMcRuNFYE836xTG2aZ,Tropical Thunder healing Sounds of Mother Nature,360000,0
044kzoJSr0QCqmP7YWJVgL,6uti4rCskd79ei3rukTEm8,Jack the Ripper vs Hannibal Lecter,185454,0
044y2yHFmxCRnFpiZbuoOa,6oGXALVuSmMjwfXZeOCw7e,Perdiste,198333,0
0455myqKgrIkofngPOUhpK,6gWX1I0duVU5lxBUqvmsYz,Throw It Back (Instrumental),181511,0
046SDsDSJ78nJDNW2XFN4h,03r4vM6mYd77CNlcE0EXUw,Mil Caminos,257839,0
046mU05ZfQ383gXwRK8K72,6cfcdjtSR9ARnpnpwtEGaS,Fucking Fucked Up,50466,0
046r9OIF1bHuTeZoyk3b6r,1VANv2mWRaWMncF4Phkl0F,I Already Forgot Everything You Said,305359,0
0478mQXa11keCCdpWKEKgU,7lkScvsKOs3isiwn8bXFos,Long Time Gone,208240,0
047FzaHeN5Hgd1V0sDbZyv,2KvJcb4FSNenirSFsu6r1V,Bass for My Thoughts,415268,0
047OwQQwyVF6plMgNIV6vR,2FwUxt5jYvcQc3ZgZRaeEL,WTF (When Too Far),207657,0
047SuYNbH7qrjEO6RhzGKU,31m8zVCPQh0x1bJualI5qO,Me Empezo A Valer,154600,0
047fCsbO4NdmwCBn8pcUXl,6X1x82kppWZmDzlXXK3y3q,Marvins Room,347226,0
047ldsPPTLwCptebeTrIzb,1gTlg0IRm6oCpdf81m52te,Sweet Premium Wine,188946,0
04854nSxND0MaZwy1PQ3bs,6rkNFPxSGJTgl1dBjFC004,Do You Even?,193170,0
048DhsovcSSxmQUlNCCiJH,7Bb6rkwU4sc0XPfssMcMbV,In Awe of You,352575,0
048rIiP977BBiepIeLKaYA,4rJu3hBFAUqIAQOlSStJzO,Saviors of the World,226066,0
0495XdT8Vts83c6D62srGw,4SPHfSWibeoFCSdR4vd5QL,Bahara - Chill Version,244800,0
049KaGUjlibRJttF7XVjhF,1cEJjevoanT8DnuV4IsSzM,Delight - Short Edit,221916,0
049MMnSYqnfbUFyAZlq8SY,69ctY5wPad54fhQJDvuZEB,Bring Me Down - Vocal Mix,347997,0
049cvUPkF3QeN5l58Nd9BV,5pFtQFnWmGkQrcFlyA1H4V,Of Sheep and Swine,220750,0
049hT4kfymuYezj7COJxAQ,6fpKhXDlpWGwo6YHGQAF8k,Alchemy,217666,0
049wfFS3kAsdmGOH8ktYJ3,4g5NzMdGbeRjCDEJK4uwiu,Hablemos,184561,0
04A8bbdUo0wkesKOWSMztk,6Kssm2LosQ0WyLukFZkEG5,Fire Starter,204186,0
04AS0WvYHXlctDfKojeSsS,50lmuZTx1lNcNFjY2cr3HB,Ocean Deep,294612,0
04AXtvkiBxQ9ZQAJ8sBZBF,2Hd1HfX0cfU2n8yigDGat8,Cadillac,360066,0
04AYgtKFrpldRXe5y0LNGQ,3mwc5RiHDXgirCArUrt7HH,Ritual (feat. Wrabel),237472,0
04BF15u9oROd5LLFIDcOdU,30kLXHnSOPvv0yxOvBYo3i,This Ain't the Way,271745,0
04BSvYghzdxjSJNpee36er,5R7HaEiSyuBBPReEyfX39C,Monster - Transformers Soundtrack Version,200146,0
04BW36IXv5wlUClwdOkzUA,54dN5tEj9HX3WUwyHNIrQY,I Will Rise,287933,0
04BYk4QTUUWD1pc1Kl6KGw,2KwMBLrvM82Kxm18H5bxdw,Ya Lo Habia Vivido (feat. Gusi & Beto) - Vuelve en Primera Fila - Live Version,240120,0
04BcODyhCDTV7SBFeJHOXe,1PrqYZJRzGNf8AsSOraxnZ,Sweet As Whole,277546,0
04CdDGjAGNdmLBjJnw0kqI,4HhinqNembckw2pMoDWAZ4,If You Love These People,182506,0
04CqccF0CRt0M409GAExwx,0HedrVZF46qhiU0t0AwEY8,An Erisian Autumn,294520,0
04CttTezSnv71USiiG9mIo,4ywy3ahNM8FMH99Ueuf9ZA,Lighthouse - Andrelli Remix,218446,0
04CxdRXJQBdw4YwfdYuoCF,6jUadvmd8sF6uU4lF2E8Ho,Take Me As I Am,197053,0
04Cy9EVwlBwwoklGb4knOP,2VwM0gyT1tEpPMQXBpdfwm,Talk,187520,0
04DBoVWHI8nR09NqWddznX,5ROZxrTzbDchljspuslQv2,…Baby One More Time,141813,0
04DCTRWJPjW7vE0wAZwseB,4USlzWutiBdOn7QwrF8ev0,Stars & Galaxies,208629,0
04ECGtAFKdGE6tOzVAKo7U,4fZXOp8No89WLudGy6brXd,Let's Have A Kiki / Turkey Lurkey Time (Glee Cast Version) (feat. Sarah Jessica Parker),214866,0
04EDShdWyBr2aJPqjFjKAQ,5fjHiq9unc4EnABB8VyfVc,Misbehaving,228855,0
04EkY1xc5yYedjagb27ndZ,1e0Tqcfn0eqgFicrFFYNMl,Pagsuko,307013,0
04F1slSLfciNXAPZgdXtmW,7bXOViTvx6EHXuYFuI2yfj,Best Shot,173626,0
04F9ogoE7mShFurbvj9Y9U,2LokHqCckCXxxm2wLhhJSM,Where Did U Go,235812,0
04FdD1nYNw8tB9CD7aNp91,6WgxIWDCnLtIaDYHHsJCIh,Take Me To The Bottom,189973,0
04FfBJZBfU0UR5uqR4CJAD,0zV6u0B6tozejS9ol4rfca,Combat Mosh,279373,0
04G8syWNtbjgFSto01d7kd,1hIWkw4oviD5KkaMMJNoLd,Espresso Shot,212325,0
04GM7GU7v1RTgpopxFBu18,1L6Lx3xEDkUsW6OwXbxzeu,She's a Revolution,227470,0
04GSbfB9TU0uH32b3rZbLs,0hvQktrWrmT4V51FIQyMpA,麥恩莉,288360,0
04HYbU0XgrwWfQOak1FLr1,0OSYZ7EMRs14RPvwowd13F,Livin' in Sin,144586,0
04HenXWHfLUlsRsLPiBd0k,7BagySvnOa3RQONCo7oJbx,Texas Rain,211973,0
04HoOUWF0qk81g0m7lObeZ,6aDRCnCbuqY7NkerfUcyp7,Dreamer,263093,0
04IGL9xrDFZ2HHDf0rNfxR,643oZFUaO731jy4EcmICWi,Paint My Love - Acoustic Version; 2014 Remaster,230000,0
04IJWWnE3Aii7gsmmD1CwK,7I5kGHQnlakHH5OojEfRbw,Fest Hos Mig - Radio Edit,222955,0
04IpcDXPleA3v8XM4oB3kR,0Hzx5qahFYpoxFlNz0iHrK,Mindshift,366524,0
04J0z2CDhzlw1YfyaKlIFF,2lga269hb1nzTNI2YrC5IZ,The Sweetest Sin (Tep No Remix),258793,0
04JEvxmdGP93VzXekCxoJZ,7bYeeLp33ix2DiyM8f5It6,Oye,155213,0
04Jcc8kwlHR9XlmUxUgEKq,08Bdvah5BgcjmxWymrV9Bl,天下無雙,260706,0
04Jdmzb6gfuSZxGfAFc2NH,0gmsXcmrcnxdZBrD5EyJEL,It Comes Back To You,217400,0
04KJ4NGb2T22y26sTO41Q0,0UwpSCPnNPksM1meQJnBAF,Moment,279506,0
04KOKbLltnesz9zVDavtLq,5roeGujs5AMWZHsxu0z1lZ,Second Guess,207266,0
04KsMCb9PZE2S0AtUU8Jhb,5se7J0zVDdu3lH5dcw3ael,April Showers,275751,0
04L0p8GVp0O2OL8MXMjlsB,6uwfQz4ZsOX5VZ2cj8KmfX,Write Our Names,245466,0
04L6QVctO1p6rEiYh75yBo,21wMUhXhWLew2zsWQhlYEM,D.A.N.C.E,169040,0
04LAPXr5C6W4ufoCVxr5Bx,4bePJNQoFZ2FhPHgBPmvbv,Steppin' Out with My Baby (with Christina Aguilera),122226,0
04LHuPqOMSpnHFaziPq1qO,1L25xMsuDCuBcb0rJnggWr,Din tid kommer - Otto Knows Remix,286875,0
04LT2LwW5cMrIuq4Kvn1rM,0ShnVtpw8BRsf8vzHVQvas,Despacio (Prod. AC3),159973,0
04LsUHWpuMYh91dyCD7LNu,6Nrmlwyol8cvyHcBVhd7dM,I'm from Oklahoma,162977,0
04LxAkKoZd83WHB7ROzvoX,4hIIaKSEvDXs8tbd4SZf1u,Esa Es la Que Va,165799,0
04M1uzCIkhWy9usJrtEc2C,6JaAs0LDI0AyrZhhx3kRJz,Can't Get Away from Yourself,295125,0
04M3DsiMNyn8s5XQJrW5sL,2aaWMtuGxw17AZpKhZGdXQ,Cold Love,237493,0
04Me7GXTY03245nMR0YRGI,1C1wp0FcQRAU74VfkDWwSV,Fanfares And Flowers,190582,0
04MnLPpWdsoyFmuZzUHGnQ,0TfIxsu5PqsIXzGRmqm9kX,Goin Steady,192000,0
04Mr5jeXzPFnEQUPtPzRVP,0TT7gSYro7GSKZwUlPefBf,That Other Girl,182500,0
04NcPs5V6181I5hvUFY4Vp,4MyaABQub4NCb6r7vFWT7y,Sara Sara Saara Kathu,298848,0
04O44ubiHsmxax67XcZgCh,7E6ctLR5KdMHeM3Y83BbYw,We Follow,226316,0
04OwNcF5kB2dM6X43Z9g9t,4m8XN9CKqve1ExYBnNu5kt,Missing,207560,0
04OzTY1aR3ddOvyzHORSIh,5B9X7rNPTZyiLdPHvHWkbq,Guys Dont Like Me,172733,0
04PB5VsFr1xbAph2ppzD89,0rJTBlaSFLzkOFgFkbEO5j,Breather,220493,0
04Pc4kI4hS4C8oIFHFyXHB,42evhvi7BTgxduTP2G4lyM,Distant (feat. Bzkt),165818,0
04PlQmD52bJDdRsKEgG99I,6ed1a9UMAj76mV1NIj1gJ6,Quimica do Amor - Ao Vivo,197360,0
04PxH7CFGAaAvo6j0zZAOr,5fegOY9uPTICrzwwdfx9me,Brac,229407,0
04Pz67xTLt7UBafUQKzrs3,4sbOSN1tcN8i0ZG1ilDvNM,Guren [from Naruto Shippuuden],229780,0
04QKeqtQ1KCDHTXK6mNwqX,3mCFgW3TWFsRTD1Kc1yEtO,Not Alone,248173,0
04QWxRzLnJzXy9gYQKtl6f,0YHfbeTtt3LAaOgsbd3h6z,Deep Theta 7 Hz,321946,0
04QYNjGUwtJ3emEPCvjaJl,3jKITc4vEht1Bk6Km1cJKW,Las Vueltas de la Vida,246946,0
04R63LtwXGvm2OO5zyDa3h,3McJzWoX8PR6Y3rPWoLUMZ,"Saw It Coming (from the ""Ghostbusters"" Original Motion Picture Soundtrack) (feat. Jeremih)",209093,0
04RV7yZOP59Me1Q4NoelMx,2nEjg7MZVMmWJ3Biuw2k0g,Wild Heart,308000,0
04SaNxbEN3fysbISrIiYod,7rgBclppfeqswDB999oa6y,Stole the Show,245642,0
04SjhfpIKuLzsxCUYY838j,2VHXKpkQNthOvzq6TVEq3A,A Mover Ese Booty (feat. n-Yel),157347,0
04SsHWzDOGc4vozF5ewNZF,1pMGzQhiuZza2D7fspNkUi,El Sinaloense / La Vaquilla / El Palo Verde - En Vivo,421302,0
04THq9ESnlipU969vuvSJx,4Yf5LJfqpjgl1a4TBiCi07,Close Your Eyes,213106,0
04TdDL9q31EgSZ6hMsDrpb,5F2H95WOCUFd0WRNrYBesW,Champagne Life,322160,0
04TfSQMv5y5lVyCEdEaMHY,4vFEJY73cgVM9GrSzrm3po,Do It (High School Dropout),238456,0
04TvtzVrd7FufnY5KJLXzO,31ijpN3FryTPMy3RYdsjsw,Early Morning Coffee Cups,199853,0
04UHnyTynjTLw4uyO0GVlK,7j2vXAwozfXF6ZQ9L19YdK,Lovely Day,146146,0
04UTqRsNm7ozil6lXW05dB,0ofY6znb0csUQyTVv0eXPR,Always There When I Need You,243720,0
04UVqH7qE1vPhtuN9kud5E,57QGgDgbSf0Ij3QP41jF8D,Last Love Song,210960,0
04UVwAr6KCutpsLB4xX07n,4VQmvFXtedFUYt6gQ3drSc,Anoranzas: Versos a Mi Madre / Hojas de Calendario,276173,0
04VtzZ6KCEZLoEomgVR4ln,0dimpeFX6avE5XJYWvoHGw,So Damn Fast,284773,0
04WB3yqGPyRKrsPWNhrlI1,4JfG1qKkXQXB8yoty80vNC,Faculdade da Pinga,184480,0
04WQx5XWBaExK6vEP0gaO0,6Dfcz4LZeO2WsYiyJbynHg,Happy Birthday to You,62936,0
04XGikZ9fnfEaQwobrQmbA,7klN6mp4akAtXwwJms5Lcy,Be Thou My Vision,88000,0
04XYmCWsrPaPIb1juv6nQz,25R1taAF7pOKeLJgojKIpG,Cradle,145476,0
04Xdk7F9HgyHBcAwO7KE3F,3MfTllqbkiNWZuaxoenGhC,Sera Porque Te Amo,190564,0
04YCoK8SspDy9Gv52aUrz8,5fl6q7SKOuaO2tHXeTaZeV,Besame Mucho - Live,337546,0
04YObtYkElo3sNcr9hUe1w,78xdXx85GxYUezK9kGO3yd,Eyes Without a Face,286120,0
04YgriwmHLTTFvTbv3deyA,7gDU8W7H50vfNL4Dlw9MRt,Muchacha de los Ojos Tristes,225560,0
04Z2XuWzPw7z1M7oNk7pw4,3CGyycOFXeY4vEweqPanUc,I Was Made for Loving You,247000,0
04ZUQ7G8Aa0B7wvg12ypuw,6fUaNt0AzVbijjbk5IBoBA,Love of Your Life,246826,0
04Zd8p9whNyRQWuhX76CmL,5vI1UvJLIPAKf1kvzgPaTO,Gomenasai,208636,0
04ZzbJOLBEhaf8PVQuH96u,6bRMknojXPVfD1hCWUPB8V,Christ In Me,211600,0
04bMCNhvHbOgUiKQb0lWND,4geYndElJeGBAbihVPelZY,hours,163636,0
04bTkYXhpWoyvPI1jGK5JI,3VXTgHkhZWYz9qzIY1PXKD,Next Big Thing (Brock Lesnar),182842,0
04bqNCd6eN1qjldAG483qA,7bpzruCjMPalWSVVLwLHhQ,Nothing Comes to Nothing,193208,0
04c7miOQqGx8o9yMhOOx1f,3qanmly9I3vfv593JutFbB,Megamix - Extended Version,420386,0
04cAI1gdfstN3CyOJmWAJu,1RYBZgwSVD3211dmEI1PhD,Redeemed,174186,0
04cCYxaUC2LObYVTGlRYBX,0aqG3e2e7cqcYitynssLLU,Eastern Standard Time,163538,0
04clw2CZuvRzvV54g6Ua4L,0oDDkafimkfmBVssJF2X64,Bottle It Up - Acoustic Mixtape,160706,0
04colE4oJt50AHwFhrT57v,2ZkF6zANeekBDgwMFGLIlf,我的秘密 (MySecret),248486,0
04ctleCukrabm2kiv9QuQc,7iReNVXejUYIkrhZLCQN9T,Jetlag Jenny,186345,0
04cuyaLUTKspSKLyfcrCc1,6Iu8toVsvCc3I4INxYiVIy,No Drums,204266,0
04dG2ZfpqtQClzQLbh6STO,2fI8PsKYLPMt9Gv4NVrtjk,Ayoko Na Sana,203546,0
04e7R4lIAKPthXtQ2dsZjW,2h5LDCGJCWUyaoEXQZHky6,I Love You (feat. Chris Brown & Ty Dolla $ign),227746,0
04efbtT8ZGnboxb8KIzVmE,082BH67sSIDefLxUp8GgNm,More Than A Woman (Glee Cast Version),192920,0
04exsWMZ4wsNFIgppuL8T8,0vBxqUHwetFn5jCwAKX7Uk,Itch,204626,0
04f13iELcsYpY2yeLiAcfq,55uno9tUFr9N5Gq5Rnzfwd,El Amante (feat. Ozuna & Bad Bunny) - Remix,225520,0
04f7fQILKDgLE8aHbF73VO,12UVmt96lb4iU1awxRnoMB,Runnin Low,231273,0
04fYjbed1Q9DmGgDF6AtEV,6WlzaRoDShdgVgaqJRjyNH,Dancing Queen,219480,0
04fnzAJxtQZFVbn8N3XrQm,0xAT19PSU54ExVPjdt2kTI,Chapter 7 (feat. Ty),287320,0
04gk0AL1K1okgiAzBNwmfV,12Np842rdMCgCRfzOJZxiA,Without You,158881,0
04gk89Ml90KQwgI4Exn0xY,5PltkUc68UtX8ZOWRQV8Qw,Porz Goret,296480,0
04gsQiGof2SQdNzNrnJBMY,5iH1vmioHtV8EGOF9aIGBm,Balckbird,220225,0
04h8ffz907S09MTRMccI6d,5gRwx5vpeXUA75GmuqwByn,Cold Blooded,223093,0
04hXcVEHwt9FRxrbEBZkiX,4gYYnEN41doINCMXvAi9V8,My People,245146,0
04hZt915q6pqzxXuPsGG9z,10dFyMDp4bVDX5nqXJFdUk,Crazy World,236773,0
04i2uLdBAfCSYjQzZqspDa,0OVCvZW4YHPLZKRVEvd7Oa,Jungli Sher,186943,0
04i4SzFHSPsP1c6OQzuyOp,4WZt91NWvfkkJsesFbIhQk,Jurame,270506,0
04iBN2ttkQBfGLj6DYlhKF,2LkWHNNHgD6BRNeZI2SL1L,Beside You,220250,0
04iq3WCwkHZSRH4xHfxNgY,31CFF4SUTpGpcPoACFQ6K7,Again,216253,0
04jmrsQI3WUHaUTZ6sZ6eM,4NyunR1H9oTh53OTEktFBO,The Dream,103421,0
04jqhpf3oV06HtlmthfcZZ,324LXtvXAeKBeDIN1NkGuG,All Night,294211,0
04k5plYPTwmii4Su4081nN,5sKerX6ARm7GpNCggJ9z3t,Until Then,218173,0
04kQPbNW10V0GKiP1lfPU9,4Xo1PQX6kP7E4VJjcrwCuw,A La Vie A La Mort,214973,0
04kUx3ZqhMfJPF0bLJw1FO,1swTtBUXzaYRKMAPKukzwx,Como uma Onda - Ao Vivo,204213,0
04kacCDAgqqT3nuGbLt6r4,4oN3woSLFWiuf1tS3BmQRp,Parga'dan Beri (Ever Since Parga),139985,0
04ku0KAoZtLyeircAz5MeY,3HnNyOdm1T23RfhXl78CLt,USA,151772,0
04l6yHbxMQjmUt4wMuyfWE,2iJfdLwCiFOcVD6T42393M,Atlas: One,203032,0
04lSrPCYId76ftPqmKg53n,41GteJOSR9ItDaAltqpaGd,Even When You're Broken,209813,0
04ldhfKQYUZKBCg1TcdoAU,0kaULzpPe7UGxacdVaVtOJ,Closure,222108,0
04mAOoQNsXmDJlyupJwmkO,1SiSNGAf4CVJgF63NJyTw9,Waiting Room,393962,0
04mq28ok538qTCtlcApfs9,0KlFDQwKEwXt70Gdl0L8KE,Fastidiado De Lo Bien,189543,0
04nAGPiHLZtu8u4n4eS4uh,4oSEzHyFCgU9NP7TBWa2qj,Entertainment,208066,0
04nemEju86ULMJ1iy6EAsF,12dPqNFIdjiVFSHvtsDmzJ,Natural Disaster,210560,0
04nmPSC0Nt68vRb6XcjzJc,35UcF0fsrd9r3EJElSMG7Q,Black Cloud,221320,0
04pehLDX56sU40yBcdEbg8,0dIYBkNpcKisysENNEnNWh,Brush,275945,0
04pnOy580O0I2Htn3VT9b3,1S1OiMHdZpEZ0gOo8DTOo1,Love On Hold (feat. Tawatha Agee),187663,0
04ptRnX17bfLoQ7i4pZAKc,3CM7IAJoKnqx9rl70pq1xV,Summertime,204573,0
04pwvjEZN5qeQsfjz7F1Kl,2HQsmpOs5a2hyOcklWmnAV,Wonderful,230040,0
04qD1K73NlKL7dKE5lLJdO,7mkN6sP8t2aa9ReN8Ir1oR,"Two by Two - From ""Sofia the First""",129226,0
04qWdvB1jkdmkAE0XDRvvk,0cRTPyV93KGOtBUMGTfp2b,Done With That (Day One Remix) [The Usos],300769,0
04qqfjPWDqrg9q3HTToCfZ,2taCIMO9i00u0euzw9av9h,Wish,236366,0
04r3Q1qtj1y3kyOXJy7Gk3,2YK6DWg1bWnYmuS38MpZFU,Full Moon Through Clouds,299201,0
04rMosX7Wp0gVhUPcJEPQr,2Ak03lpgayoMATakQboxLn,Jumpin' Jack Flash,255986,0
04riTCK49m7KmAHVCdNoev,3NCEDmtJcN27K962nPBBmH,Dorado,198850,0
04t8KUfSfNae6iC2yxMzy4,0z3nweFUGrzH2UZ0pohPAn,Pump It Up (Freestyle),117746,0
04tj3gKVhgE883GQBgZlJi,2O1eye3JacqELubyVNzxfQ,Blutmond,204496,0
04ty6HwbPa50ZxzxrMdQQx,6JyOJ5Vc9qCxVRDIOyftm5,Mujer Paseada,168293,0
04u9U3bDD9dVZFDDI8v0ME,2t9TlsYchqDdr0n2TTF6s0,Paraiso,180653,0
04uGsEzXnvFxNtZzGzyuqn,2mUQFimneqNHEAh8TL0Jug,Jimi Baby - Live,369275,0
04ugzFDYcsvp9ssHo0L2QQ,4fZXOp8No89WLudGy6brXd,A Thousand Years (Glee Cast Version),306786,0
04uwJ9uQ9C3MhgwP9NACU9,6a65mffb2f87mujO74EA12,Fertilized,170040,0
04uzw4rZ5ziac3cQQZpySZ,66JBV8UizalidC3twuqK1z,Five Dollar Bill,148066,0
04w0DIF4bfFgnm6yLEtnrh,5kiSx7TJxFSJc4AwwFqJzz,Camaro Amarelo - Ao Vivo,189146,0
04wMxAODo0m0fWDJwk7ovy,412dGDG8nLUngf5yWgVUQ2,Movie Villain Medley,195684,0
04wTurGPiiCycX8meWvf6v,3nZrIskMQdaS5KWw45PIjd,Bendecido,218106,0
04wrnpT0QumuU3GPWbf0VV,1ivkZkfGqLU1Rf8E92hxwf,"Should I Stay Or Should I Go - From The TV Show ""Wicked City""",243653,0
04x6DpeFQ72efXsD0DmWPQ,2mfQMCY9GF34zQ8bqhIrmQ,明明就,260386,0
04yfprdwbPNibN8M6vE8NQ,1gWre6I0Dc8gn10rKCY0sJ,Hopa,183480,0
04z8Jp9dEXMwW7SkCYYwWh,4LOpELq9O4yc5EhgNlXMpa,Gifted,248800,0
04zTdcX84IbaTHZWqsuSpF,0q7SIixmiava8E6v9BO8xs,Breaking In (Ft MACTurnUp) - Bro Safari Remix,205073,0
04zjJ3DfROLfusux2ZwhHM,7yS1RMcw03GA0N4jbl2bgU,La Pongo Fina,192253,0
04zodNGYYLI7Q7DsFgQAql,6yClcORh3xiP9Gg1aqbvZ9,Guerra,334666,0
04ztwRi3PCiARDmoBUkn3U,0vNzoZ2y8HiQPXyhjxsZvA,One More Second,201600,0
04zxGiXcmNQ0m9oDXtwo18,0NvirtaDCaZU5PAW1O5FDE,Busted and Blue,277053,0
05014TXxT7UUAe3C7Vi5OL,60leTuSu35CCjcrpV2RHGQ,Deixa Acontecer - Ao Vivo,206666,0
050UuOQmyhJ470uVMpm6dM,6VB3iQvl5osGIQyaJv7vqm,Eclipse,217129,0
050hh6aTGgKMkoEvTMuwux,6o4STrKI7oQoWppn6Nkdp5,Fun,259493,0
050iNgNKEUrJboOnH4Jhm6,2R5PAxygJ4YeRuSwoalKam,Wild Child (with Grace Potter) (with Grace Potter),189800,0
051VzpEn17dLinnypLAUNG,0pBF3BXIBvjoSzoYXbwpji,Own It,254773,0
051rkBaYDt3Ls8zapH40xM,2lmXOunRvqqEEiJRVRzOOv,Infinito,197831,0
051urfGQsQOQXSbjIumG9v,76FXHQhTuT4QMIxfL09gX8,Gold (feat. Eighty4 Fly),252080,0
0526DaOuV7mRlPKxhMSJKw,7K6OykPbezfgKgBufihn6X,My Collection,255556,0
052G0hdELhqeH21QthbGvF,2tH1S9Q2RUcLrOizMy9I1K,All Smiles Over Here :),176499,0
052oCOM3iop09zYBpn5rGJ,43qobCIpLpsxshjc7PbAXb,My Beloved,224466,0
052qlLEH6ToEQfmSGK8YRQ,69uLe8PRldwEfGMpS0332j,Paint Me Black (feat. Mali Koa Hood),246760,0
052vSBPxqdmYRDlkSPiavc,5JpH5T1sCYnUyZD6TM0QaY,Cry Baby,239080,0
0536KlZHZbBfPlCCb7hxDA,3nFMhhRvntmafaNnxJqcYX,Te Fuiste de Aqui - En Vivo,226013,0
053ErGCGPpBtr5T9E32wDC,22CbLhGKCX4cWs8ajlo1bm,Where You Are,192173,0
053kZxouGV0zcP4f6YCsUU,6Wqbd052w2anRHu1yjRTPr,Haunted Nursery,136213,0
053tQJvHupZLhjUWMmHlQ1,37rI2gAtakAmSFtbIE9THq,Blame It on U,227298,0
053trmldheiFgDGCGgZ4WW,15gGqbI9XtUGoClVR33kmn,La Vita Com'e,233204,0
053yoApAqzVFYZQUcf60Zv,2iB2b6Vw1eOWJc4ZNQPLhW,In Awe,218133,0
054sQZ2qmw0Ya7N0XSxl3j,3wXGFboFgcK9ezbPuSrKk9,Smile Flower,232394,0
0554XmQ9GXKFe1yINHl0CQ,3qP35IG0eAuq1ENKqrNn8K,15 Minutes,213020,0
055qy9CPBFPD4PhC23cULi,544YLUAEKImL67ddh3NPz8,San Antone,209600,0
056E9aOuW3mlHZhSOU6geS,49sSFDKxt8QkvJpKYTEP0l,A Ultima Cerveja - Ao Vivo,203426,0
056WH5eZUYEjtJK5LzDMcJ,5oFhCtICV8D4Hh50FU32BG,P'ra Frente E Que E Lisboa,262987,0
056l0NdK5ZmSG9Z31QC8ii,3vnghXv0nvTINC9zLFFPnB,Linda,235838,0
056xcS5mhyny7dnDgndqjD,6FX3D3ksaiyM7YA8x91l9S,Vou Me Entregar (feat. Gusttavo Lima) - Ao Vivo,187733,0
05704F5Uk32MIb9tX5omWQ,2GFFxj8aR2XpwIMYanOPjh,All Gone (Aftermath),64440,0
057Tt2X3tVjt49e1XtoSnQ,3Hfzq8ppZoC0pkwTuEMF4g,Utopia,190190,0
057rAkaQRDyHvVeMn2TCw6,0kmIEXs6tj0gcHYBiZp7xx,Be Mine - Extended Mix,243824,0
0588kHJ34DF7ZvTyuo4Dnk,2O5841tkIKVcWFQTMHKJlw,"They Don't Love You No More (feat. Jay-Z, Meek Mill, Rick Ross & French Montana)",250546,0
058LWxwKky2YH6GlA7bOVw,40EDAH4pR1cabq0ebLrfD2,Irish Party In Third Class,217640,0
058T5UiAWu70uTAYDN67kY,7FRf2pzChLAhYLWL55hmlH,Find Yourself,376333,0
058bYtysQS0bnt7KtEnZsg,15egQXR5QFe5oyqH0U4rlE,Opal Waltz,223060,0
058tyWQSQ3CrXp1locpRdN,6FLtXL76cqZVn5f0L4vR84,His Mercy Is More,206040,0
058xJ3P9GObtmf10EpsRwm,4cARAECW98cS10AGV2CH8Z,Dreams Fall Hard,390686,0
058ylCuWsj0Q85LWviID7u,5ucGsqmWnXrx69gHS3ldOV,These Shadows,325333,0
059NVOghDOwrfO304aKYYj,5shBLuRyrPtZ4kH3seHPXi,Alive,266336,0
059Ym3Ib9pLNZkzanJPiSC,4c34VLWSkCUFTOfPCqAvfM,Dance With The Wolves,310969,0
05AXwekEtlEQtIShshh7aY,4XRo183q0BeXbtJx2d9VWI,Ounces Back,167080,0
05And5JRQJeIaMASE5D9Nj,7ifkO4gppMVf0HNy7JJDHn,4Peat,162213,0
05ApEAT889haImO4kMB6Z1,6yYY1YIGjTk8tPwyTIyx6c,Get Down Low (feat. Ohana Bam),207851,0
05BJQUM4bATKGFheqrC6CW,1bAQmWedFHr9gkf7iBlqAE,Coming Home,283793,0
05BRMmqApBaBjxQlxTeD7p,4AoyrrJxh8ArnS2X8Y06dJ,Lullaby Of The Crucified,287880,0
05BgC2247XGi8ySwBzOO0o,4q3SkZWPYJtKno1RbnrjL4,Heartbeat,209920,0
05BiVquekV6TGChaw1H0Kb,6b0ipkFRwnrtJniaMRXGUV,This Is Who We Are (ASOT 718) - Club Mix,134164,0
05BtN8RrrRQdmNnGTX9cHo,7cpdHFI1QRqKG9OmXJ0G9V,Evacuate the Dancefloor - Nightcore Edit,164707,0
05CCOTdasNBq1buAjKDhTl,7veGag0hiRIo5k2EZhtlJl,Cruda Ciudad Sucia,271255,0
05CE2mvaIBPMCHuCfzYIzs,2RRdk9dTPqgDdeEWRSflbg,"Baby, It's Cold Outside",178720,0
05CrK6Q5VGtfPDtyQFJ4Kf,2hc2nl6opteMmG3LCDVt0e,Sad Song (feat. Elena Coats),226330,0
05CtArkh6PiG3ENphh5qpG,7n2eaDnp87cvtj1910E8vP,When You Were Young,206000,0
05D1EBsM6yXdThNje9VWoh,3rgETN4XlGeTJaU4w1BfEO,Somos Ajenos,220133,0
05DDI0GbLFd0oAfWuSrI8y,14tuHLGkX1VUaPiteXdoVq,Vive Y Disfruta,189458,0
05DMXMZvPUrxCGdTuvnJlG,5s1szSS0a2V9biUld0YdNK,Si Me Dejas Ahora,288013,0
05DejmhRYCktQogzOVX1H9,4Nr8sEsN2h0xMbqJNsFbyJ,Let the Moonshine,209266,0
05DjGdZSV6nEeUkd78afBO,2w5KeioTKKUi2rLyH54WVD,If Only,204857,0
05E1O0BB7rJZ9WYV0ceXr3,6Wk4vPWEk0pULXuAZmwpRV,Dance...,177998,0
05EcX9f7aj858At27OLDLb,5dlc7AMvdxeW2jUl0Fe0L9,Baddabing Baddaboom,202573,0
05EvjHlCUgXSZ63pANGA8E,6MuoqipFgorIZEYwGWEFAU,Prends garde a ta langue,221320,0
05Ez6KwjICkscWQVTsT3f5,712VoD72K500yLhhgqCyVe,I Will Be Found (Lost At Sea),241346,0
05EzpG5riTDvvmrZJgcBPV,67J2dREufTeiWGalDC2GAf,Pheromones,156924,0
