artist_id,album_id
6kQB2RN7WwryMdJ1MoQh1E,75kQjmcR1YnIrBwVW1s4G1
5ZsFI1h6hIdQRw2ti0hz81,2kGUeTGnkLOYlinKRJe47G
2HPaUgqeutzr3jx5a9WyDV,2kGUeTGnkLOYlinKRJe47G
3qvcCP2J0fWi0m0uQDUf6r,4QianJs5Ls4mxwcT7gDBww
3pTE9iaJTkWns3mxpNQlJV,5oKWoolIuoWMG6AORvA9hL
2D0u6nyYzRpoDvJe6sOBXu,7pZ8G0wWw7PLiECRnoaUbi
6iDaoPZVgxrTkndDCisX8F,3NF642glRZZKf3Ng96eMfX
1aTDTChWWyiJH3SEnYrdVp,3NF642glRZZKf3Ng96eMfX
14zUHaJZo1mnYtn6IBRaRP,0vBFa64sBqdd26KKIj4SKZ
5ictveRyhWRs8Gt8Dvt1hS,2kPUTzKRpqY9mSPlHjL1OR
6dU7gPN2BhEPfO5QHLt7es,23aWOneOrCl1KBfDCo2pFy
2jnIB6XdLvnJUeNTy5A0J2,6z1qeT7vI9YUsCHqufGWJy
7cTBwZEDfYdYu1ti31AgPw,4Z9obWy8iCAkKg6BRDWobY
5FAAR1LqXQp0HbgVfQ8ZWE,3HZ0JZp7CyL6iRDcizTNYN
7a0G4CC3dZdKAAzVRnaRGu,6DfpAPQnvYJlkbzf1b2g8I
6MxlVTY6PmY8Nyn16fvxtb,0EI8YjnyrsrQPNKIDfCY2n
2Otnykd696YidQYfEGVmNq,5afHhk03AfHR76hfjRNobE
1bC9HOLVFlK72XkztZKI9i,5DBkVYMm2pO2JBmbadxp2E
7gbmX8SsfjEjxDMzBi1ZOL,5iK842b9xnZblgZkRxWCFe
4Rxn7Im3LGfyRkY2FlHhWi,5iK842b9xnZblgZkRxWCFe
11bdWrCwHE2gCdVARdASuu,5iK842b9xnZblgZkRxWCFe
137W8MRPWKqSmrBGDBFSop,6InzdcelNU3urf6CgnXCph
2LiWxiQzuD9nmWQ6NCA8Gd,6InzdcelNU3urf6CgnXCph
2lrtGWxNXWjd0JzDLKXubI,6InzdcelNU3urf6CgnXCph
4cnFw4bkIWVGKUBsr93OS5,3BKFrChX5Exd28VX3Yq4Kb
6HZr7Fs2VfV1PYHIwo8Ylc,3oJKuFPVZTSeNc8G4UYV4L
09kCHZp9iFO2FJNb9lR6G5,0k5SdnRApLIsknnO0M0rwH
5MKHjGZGjZ7mZV0JPs9iot,0k5SdnRApLIsknnO0M0rwH
5xxkw4ElO0WX3v4i1W5kAQ,3MksslTJffj1jqxGkQt8Tm
0VuyN0xzSqykiDB2MxihTe,1fbioXhoT5kdGQ3qjTki8J
5nlQijI9hZ50keRqmLVov1,1JsfL0KkGgJYWFUaL7zrES
5bSfBBCxY8QAk4Pifveisz,2pPGfPv8AKkeFyTtgHTOUr
2SdOKxC1sSxEyv8JYERaNe,1dvidQe99PmEDSW91azSTw
4yTuL3DV58ipi2dn3up6ny,0wxVA1pnbkGHqkWjh4DLFx
7pFeBzX627ff0VnN6bxPR4,0cHT4ll3sEPyFFWoFuibMl
1AL2GKpmRrKXkYIcASuRFa,508PwdK7nipXn6CL20PWkb
7vo2Hl0NDiBr6GcyGDSLFZ,32t5s4ID49x47XgNOHvYqX
1TJbmc7jTpw78GKCiMpvDh,2x4uV7cAjgVzCeGaAh9HLB
1qDjgJp4309K5Luv08G0gz,452XImtJriuoKzyophR0yv
4zKNSiS1LD7OT0z3hTqRE8,1z50aUk8ypdjqTzqxuQ0ig
0eHQ9o50hj6ZDNBt6Ys1sD,317PLw31Js7O9lndUXuMFC
4JzSg7hCVUpBkkp7puEz31,317PLw31Js7O9lndUXuMFC
6eLpNMX3ZygSrUuxAlIWIx,4mWCzSBfHnpKRU3vsqhEJc
24eQxPRLv3UMwEIo6mawVW,6L06e2Inbj1eG9gj4ZH9Xz
2jLNoI1JBkPjnIa0qCWLVa,24GcpkD2HA5328PXxFP5w9
2dkbKcHXhN7ooFBdqAV76G,4xRPxUWQPF9BbwlodMnhh6
5HFkc3t0HYETL4JeEbDB1v,1MSxQKpaZ2nPubMVQi9V3N
20sxb77xiYeusSH8cVdatc,1OXyss0RptjKiapSKNewku
0A7g2YbCA9FlyZvAG6VmKP,1OXyss0RptjKiapSKNewku
67RHRuSjSkZEqk4BOlg1mz,1OXyss0RptjKiapSKNewku
6N4HlHINMvoTyAL0yhBUCk,5mgVRRHjtl9fSY3rUHysJx
1elUiq4X7pxej6FRlrEzjM,6nE1C92IIZQBnlYLxObRHW
7x8nK0m0cP2ksQf0mjWdPS,2GIrLP0PWskhZAJaHQtDux
0QWrMNukfcVOmgEU0FEDyD,4yVaTn71IU28NA0Et4bRED
3E1183KUB3zNns8aU66tQT,5KjCwts0bB77KWXXdbeWDH
2jku7tDXc6XoB6MO2hFuqg,7FbbHGEqovOBqxZBsbxFqX
6wAdcWMCHvamfged5FsKBD,4GBIKJqX9pDtBh4CJ5PMyD
5aubywQASFk4xdR0fVTxFR,4WlD2i4Eb75fNj9VukkEB8
7rDHusYGKfhI7ZNIGeUibU,4WlD2i4Eb75fNj9VukkEB8
1KP6TWI40m7p3QBTU6u2xo,2Y81I8p6wKD13rSgp9aujA
6liAMWkVf5LH7YR9yfFy1Y,7ofIuqyYYYTu1MbgDJgef4
26T3LtbuGT1Fu9m0eRq5X3,4EK8gtQfdVsmDTji7gBFlz
6sUbCA1obWzdoJ1FM3I9Ks,6ahNh15MTKTZb2IQJMnqBy
11gWrKZMBsGQWmobv3oNfW,6ahNh15MTKTZb2IQJMnqBy
3t7UqWteBBmHXkcVhMSyay,2xQu1nr9mQ8vkHNpC1sx6J
69BUYvpG9MbjCyIZfsFdhJ,2xQu1nr9mQ8vkHNpC1sx6J
4Va55p3P2P96lIgzntievo,630KUw0TTGpapAuDFBF30z
5deK5HnwbEKvge2svL0i0B,630KUw0TTGpapAuDFBF30z
33xmh99C0KxDvzaPjR178o,630KUw0TTGpapAuDFBF30z
5zzrJD2jXrE9dZ1AklRFcL,5Bf2kyJHabjNchfF73IGiH
6eTEMo2irgozfqcK4dEUeE,2fVLDKLQMLzqKKjlzVkAuf
3yfWUSGy6eKYNr7hOeJ52Y,1x69uilYROlB9Swzq6KpmB
70gP6Ry4Uo0Yx6uzPIdaiJ,0djZBLLoZgWveXvSGQ6AHI
7z8fkGpUDt6eb6fyysRTH9,2WxtrbQxuEQkUVkcezBzdl
7vAi1lm9yxFrqh15TrhxcH,2WxtrbQxuEQkUVkcezBzdl
1Ars2RdXFbmt04pZ5g2RNr,2WxtrbQxuEQkUVkcezBzdl
0lNg9YtW8USxeZZnEqz3RQ,5jSA9rGAa107RdAWPzM3jM
0Iw7lK17jWp0l7vi66ranh,3PjbRRS8U0Y6FYHCFyOHWQ
4aXXDj9aZnlshx7mzj3W1N,6pZj4nvx6lV3ulIK3BSjvs
26AHtbjWKiwYzsoGoUZq53,12dPqNFIdjiVFSHvtsDmzJ
6HFxqZ6WaTb7TQUhNsK25o,6FPsDyF7sUzTJMBelezZIp
3bYxu7iTj7n1GALcaEwYkx,3ffZoNdCyrZWY9jlpCS7wz
43tAs3kRWvyu1B7eZOv2pp,6zxguuGxV6KZLKPTNYyEfR
2D38buglrcCl9TMZ45tkh1,4ziM2uBQerVHZYnvVFFnoS
0OltT51j3hIkgaDJqqPzDn,2FFMtf8Log72Ow5A3ExNv5
5K4W6rqBFWDnAN6FQUkS6x,31dBitfDGugqFHLKrUT3rt
18HVMQsV3tINaTyzT5UIjH,31dBitfDGugqFHLKrUT3rt
4ULO7IGI3M2bo0Ap7B9h8a,31dBitfDGugqFHLKrUT3rt
0SCbttzoZTnLFebDYmAWCm,6WlzaRoDShdgVgaqJRjyNH
3CGuwWgoCYSO5Z72H5G2Ec,7a0OYjzocK1VwE8Mj5QKoG
4BYxqVkZyFjtik7crYLg5Q,4yYep1aU3lXRaONTWu2X23
3SgHzT552wy2W8pNLaLk24,5SuiUBJmzzlOZqj3rogcja
1pSefalk3Yw0CblqfLvy05,5SuiUBJmzzlOZqj3rogcja
25x6MD0spNNS7z93Sat30K,0OK4Ou6xS2mMJvrnWgbCEJ
2ZRrPOjBIWoKK5rHedLijj,2oUWSHubOyXXSFN7gzLlkq
1eKIYOevfXDbtnLe5saz94,3Agn1GrWYPQMVqiES3P9JU
6XyY86QOPPrYVGvF9ch6wz,4XHIjbhjRmqWlosjj5rqSI
6LqNN22kT3074XbTVUrhzX,7E56IANYZex5WABvAeYRIB
6rcE30MaP92XafelMNZ2Sq,7E56IANYZex5WABvAeYRIB
1Tsag5J854qxeOo2apszug,7EAVX7J3DRvhbMiKjgtgvB
5v3TYN6Mmi5vxV2uSOfXot,03DdDRx3oSubYvIO1xjwcX
6ik9bjjFeSdO1cue8p2V7G,03DdDRx3oSubYvIO1xjwcX
3YCKuqpv9nCsIhJ2v8SMix,5Fei3OXDpZtPrsjwt6CDYx
7rdiGVXL2fFyONexHzfKFS,238NQAxbtkQF1QaiMfcRSE
5pbzj8JGUpUCMHESd1yHFv,2tzeqjhFeng6SK5PTBupAp
0TnOYISbd1XYRBk9myaseg,4rG0MhkU6UojACJxkMHIXB
0AJ9YvsEOnAqMB9Q15TfYQ,4rG0MhkU6UojACJxkMHIXB
5zuopBYKiJaChp2XlYxtB8,5VHide40URoPoaMJ5Ou0vK
0Yb0T3wUUNiIvHjqnfkbuH,1kzbFZiILCf520UCCPOhvz
2NoJ7NuNs9nyj8Thoh1kbu,1kzbFZiILCf520UCCPOhvz
2U5mF0PZqGu6glnz55yY0y,6GkdhbqD0GxO1YMan6eK2b
3xbpJdoJDLAfYn3ZeLlukg,6GkdhbqD0GxO1YMan6eK2b
4BNWanhw4AjSXjBm9L1Jzy,42xeQBQTfAau2KaHa8lZIb
7GkhznErka8OWEHJS05Dpd,0DZPvNS2UafM6bBPMm3QEX
0SCbttzoZTnLFebDYmAWCm,0rtUOSV8E9HYz3ra24h0Cs
1l9d7B8W0IHy3LqWsxP2SH,2R2Cwe4kI8b2WObXZ90wOC
1QNEVFk8MjculKl5977kfy,2H4MixFpi9BQdQqtozfovm
0cGUm45nv7Z6M6qdXYQGTX,4OoNqHBpbgDoqtN3u1IdiC
0ONHkAv9pCAFxb0zJwDNTy,4OoNqHBpbgDoqtN3u1IdiC
2ifvIECHAlEgPMBuBOJ0lG,7IACcKsPaMrCJjwsZLjoJ3
7a0G4CC3dZdKAAzVRnaRGu,0EdEKtBeCcks1flcXuPxIZ
6XFITTl7cFTdopDY3lUdlY,2U8jmta2FRGB1bUMQ7u9jj
77GVmrLGuxNEvj2ibvT62v,2U8jmta2FRGB1bUMQ7u9jj
3jGlU8UMMo44I2xeLQ6FD3,2U8jmta2FRGB1bUMQ7u9jj
2OHKEe204spO7G7NcbeO2o,2U8jmta2FRGB1bUMQ7u9jj
65PHKFCs7HHGUXdOlqHwvK,2U8jmta2FRGB1bUMQ7u9jj
06cd30Cv9US973Ika84gDw,4k1dyTXNzSE7nBGftoMH4b
1AIrEsIWKWiJJ6lfkLmtWK,7z9ssIzOlJAos2yUnTh899
7iymigONRODGl6XJIprcuF,5D4btFygTiN8Ya0foisiIM
2BhSSiFfl7HHN969F0uEa6,5D4btFygTiN8Ya0foisiIM
00sR4i1EQSQrNjSVJkeqYl,3MGWUbdvqgbu10ShuQuHzd
5olcgTzelGdyP1rHRLyWgs,0AR9k9xuONdHSUjKaxGct5
1cA379ILgR07m7XQVXyP6Q,0AR9k9xuONdHSUjKaxGct5
5syyAQTWJ2BaLtjOKE99MK,0oK1glMIKcHmAsDzhnxNpO
2McLd7klWE4UjkPLqqMwLv,3I0cpYYDICQOjRI6oipMge
1URnnhqYAYcrqrcwql10ft,1HSyuTHvLXMWyPJQGnQTLw
1CF8aEN939swnuIZGFI7Hk,4aWdr0Nnt2wRcqD9OaIDtz
0WO1Yn4pcC30HOKLD68JKm,5roeGujs5AMWZHsxu0z1lZ
6l3HvQ5sa6mXTsMTB19rO5,1yZC8xZwv4gsmCZ4p4JWdI
3NH8t45zOTqzlZgBvZRjvB,5GFHFEASZeJF0gyWuDDjGE
278ZYwGhdK6QTzE3MFePnP,2p1voQHdNSdy596VRDtdji
68h2f0WXn4zEctSgNYozXx,6VeVzV7vR3UGZOJcnozYzR
0K2WIX8cdlV9jpIvse7vxs,6nT32ncY3G3k03Xx8fdzFk
2gRP1Ezbtj3qrERnd0XasU,0MPMiyavAbARflBlNGjIA6
0SCbttzoZTnLFebDYmAWCm,4fZXOp8No89WLudGy6brXd
4UpdjtYWiLUuaFT18TefcK,4O4tlQX1aDjudqgHFBaRqS
7HooMDZWSlS5FmEzJKrHix,0eMON1tw3jFdtlIFA1MWkW
4jaTFsCTmYIMLy645JIemX,0eMON1tw3jFdtlIFA1MWkW
3kklzjWziqW7RX5jQjsRnb,0eMON1tw3jFdtlIFA1MWkW
6XXPLVj62lsUtiyDZvTXKz,0YsuObPPJFmMScTr6UH6F0
3lHXm91pKLq9Sxi6CoRKWu,6vP3MQSD5duKIhv1Q1b6NM
39rKElzF7q6K4O2flycSEc,1Kbd7hJJipnio37279Oclz
61if35zz1W11GejEkxTLEQ,38er9gISOMI0uQW90und0K
29aw5YCdIw2FEXYyAJZI8l,38er9gISOMI0uQW90und0K
5YeT9gYVH3yHYwKPmUdmJK,38er9gISOMI0uQW90und0K
6sqqGHyJ1Dnt1qKKe9iGAi,3OQONOxy6x3pmChYfg0heS
4oEWPXhZkFvFOJhaWZSLBx,3OQONOxy6x3pmChYfg0heS
3f5fB1YUbkUnW7cf7I0R48,3PKLZ6s9c6anUOmNTJbmnK
5qisLjDrKoHMI9zOK2hfzs,6lr1FKQjhbXOxzGOB9BPso
3gz8sBWqcMQ0qsrZIoVphx,6lr1FKQjhbXOxzGOB9BPso
4EfDnNKz2dl0KND2oQB3Cc,6lr1FKQjhbXOxzGOB9BPso
1R4SZjsnu91VWf5BhkKdH0,55giSYDPLHVdEu6YA6PERj
4LbK7Z2FZbXlk60XtDZlUs,6Btf5qRQjRvQKPGFUAstvg
4JCHmi2aI31AP3VsVKE2ks,1907F3tAFEAdpsQIgAYNzJ
096an3uS6ZaK2XySae6SqP,7nQdWTt5kiJUrIuWToAEhy
0W8xe7IqAPlnBRMUpWOUuJ,14Q6NvjUSthc0Xgb5EgtQd
5NlA3ayVBDY3uDCCEZ1dID,7t35JHjhNRPMZ3eZHuDeba
2bxxlINUlcMQQb39K7IopR,1DDrkcadagSRpaqQDKVf2O
4Ly0KABsxlx4fNj63zJTrF,2BEVr9m3tAWLnjCT8DkUH6
3tPpoDdowDWluwWsKdxhY7,1641fgZDiBN7e5yRuNmQ6M
3MXwHgXTLymeCniKY1H3aM,1Bo3QIkCyr0AErUw4BHl1h
7HMkkJU8KMSMpEZ1RA8gvK,3rgqNhTgwBROjLHhIzeq35
12zOzTSaujBrC0wvlNSFwt,138KhEzlJAoHKpSedlDC8A
1lQO7ePBTp5yOfVK9hicoJ,5HNyHXa6z20pWDod3JyLXo
1CFCsEqKrCyvAFKOATQHiW,5DPZqC3ySZkJClCvZlIq6K
3Ig1cmnFAUxpTEYVjTRkLo,0jfS1hSeYXgAhKPbRSe3UI
20JZFwl6HVl6yg8a4H3ZqK,5S0nsfYhHa1uz10V4yoWSL
3TOqt5oJwL9BE2NG9MEwDa,23Kf2cl3kz7pFNKhl4iMp9
1NU9Em6e8dDo36Js6nEo3t,4SZCV3d0kgIEnLatUoY0Jj
1e6dQzOjEh1eHhme10gUjm,3AhqN3WcKmO27acMgjLIse
7HWFXU9pHBj0u58yoRwwOJ,4Jh3PDPicP3QwWpktQS7Yh
1U1el3k54VvEUzo3ybLPlM,6f5gAJpM85TE6aQ81h46T5
6TQj5BFPooTa08A7pk8AQ1,0hHoUwwrXL79lSEcRy82vO
5he5w2lnU9x7JFhnwcekXX,0hHoUwwrXL79lSEcRy82vO
5fMUXHkw8R8eOP2RNVYEZX,0hHoUwwrXL79lSEcRy82vO
1uNFoZAHBGtllmzznpCI3s,0hHoUwwrXL79lSEcRy82vO
1HxJeLhIuegM3KgvPn8sTa,0hHoUwwrXL79lSEcRy82vO
7slfeZO9LsJbWgpkIoXBUJ,375cUd86z58eqXN2yW3Do9
3IzFiozYX6N0Qoz0drX8w8,375cUd86z58eqXN2yW3Do9
1KCSPY1glIKqW2TotWuXOR,4nka5RtqtC17gwfl4bjFs8
5NNlkZBrBpOJ7C11JwVxIj,1vtmvP6HpYWljDR2vplT3b
3hXDMlrPegHRO0zUvBsRSI,46C0FxiHJ5whkGbCRqtkhR
7hAolICGSgXJuM6DUpK5rp,46C0FxiHJ5whkGbCRqtkhR
6JL8zeS1NmiOftqZTRgdTz,0CL4Zsk4SKMXvLQKa41BOv
5he5w2lnU9x7JFhnwcekXX,7rf1qZJ6hGSlPN7K9ShsVV
4boI7bJtmB1L3b1cuL75Zr,5sG9v1V0gjNbQQiXkYKWe0
62huveC2Mmi9nfW0ySqNwo,0F2bhCbSbjdWW8UYJuonwQ
4pVaQcaBqbvk0ucB4r65e3,6pZj4nvx6lV3ulIK3BSjvs
2KjAo6wVc9d2WcxdxSArpV,0yTb8Dx1eVe0pO8N8cAEjA
6JmzdIDSQdeHg0pocIascm,0yTb8Dx1eVe0pO8N8cAEjA
4fN32efNcPfJXVJ151noby,481L9QkG0QiHGYBkDzqqsz
3xNhaqwvNIAP57dWgMTP1d,3wZCydFnWWZhm5osBdul0s
4qFxP3qN9GsnZDOkAE6x2m,7xconhHQKj7Be4P2KvUmFz
5JjRET5uKA0tHD0u9CWTPI,4PNP7ZIyQbAGvZCxb0UUKS
26JloX1vHxGGrGUVeMItFJ,60tzyfHtJFQxHBS4So4t8J
6Yv6OBXD6ZQakEljaGaDAk,15EU4ZbtuJ6inaJ22eIgsR
6kQWPGBItT0oMCHZy3M9DN,3TumIACV4GijQrW1sSUqax
6aaMZ3fcfLv4tEbmY7bjRM,6JF49ixyHmOgS0Rsda2k42
31uyAcnY0kjjKKIQZMKX4i,4Z1BFX1oBckY8bhGEWMYmi
4KNOiPBf2TU49V5OzzfRzh,00Qd4Edo3V93cw1XVW7w0a
18Hn7zwdTocIZ0V8wvI0BN,4LugYm5uqTDMMRcBIaLmk4
2BHswvFd8tMBizVWGcAMLm,0w1Dc9DMcJ8Qon4n3wv1wu
2ZpL63qTWuZvlCiDAJewPA,0w1Dc9DMcJ8Qon4n3wv1wu
14RkTXnwrf6D09TfPWcR5C,6oMmXUdZ9gO71JRzLaozEg
2ST5XwWB4uXGKk2NXP8DUI,6zhjig78tafXcTTZmjO752
46SHBwWsqBkxI7EeeBEQG7,5Y3yGPqEZkTOCYNPQfzBae
3wRGr9z5I5xmmVc21fIvC6,330b5MZdlUJcPOkei9G4KM
65Hl3kqIp39UAQcG4FgSHN,1CJfIUEL6uQpb65gtf2S4r
67OIf7vgqZq9qFuDqmCFyI,6ihcqLTsLBYoDIZa3GYWIT
070kGpqtESdDsLb3gdMIyx,7I6ulIzRMJ8Bmz5rFBAvpA
3DK8L6LNTwmg5l3KfzgcRx,3E6oI3wPP1zoAdlZKd4XV1
2WImpqiHxgOKw0sXNOGtWl,3Hxm4wa8a3E9PgDOrFbIVO
2gPLG9mGaU67woC5L0luYA,6mueTLPXfvXjl61ymHHwY8
0SynfeDjp6cRbduvtjry7n,6SVh07Vs5797CLKJi2V7GV
6kw9NLPmn9FdQq0gAIx0Bj,3ndNRADRjVwE5PSt7rHDCr
7a3g8JUF8iipgP1BCEsm4I,5McOkriDdgEIOCuVRCZj5Y
0JC4o7RAl3GNs1MbThyuoD,19OgQG7EqDdFfjPktRfmrJ
15koaMpbi0sIFsjkWf9IgU,7wkXM76ufK3LkyTZe4og3K
2fqeW1UtOlUpnobQYoRt5s,4ogRUCkV0T7cUpqVo23tdl
0Rq2hV3S3O4JMWbL2B510w,1cAH6swM8Y4K9tb7IufAWf
4K6blSRoklNdpw4mzLxwfn,0LVMI64BPt0IRrDd1XuWkG
3CckGnXzzJ9GARII95dDek,07wltijiEhx6hNp2MBxXIx
19HgKsSbdKYlYmitK3Y8uP,38Ctq7b4mWnAeB1kzv8RRi
0YG3fiiee6tHuimu1klAMg,3L6MNK8g8qJD99P6nyTgFI
3utZ2yeQk0Z3BCOBWP7Vlu,4E7RXXUaKpkquRTcVUvdAg
4W3fa7tiXGVXl3KilbACqt,2GFFxj8aR2XpwIMYanOPjh
1XpVrDPWfcwfoiibRjyBvc,3Od3V0cItGMoU4F1z708Kz
2FwDTncULUnmANIh7qKa5z,0jJ7mMkCkTe7p9EJgSRxgi
0EeQBlQJFiAfJeVN2vT9s0,1xXd5qaAVRSFOTS9MarI8x
1grD3RkZNEVH9vgPUxhIDS,1xXd5qaAVRSFOTS9MarI8x
1LKo6ZA3RNvKtLa6zDu32S,1MZfu40bPBKw1HzXGyGoMX
0r0R5nIjDY04TfxRM10Bcb,3ruxxNJfKwSeghjqG6JL3y
57JVa2arbT41WF9qmi7C5E,0LRiNBRKWlEcjo7v1Jqrqy
1wsQgjVFDdvI9TMaW3Pde9,0LRiNBRKWlEcjo7v1Jqrqy
6dCz3spfpIvqqqsIoP6wXi,6yALf97g5ssJkYmNXmr2nP
6QtJ6BVdj43aDpgjnVp2tY,4sdSnaf5mEJNY4E4MhiJd3
3qdu3XhzSzkRhbwdFKnSuw,4sdSnaf5mEJNY4E4MhiJd3
2UwDJeoMqYers5Jmm75zm2,4sdSnaf5mEJNY4E4MhiJd3
4doI7TR51c6DTaveTwpIkg,2dVf3FNLJqsMCA4ePrTuH5
5riS4sDqcjVAwvC37jxTP0,2ybC8wJprmJBBbZHJtzGJr
2Sqr0DXoaYABbjBo9HaMkM,627ukPRwYxyBREHxBq0vGJ
6pdcQa7by8IKuoVXvgknlI,6RBelqaaCNgju5bBcrCgL4
2RHXvm6gGpbDIsksQXJ1vk,4b1DzrFBADJR0vBQDAb31a
0vMGGYcvLOnwg7t4kl33BA,4b1DzrFBADJR0vBQDAb31a
5xuNBZoM7z1Vv8IQ6uM0p6,03B7yRw8C4i7Vuxxjy8RJw
4EVSOMkocOlqAZ9ujkGrQR,4eZL2PZL6UiFWrj6JAVTLJ
3GbUWWI1rMwAIPbUVPvnPA,01gL0htCaJtIH0yLHXlOZk
5vngPClqofybhPERIqQMYd,2tJoaDnwr0xWHD4OriSNtB
1wDDq31Nz0yzwObGFUfsp1,3gfTj1Dq87IiiyPOviWepH
1yMeHVfw0TgGxBVwmQaZr3,5DffkNIj1x6iyv68I4SHZZ
5aptPwTkTKmlPx6csmNJLA,6397JRE7OBuGKj95VW4x3A
3ssUeoVViu1S2RGl1hLmUh,7pMZdJ7PdJUG18pNLZkWg5
5697sWl951kKEnsCXGZarM,4qC2Pa4OqHVRpAgsGtx3C3
6e2u9HgI4qz8Dzr7WBM3o1,0baCV1ycOZAUna4N7tgVNF
1nlI6sCz1fw135KYwweoCk,4MFQ4cQbhnT13OIpDlLtCS
0vIM6xovGnCeWUNYR42Zsk,1ylysR6fqyNNJmuuyCIf5C
0XJ5RIvhlOL0harjI9jZvX,0Dvdd8C1sQ7g9wDsNJ0bWM
5i0O6tyJDlb7ADVL0W7eeT,5JImxehtOINJnpAEIVGbJi
3Aa7VtaDW1lJWX7NBGask8,4r2Ilq5eSSqRc2vCuIKhqf
21O7WwRkik43ErKppxDKJq,0dE86L3lCP52MRnPjUOTtf
19k8AgwwTSxeaxkOuCQEJs,0dE86L3lCP52MRnPjUOTtf
0OTY72l7CC7ynKzp6N2o5b,7LFFQrgPPbPzS6Q61Y3o4F
6NTzEgUmN1PIBIYEHhf1kS,54pBp6QcdpNiYS1yyauiq8
6TKKVFCBfak1kInOPl7hCz,438AFMs8tB78Ozhgl271oE
331m5tLxS4H6mBbwO9hCXY,438AFMs8tB78Ozhgl271oE
4jHWpUyRI2rzJVimtasEBF,438AFMs8tB78Ozhgl271oE
66Fb5gJ9SX2WGlqDLUpjux,438AFMs8tB78Ozhgl271oE
74ZHOTPP0eWWe9kLt8jHbP,438AFMs8tB78Ozhgl271oE
3cOArBO8veh1HWlpC3SQa3,438AFMs8tB78Ozhgl271oE
6dEtLwgmSI0hmfwTSjy8cw,4OlBdxJk11pocUhQgea29k
5bOsFzuJ6QZMr86ezC4oXY,2xBl7O1jFtgvpTjGmaCWrl
4vS7q827Cq5pDYCXqVjpsD,1O5yVcAI0FSlvGmRma3HRn
0VzfZ6oTUwavynHoN4Uuxf,0QekZvOLUvdbQpgwHEi10K
7wtD7lCYoQJKvNcQYWhNXn,0QekZvOLUvdbQpgwHEi10K
5hGLn3qpiqeiVutwFCgEbI,0QekZvOLUvdbQpgwHEi10K
41X1TR6hrK8Q2ZCpp2EqCz,2I3VsdqjeA0kfH5n3Hmluy
6RpuyfgMkG8lr9QD5tM8tu,2I3VsdqjeA0kfH5n3Hmluy
7aE9KUqEEWrasYryOkJG7O,76Q9lpHE2vxtyCSrvyaI1a
1Wt63OMKtv6v2ivHuQLm2C,5df6wkyFKg4dhAVjp6EDfx
0wr85NuJuAYZsRzP1lJgiV,5df6wkyFKg4dhAVjp6EDfx
2A0ufAqi6d5dcg7bV1B9ey,3fx0uSwugGOVBKjzAi1Akz
3sz499SWVWLPlXBbmiZvNs,5rppItHQQrcpGrGZ9WkGTn
1RyvyyTE3xzB2ZywiAwp0i,0N8ZuxurFs5C4fsC1z7wRK
55Aa2cqylxrFIXC767Z865,0N8ZuxurFs5C4fsC1z7wRK
2YZyLoL8N0Wb9xBt1NhZWg,0N8ZuxurFs5C4fsC1z7wRK
0NWbwDZY1VkRqFafuQm6wk,0N8ZuxurFs5C4fsC1z7wRK
0AuDQR88HtZsQXLnbq007R,22XlTgyhVbZZPzPLmrBS87
6ZyV955Ypf3JAKInn1a0dt,1rfmcUZ1RuSOja3WgTSvWU
7lqaPghwYv2mE9baz5XQmL,2Vq0Y8wgiZRYtZ1mQ7zOMG
6dROiL44pIQZVNZ6Bc0OJO,33TGRUxbbrWJpy1JF6jwkK
1LBGR7XDjLl6koGwUthUEs,3ZVd3NRBCMZojG8NnLaDYn
3CneYb5exy4KOtvCCrozDD,7lZs5r4oQV2nutddffLrg0
5CMP1ienEyXqs6NkMOZHrw,6965Xyu4KF6qH1tWivfWWH
3MUGWsOTNoR1OmZjgdQS3H,4nLlRgyqjrPZ03ncQy9E3O
0Y5tJX1MQlPlqiwlOH1tJY,42WVQWuf1teDysXiOupIZt
3FUY2gzHeIiaesXtOAdB7A,4NTdUxS1Zb6eQNF8qZlXmK
7vCtweS8UVAXTyau2j0rDT,4VRIpRxvAMvewEHzy2GCtc
5szdY7KaSi7epwyffrbV8c,1NRL1bvYepbDkrao0zax15
5vfEaoOBcK0Lzr07WN8KaK,3zwsH959hsbzTH5tUOXnex
4f44GWlEQdXaWl8gQ9sPBC,3zwsH959hsbzTH5tUOXnex
1uXHYeD8JQjkaIGvEARs4D,1mWCAdn4pHhjEHl9yVY796
0CDUUM6KNRvgBFYIbWxJwV,1MuenT1cvvI0YCs3hsJDBE
2EFkigEczkUGF0PWTBX8IR,0TyIuRUSHgj0JLsMeosAZl
0w32WixD69mKW0O6bYwRCt,0FtHgMc1DxDAhfxlJXlFI2
0WG7v7wcDK5ZsUHjnZo9E6,0FtHgMc1DxDAhfxlJXlFI2
4uGB0nZ5d1iCXS3sHR3pzm,1cUoe6ue8VjCrGbYiBLOP3
5Gm4XviPByh3OTMI2tuzF7,3sNdlMfnm2T4HR1XJm58I0
0KWcq2E8ejxp78jdfpCd4K,010cogYVCU9Fu3jrDAJ6WO
0AunegKKH2ys98aLxq8G1A,010cogYVCU9Fu3jrDAJ6WO
0DRf6JJDQnRnz0Yp209CmH,5Jp5SxdlZ0nyFtj1YEms0p
2nBYkTeSTO2e4B6m3HBEAi,5Jp5SxdlZ0nyFtj1YEms0p
7c0XG5cIJTrrAgEC3ULPiq,0AoPcGhCHaz9K96DoJoKlu
7HkdQ0gt53LP4zmHsL0nap,0AoPcGhCHaz9K96DoJoKlu
6yHM0XQEdu9sIlbILMaKBp,25uC3BzETi50E1xFm05JcK
59xljcfdN2Z9VX2U5RFKEa,21KrsFEPYoXmJRIj0UNtnq
2OIJq28O1lXrZ2x3NGSk8P,6JLS96rMyyFzQTlpNuRV51
7x86PNyfIjdo5UwXmXcU2h,6JLS96rMyyFzQTlpNuRV51
6ROpkOxyzXCMzyaoI1kEXx,59cfAwh9YmVdC5jHJQc4yC
3nDNDLcZuSto4k9u4AbcLB,6Ttnb4f8aPy7ytDJqV10FT
2tRsMl4eGxwoNabM08Dm4I,6fJqp1I3UMz2DzCGSJpmrS
6pF4Vo8b7eTWNV7LDkUKXp,6hS7HOlKbFa91PB2aYsNzY
6HV1Jdg2FAn1QMSl7lPl2l,5LAynix4OVi4mnkEf3Kj7T
3yJnBqAoRUNeDabdYoiYWD,3l5PdpQHvUOXlq1w9PftPu
7lG0rnlJCoi2nfVFRpSEye,4eKcERinzmkm5m0QoyPbph
1ZilzPhvZhYUCSGczNRlyt,11wsRyg0EtBSfAVSrw8jvw
0rWuEmTI7yoSjjN6TT1Pkg,4auE3dgMJmfaMBsWUQ0hnS
67hb7towEyKvt5Z8Bx306c,1olQuvonXXUEourYrj6daN
3RMHexittaAZkf8zukkZB8,60xPMD97KJfh5x6KBbHYs9
0HYbyzzhI44iTHvYnf1nOs,60xPMD97KJfh5x6KBbHYs9
33bzrYoIWLx5uox3y0VtHn,5JblYQTb7RXHoqP9JQZK6L
3YBIrJozn8fop4UYIt7wcV,0I6Bl1dVB1hQsSoQF6KuTg
0uWNGisbRTdz6E5O3V3Sc8,1jamkW0fDJFlcF1wyAejsW
4z6yrDz5GfKXkeQZjOaZdq,3eDeKvz2ZHosFGIWzV7beh
5M9Bb4adKAgrOFOhc05Y50,1PfEXmG8ioEwsj7qDaCQXc
7IgzsWd4tWIn70uh6dAq8d,5t6JANuspt8XBIFDlbZYYq
1c84wItoiAe1pEbpJMqUmQ,5eoOfLW71UCbeNNNzA9Pcm
7oHJbmt1VAj16Tm6nJpSqr,1bNyo0wjihTTBvkrMz3doQ
5G9kmDLg3OeUyj8KVBLzbu,5wpLXPi0E9LnjdmlPp34M5
0UQ0RWEEfYZYDzbACuhIhM,3QBQCycojhOJLYlHhaCgVm
6PUZZX4GCzeFS0GaDWxVwz,6GU6PmAOKYRsYVJTMlcjJr
7wxIOUfiitxXo8IWJ1O7IR,3aj4Tn2zV1RL2M4YPBkRmM
0Ism1B2cF9NxpXAwdUCkxK,0PcGLp9I02wkK8us1qxAz7
0Rb6PZXrcxvzixAwZwFmMu,0PcGLp9I02wkK8us1qxAz7
2qNrJcE9LjzPdiXbrjkqFa,2P7cQEwYCME7UZbHj2ud8o
5ZS223C6JyBfXasXxrRqOk,7CAAClnSiXdMibPT1oyl4k
3gBGBZz7YrFW3wQ0WUiDES,21wNeEaw7iFxDzvhHXEzcI
50nN8IFD4xA67fI4jYbLV4,5AF0uxDdW2IKi3r8jqVgmq
26T3LtbuGT1Fu9m0eRq5X3,0nW0w37lrQ87k7PLZvC4qJ
1kTBhbobT38Dg6tfbHPK91,0E7WDCvQ7MYR8CbVKSl0r7
3jckUr0xBez0v4mFhLRjjG,7u7AwfQwKB48dwEE9Tj6Ft
5Uw3hCC51pNjdsD2MOs72K,06uu7YWT822ghZbDOG3wuW
5r1aidBjuLfrJ68JQAPEBm,680w1GzAre2QubsW7KDni8
1nEmAvnOKMBYCziZQNb5B4,1xnaoUqRiTA9580nxMKTxD
2S5hlvw4CMtMGswFtfdK15,3Rz6kF8eGqrDOEteo5YsBj
4AGwPDdh1y8hochNzHy5HC,60IQtcqUr3POV61wSh1W2G
380fnmlGnkyueBMqGWx2k5,60IQtcqUr3POV61wSh1W2G
4w0X9CxVeoMeDucb4QT6Zl,60IQtcqUr3POV61wSh1W2G
7iWiAD5LLKyiox2grgfmUT,3q3DB4fElKDIDE2bXTLFlb
1S2ap9GFCRr2F8JlSzEieK,6qGneMa56MnPHVARssZqXs
0xpJGyjbEzkWSNfcf2tcMl,4MYLm8Uxayy4UyqFHPHfBB
2OUgs5INWK2UEvZ6amWiJr,2tDBFZ0M5cmmUyweIsOc8d
2YWOP324cKGfkTo2PydgJR,2tDBFZ0M5cmmUyweIsOc8d
25fqWEebq6PoiGQIHIrdtv,5H0yFEG5FT0tccZRSdNvVU
0yF5IqIHlPDti2mfZtHe3K,34dgJQwkHxUC75UIf6uovx
61Im27379GhfbMD5LVDmlp,34dgJQwkHxUC75UIf6uovx
2AZOALDIBORfbzKTuliwdJ,79S9eRBE4zhXybavIRwAv0
1t2caVgyabZrVDAlmMGraV,2fI8PsKYLPMt9Gv4NVrtjk
4KSIIR6dY7MPuq5WRWfS56,3FlECovcp05TrA0Hs9zpug
1d3xhh3It3A2T8u1EGkkKH,3pSeHrM0nMGkLYScQgaJdj
4nGp682WMiKS4X217kPw8C,36zJTya3TD3IX06lWmQIrF
45HXIkMqrQerbaPuw6FgKD,2RNvr92S3rufXeAYnHr8qY
0Onvkz1Nbs4wHXXUwOIGk8,2RNvr92S3rufXeAYnHr8qY
1B62oENW0VGjnBBUvwkYtX,6ZCkrINGQhmMlK6ibFQnvw
1gUi2utSbJLNPddYENJAp4,6ZCkrINGQhmMlK6ibFQnvw
432R46LaYsJZV2Gmc4jUV5,2KPhpTUihx9KRWRwBtpTeJ
4PRfc0tn0HR0GhzWHHckLt,7wTfJAiEXjKzh5NCG8OCoI
5q8HGNo0BjLWaTAhRtbwxa,3yWeEEaC5xs7FgzwRgjm1p
4fW1uloIAdN45rVwGUfWt8,2wGH0a52lXF1C26ZxQ7F2R
2hIvOHaLTl9XCyCbNPwYzT,6d5DkpOtxu5FyXsqJ8aRVj
7CwiLiC1S8B69RMPxbDb6S,2ATnlNdhTGBHX9SYn3UoL0
56P8qdYp640M24wkk9eTfc,0xbbsauKysPCTQDd38P2CW
6WbraLjTivIDkDtxnWAoIl,0EEujvb6ISZ0Gr8Tq4zCJp
21E3waRsmPlU7jZsS13rcj,6MGvEl6OdTKKAbmBFjxOKQ
4OBJLual30L7gRl5UkeRcT,6MGvEl6OdTKKAbmBFjxOKQ
5P57GCRyvU7ln5GwNXU8ku,1Tr1KkQi902R047il7vFUd
7nqOGRxlXj7N2JYbgNEjYH,3wXGFboFgcK9ezbPuSrKk9
5ISjkNS17JpCwiFtW80lpV,6w8Hg9eUPIcEZFyQcaMv56
4sTcgUXJRSvSQHei3ZQUBR,1XBTiJCFR4XFvymIUlnkKE
1n2pb9Tsfe4SwAjmUac6YT,5gsWgFeHRxRkIXGXWPiOIW
5GT7Nc4Wlknl70p2cONZWp,4ChkiIHEDdGkzQrhtsQXEb
2C6i0I5RiGzDKN9IAF8reh,5VL90afs1EsezktD44XMIN
7x8nK0m0cP2ksQf0mjWdPS,5FoxaIGIRuXsbhZhwdfknU
1Cs0zKBU1kc0i8ypK3B9ai,7bpWEp24oHgUs08ImjakfU
3nUbzTTtP2w4HqvT5y5vkV,159cL7XcdoUldPCCy6JlfB
7hJcb9fa4alzcOq3EaNPoG,0iV0wwjlM61uX6qbatoUxb
3P1ULKxhVEpywj0hogWT44,0iV0wwjlM61uX6qbatoUxb
0Y5tJX1MQlPlqiwlOH1tJY,4k8OFHeiAlbAZZfNQwGc1n
0YinUQ50QDB7ZxSCLyQ40k,4k8OFHeiAlbAZZfNQwGc1n
2lolQgalUvZDfp5vvVtTYV,5ktAYFq8wJ1hcWHaxl6AQf
6Q192DXotxtaysaqNPy5yR,5ktAYFq8wJ1hcWHaxl6AQf
105iYV1T7lf8Rysxo0KzfD,57Hqmz2tIvke4mWmJaXU80
3hyEbRtp617pNCuuQjyOmc,7syMmofF2t1xI0RFCtrSG9
74KM79TiuVKeVCqs8QtB0B,7syMmofF2t1xI0RFCtrSG9
6tbLPxj1uQ6vsRQZI2YFCT,3u8UbYIIZkOtawXLDuu57l
0JDkhL4rjiPNEp92jAgJnS,0OY480YYBT6oEuTQbxR3kK
25THA9HUHoxpCT4LBp7UsZ,3A4mYFF7YY2mZsucLHdEzr
3HrbmsYpKjWH1lzhad7alj,3A4mYFF7YY2mZsucLHdEzr
11NwV46MotnomZqyYxE2uY,3A4mYFF7YY2mZsucLHdEzr
08X5fKnU2tkjH4IeLnl8vt,3A4mYFF7YY2mZsucLHdEzr
4bPiOPI4V99cepEftvBYak,6BmzjJPjWBVfTwbKMFdTUs
3zU1hJLF2O4pt5c3if4lQF,5EA6zk0kC9aAd6WDZNhf62
0Dp5uzlISYu38jwPXsGPqF,46tFpXz9wNooNqL3gnvLLI
6JL8zeS1NmiOftqZTRgdTz,7m2Gzfu5nMgHTiMbNDwPr7
7as5DY4Rz9jac9tgoTrj9H,4b1xXlme2q5EeIZXK9JHUp
2c3PFZtun8HemDbDfRPV6G,4b1xXlme2q5EeIZXK9JHUp
3qQgY6bwLUYIkxPWTaafHR,75jW2vL0IQJRlCtnuxx5PL
0K05TDnN7xPwIHDOwD2YYs,4jZOIs53nuzokTJnyo7bu7
3kVUvbeRdcrqQ3oHk5hPdx,3oylWMc9TTC6Nx4I6U3axc
6xrCU6zdcSTsG2hLrojpmI,2pLC40gyEsQljWWBV3zA1T
6N1Kaz3CvRa9VLll5ahk9T,2pLC40gyEsQljWWBV3zA1T
2n2ZWyoCn0jr3I5rhDoFAw,2pLC40gyEsQljWWBV3zA1T
4XqrB5A4uW4ssMMWaVU4Wp,2UgN7kRBkFvaKSsXH1noCh
2Tg0aF5cbZktYFzgR1iAKv,74ce7TvmnTieNsiQyZIHv5
1hcdI2N1023RvSwLzTtdsp,0s9tY7YgGKtTxBuWPiJFFj
0r8toju2ecKaVtItkzAnNi,56auT6DJUtUPDmUR7zTSHe
19I4tYiChJoxEO5EuviXpz,48SrarUhE6csdPsGbTAgEl
4PPoI9LuYeFX8V674Z1R6l,4geCevoFyJ8TvKJdNfSIRb
6MxlVTY6PmY8Nyn16fvxtb,24Nm4WqbpFrtAsgE5Ba3ab
7jgZFR40bWjwOrRCOZFB02,24Nm4WqbpFrtAsgE5Ba3ab
7y3HnWCFEvWj4KM9GFSkiX,5kFTIMTuYcGh6daKFDHuaH
5PbpKlxQE0Ktl5lcNABoFf,4cARAECW98cS10AGV2CH8Z
4LAz9VRX8Nat9kvIzgkg2v,6NySuONTKK6mtLG0nF80Jr
27w1NoOLMX7tJMYqcetPyG,6NySuONTKK6mtLG0nF80Jr
1vSN1fsvrzpbttOYGsliDr,5Sdmly0VRVw0wIow5eMHAW
2tppd6KkhK4ULAd217Ecq1,53OWyAdaw1ih71BuVlqWRB
7oPftvlwr6VrsViSDV7fJY,1t9rzuEEFVHPdqRYzsaWC8
3rD5VdnivBz2ItTlnJ3r2K,2U2PILdwl2fi8COk6qX6E7
5rJVTTK0ucAxQhkUc0nXbH,6glHUYWR8paVp72N7xmBci
3JhNCzhSMTxs9WLGJJxWOY,76FXHQhTuT4QMIxfL09gX8
5BcAKTbp20cv7tC5VqPFoC,76FXHQhTuT4QMIxfL09gX8
5Z2NUZiY3FA00HKu5WTMhA,76FXHQhTuT4QMIxfL09gX8
73BDzWqbf1grbgQ8xYn2ou,2UpwKRTXhJVXvjZgK1h7RY
6ewMqjrF31lC8ywRsvm073,2RZjnYKPbq206UdEbtTjJp
0RmQkIqqDYOobCkiWcSvsY,4k8z58Kusk0HPlDVdcn6Xv
354bn1gKNGwig4UD80Lytn,4k8z58Kusk0HPlDVdcn6Xv
3EiLUeyEcA6fbRPSHkG5kb,4TxYVUplaWuhJrVmW1O5Zt
12vb80Km0Ew53ABfJOepVz,4TxYVUplaWuhJrVmW1O5Zt
1r4hJ1h58CWwUQe3MxPuau,4TxYVUplaWuhJrVmW1O5Zt
4SsVbpTthjScTS7U2hmr1X,4TxYVUplaWuhJrVmW1O5Zt
4q3ewBCX7sLwd24euuV69X,4TxYVUplaWuhJrVmW1O5Zt
3xvaSlT4xsyk6lY1ESOspO,6notdj85QIGeqR1zKqT3Oh
7bp2lSdh12wcA8LyB1srfJ,6notdj85QIGeqR1zKqT3Oh
2vKiJjsgjgqIECUyYeIVvO,3v34omJB3cIoQ68kdOKIII
1URnnhqYAYcrqrcwql10ft,4PUFxNR729saTb49K0pQBK
3t58jfUhoMLYVO14XaUFLA,6wqTI8qqCvvDaczdTFHylC
28ExwzUQsvgJooOI0X1mr3,6JF49ixyHmOgS0Rsda2k42
5IcR3N7QB1j6KBL8eImZ8m,6JF49ixyHmOgS0Rsda2k42
3lb6eJ0loEnughnoNfHXSR,1afvfA3n5tSr99HOXyffl6
28j8lBWDdDSHSSt5oPlsX2,6Xhb46t8f3z8FkuXQAj4UV
2uMWUtg8XLpJxNSqbGOkl1,1VGmEADYXBzJ8J269nR6qK
40wE5c0s5AtxRwWXoPzBg6,4mPo1YkLytNQdFAl4fNaHV
5vBSrE1xujD2FXYRarbAXc,09mWpzpUOSjjvK2iNqEIYn
5fYK1OY4UV4jOzphj0pokE,0HfXGOwYy1JiU0V5UJNSbm
7dGJo4pcD2V6oG8kP0tJRR,6DN7GcZF1HywzrkGN6Eeqk
2FsZnS8gQ8jG1HGnPYNlm9,6DN7GcZF1HywzrkGN6Eeqk
6MYKRhEIKscR8qdGlvpk9y,6Y8YXaZoHUrtkjLMDUc0Wj
6qValgleME8pv861DLzupQ,6Y8YXaZoHUrtkjLMDUc0Wj
6ZK2nrW8aCTg8Bid7I7N10,1nnenAgIzIipcodyg879Vx
2t0wLTcIYFtfsQU0erDjpZ,1W9c669YOTvdVNkp2I5uCr
0AAUWYwZqrnuwkjMCO5OX7,0JOEEeYmHjGbwPObkSBSXH
0nmQIMXWTXfhgOBdNzhGOs,5EvkkgB0ifBfqn5i9LNre9
5lwmRuXgjX8xIwlnauTZIP,1AKN4ZhJ3pdKQXCS4CNQRT
1gvmVN1i1F9MCzRW2ycCYN,3A7BsFCUvqRqp0X3uD0CX2
25pTusc0JzQ8ccENrKcOt8,184q45IyX6tKbTNL5zPAwN
6CWTBjOJK75cTE8Xv8u1kj,5lXgrzp3xcFdYCQXtsS6dG
1qKLikeNYpQFSsDAjg7HpI,4TvFPjsTOKR8jZkcO9PXLy
7q1aEytv83jXNECmyaMhgn,4waze5VNGmC0IQ3nMgl36R
2RKcy8YT2w2QYn0D7TjiIi,4waze5VNGmC0IQ3nMgl36R
3Fobin2AT6OcrkLNsACzt4,0A9H0uAwdTCWNofsksO2fX
09NYzWfQlunWS3XBZFaDEC,4DwLXVB5zeO75k8HlTFhB6
3EN8pUGJtYWutzf2fUxrDH,4r9dBrrwjdwkZntgnji8Rq
43sZBwHjahUvgbx1WNIkIz,6mOXPtswKccKSx5dYmCXAc
5W5bDNCqJ1jbCgTxDD0Cb3,3chopONx6vQ8Ky4q5xqtbR
6kACVPfCOnqzgfEF5ryl0x,3chopONx6vQ8Ky4q5xqtbR
7wCjDgV6nqBsHguQXPAaIM,3chopONx6vQ8Ky4q5xqtbR
0vYQRW5LIDeYQOccTviQNX,3chopONx6vQ8Ky4q5xqtbR
6e7QpHYqEiyJGiM98IysLa,3chopONx6vQ8Ky4q5xqtbR
21TinSsF5ytwsfdyz5VSVS,1tkQta2NWqpU3v5JMnwc4y
5mocQZIZJJsA389LmLpCkk,1TIMPsHk76na9Cst58abP7
0SpUOAVh9SJwJ7GNRPXqsI,1TIMPsHk76na9Cst58abP7
2339FZ7b9LMtb292UiNMiV,4dJ1Z5ZBRm1ZbKjIEsOQZr
6tcOJ8DRI6oaFcXgYBCnRc,7K5tfkdeToVwZaEnEv2atb
5W0jSDb5Woe76iOsi3YuIW,0Cymwa426TUFrAFXrnFihA
5W9IQJnGvBYP8VOChmSpU6,0QudobQ7BxwPjicypSo6JM
6YlGm6QDrC3TOknYcHjt62,5CyypeOKTQJsDHXSuRvv47
7ik758oYwkKmQtbZtAdOOm,4yIQQzoOrlE0vaH4i5nwOa
0n94vC3S9c3mb2HyNAOcjg,0EFitK3T7hqin7iGMbpltM
30bcJH5kuHVu6RZckrZfFJ,4ai377DNpe0SuMo5qQcKK5
6icQOAFXDZKsumw3YXyusw,6upTR3RFKR7K20OnHRXDkL
4eNW2w49yCMLXeOwAOWF9b,79XjqMCEOc1VJzgQCipw5F
1kDGbuxWknIKx4FlgWxiSp,0vBxqUHwetFn5jCwAKX7Uk
2tYkM0s5coDOukk8PB4Yw3,2CaMka7yjnxRY4KYlTsk4v
7rlMZAZYtRkjFg4HHhvYeC,7avQrMgx6JDi4gT1KM15zt
2d3VHzlOEwXvmBdS4pzOPL,3bLOts2ifuewi6XZ3xS8WF
5FsfZj0Mp6YwEWytuJUcWt,2LmtQ9lQwaV9D1xRUL80fG
0s1ec6aPpRZ4DCj15w1EFg,4EHO6nIhB0OCyOY2vQ8yqX
2xOp0rCDPAmYqnL2UFbaDY,4EHO6nIhB0OCyOY2vQ8yqX
7o96HO2zrujyATtVsqGhh3,1L9bZ4yd93BVYT3HNR6bMd
3fHjwMnkM9ov8CozqkYxWY,6fXNBfGXNT6dtmFKLN3iaI
4I9OMViKXQAt6sMuGWwSAI,1OGV2VsLrQcJLV2guHtshz
46hYfC7ROSU1sxGMK0pKXf,07zkB4oes2xRdMNWiPdSFZ
2Q1d40J0u4IWGg4oZNPBZ7,3BOmognWH0yJ2V3Iku6xlh
69GGH3fqk8waBkpDJ5C2mK,2sMfr7gUZ1qkY8yNC7dBdj
2DLlb2Se6eF0mMTYffyAcn,5q6v8oWwur6S6JBZrM6JF2
72rsQfzxNVLPpbzQzXVJSc,3gioCmiIcOvqNRWBpMYrr5
3KV3p5EY4AvKxOlhGHORLg,3gioCmiIcOvqNRWBpMYrr5
6sCbFbEjbYepqswM1vWjjs,3gioCmiIcOvqNRWBpMYrr5
4Y8TTjTn6nOmrSvmpb6ISX,0us0wYhTbayCO1CLaY6RSv
7In8YZ3XHuwSNUTEyIO0HA,5wmTd5OdRC7NSPldED3V9r
49zZ2lRNpfwWfUnASUxCYW,1fZREzDZ1jAuPUHHHhH6dN
2hTFYVduEywDC8zUUUVbUE,7mQm3FkDm1MqrZq8jRvvbF
7eFa5ZzDWxhQK2WKIBF6AF,6xjzTdoumUFx2TdxIx8FHG
718COspgdWOnwOFpJHRZHS,1lhNch5NkOONvFhRPh8qaj
5r9uIJCoquVtEkCkvcn8Ez,60wfLADp7JtBrWvDrDlJM0
5gTVJRQmuS88nOhhdHqErL,4JlnpWBZ02nhIV3yfnF3Ny
2DTw633fgdoxrqv7uPdcCw,4JlnpWBZ02nhIV3yfnF3Ny
7sqqd0D9gAGYojKY5E1wtY,758dFjOmZ2dwslg94y4nD7
1xFn1xod58AGaSZjrxdiXA,7xSWQZdRZcqq78lN2bAlXW
244uLu9lkdw39BJwlul3k8,7ksle1gFTICo9rKw14dvC5
6VD4UEUPvtsemqD3mmTqCR,1J6b7W1nSHH7BObK8zIoEY
484sZUYmnRXN84zmk3GY1n,5ckt4gstaOg1VlCqyLtrLT
0ihsJ5Ifilsay6RHJLqNJA,3I2hQ3clUWCr3q6n1u6rIl
5GyUtaUuEnR7uhRF3jDj4s,0bxwH4IfXTXYmpiC2rIfFA
0tLaqkKW7K6tc3QF9SM0M8,2xSppFiPUTWqZ9cdF6CQnY
3bftc5j1AgTLzDrycR3PLb,5RF7p2E3uuMhGxBm6Qj65K
0MfC3pip8rY8OFLJVVNvBO,40Qj07HvYUNUgL1r2iq4xc
2f50lwdTtShldrc5JrA5fU,6tR4OP2sLkYlUgdaz1y9bW
4pZP9h88S6SavTpTKH0ist,7wyDZ870M3f8kIcWdeEzmi
5CE7PcyVcEKMSuQA4IHF7d,24xH6aou2of5sYqDhMjkZL
5mZC7ndY6oGMxJentRwsuV,5FGYd2lKYeFHpybmNsa4q7
1kNQXvepPjaPgUfeDAF2h6,48weSvWTs8IQAaUUl3Db8r
1jH3GuQCPI87UrS0hcScHr,2s8yPyvpGdijNJGME9oSzi
2MSlGNpwXDScUdspOK6TS7,5m3ObpihQKh30swBFTIDmn
7An4yvF7hDYDolN4m5zKBp,0HUncweJW3LTO0YOvOEX4a
1VuDXcZRFMb2Kcv04m9Wj3,1gmqwXoklK4dL9vIJ727hn
6L5kgEyFIlckHbMdRM2KXQ,5hNY9GQIaQR7MOelvlY0qu
5JG9GISYjRLQUJMH2C6iJ5,7z6hmY6bZQqua2RfhU0RWh
2wqF6dCN8bQp7TN0eNDSsc,6zHD8lzUL0SE19xaR0lyzN
2gJudBgAFdkmKegrBl0yT6,6zHD8lzUL0SE19xaR0lyzN
0gadJ2b9A4SKsB1RFkBb66,2sGDQ4EeMBzUf7r21JyrNV
2ApGJ6o1AkNPjkFrnJQLKM,6jZstKLY9qrlUuysH3auRc
1jhHz7U7P0iRYVxfDj496N,5DkvhcjQTj3TnUBBXKwSQi
6vWDO969PvNqNYHIOW5v0m,2UJwKSBUz6rtW4QLK74kQu
3vKLYtQWaKROinvDkuK9wW,7dkdpDDWp0dCDkGxfdNykk
68DWke2VjdDmA75aJX5C57,2mDyf8UWqMGUWRsWVVXDqd
3qYiG2OKLj2WAKQVdIbigB,5vyzWF239SMChLFJXOMshW
2ydZrTy8U3kOMOzx20s3dg,6Wleak7A98DpzviDaqYrEX
0EqkKYDK9EkKY5N7zU3FPv,7bFm2hWgVI3djWqJGXvvjq
5kSJMVPcTITrSZxTrHllVN,7bFm2hWgVI3djWqJGXvvjq
6eChRUoyiCUCrUbwbT9Jq3,3X2HGevGe98BMxseRRnJBZ
6v8MdMs2ByHLXUdWonWFPK,6tLK4Qq9vZPMeczOkN8n4a
7q1aEytv83jXNECmyaMhgn,1c46EPnRi9wrhdUUIJTgxT
1pcufq5QrAZE0kBRQS65DM,66JmbbLZuArxyL1FE7u5hf
3jwlPv4dziZosl1qZ44ylz,1xFxl3l2TR1gYA4lmjOior
1GxkXlMwML1oSg5eLPiAz3,4Yf5LJfqpjgl1a4TBiCi07
3hYtANQYrE6pd2PbtEyTIy,1HxDN8Ws2vMplMUiYu6Kxb
0PrhwIWbqYFYyY2ZrkIWgI,6wJLXbJ645hpoAyAQBJveG
0nwid3SFCGyXxnllTHzHPd,5qt0Nnif8wnMMWJKxreAaV
0nzlpCz0u1dkUThGP0zPC6,5qt0Nnif8wnMMWJKxreAaV
3DtHAw4MrjXhVFotN5n8fZ,2oPxv0oJskRa7oJtQGVsUS
2mxe0TnaNL039ysAj51xPQ,0dpeqKCpdTmHnAmBmn5E98
1OpHMC7Qo3lY1sVYaTUQrG,1cH2rhdhL0eb8PFlqRRP2a
4Z5eM7HLu4b0LAKrywoWR2,75Nc2FvrYrzu7UY4yNjX1O
3f5VCwd57gZsqMad28jyLV,1st1nLzI6XNEZOy0iIyx38
714osTgzZrkyf3SGjggpfY,46nKDUcNFmBL8ASwFH3P94
6SKEuFZYhaTytrhtJjgnO2,7EjMuPUN4ywuRfNNYPLalt
6rJ1GwtHin2BJbKLuNn9pi,6KwuXeYjkDgY4nBTjjQ5u1
6LeQCEIxUUhArB2QBzSeOr,55PNTfzmbwIML1UlhKofnZ
1ugK8Asl9rFTv6ehF9puwv,6V5BunPicV28JerIaK3QvL
4TFmgYfhLJxF6nL8WDSnWV,2phnBiQukTRuRRxzeKqMlH
0VEzhZrWBCaoufAiZkjX3G,7DX7VSSz6rq2GqaxlrHMkV
4leTWyczsXYGlzUh8sFGSz,5CAfJkZS88sq08EZC62k5W
4YCpRzudpG6AeE0IvCjiGo,06BotF7CerCXpcm5Km2uX7
3P9Tb34QQEWyjm1pYdPfOP,06BotF7CerCXpcm5Km2uX7
3zDRCqOhJXJfS2YWOEwGMC,5fnHljZYaT4jOimatJ10JO
6QtGlUje9TIkLrgPZrESuk,0BrWPR65e6OpUPdsMOqTSP
1wxPItEzr7U7rGSMPqZ25r,3VUtRqWj9ioL3XbnY4Y0IY
5cHjvEKxpp8rcqNn5mOE42,3VUtRqWj9ioL3XbnY4Y0IY
3ir2pF2mkiEWqyPenKTh5e,00CYAyKNYKcxoszMmhAI6G
16QCJENzcdhwka9bTKYMVB,6KiS2t3EapTmHSt9xGUqe7
6MwPCCR936cYfM1dLsGVnl,7gF74deMBvX9Bqyn5RCn8r
3txM1X4je9gqlxE9IKqVsl,5617XywlV7MnFtco0EuZTT
5r9uIJCoquVtEkCkvcn8Ez,5CPpHqMwhnMHHhTlf6bfiN
0xMCuSqF7uPefaatWnEx7F,6yTAn8RO7vd2UhIB06zAWk
1x0ScxgiyFRQDKT4VwcLHa,6yTAn8RO7vd2UhIB06zAWk
7jp5R1aY7kmwBYX3jIu9yk,6yTAn8RO7vd2UhIB06zAWk
4vO1cl2ndGrUPSl6IYTHs6,5xKnLMrFWsW6AccJ6Ju9NJ
4b8dLpJgJpNQYzu4AtXLt3,5xKnLMrFWsW6AccJ6Ju9NJ
5hQYZqZaPcRceL82mFZTO5,3ZtpOPSQuN6hOtAlyBJqFT
7j46Sze6UWb7p41IqcYFAp,4Hx5axN7HxCKRxSKYrAeaQ
3Caot8EtHX6wLpNF2wRzS0,0VR0U8c34soFl7IWPyqqwY
6TTJ0xLPPNDyv4bXyukzU4,6HahUp9v0Hb4Aj1U07n8hC
6Tf1BqAZld8wh5xiufptP9,5LB041vQbr1dTe0fcTiyJg
2XpEZIV9uuJY6pdhKAbuBh,032arX7VC6xQ1WbR92jVoy
6sq1yF0OZEWA4xoXVKW1L9,1Psmz14dcKR0QEyoUeGxXP
5DhxTfkx07qlHE6DRh8gIW,15m4i2vvpARQjb4LMkOx6a
0SJy1J0FgP21lbvGBMKT8H,7vBi2LRD8WDSKVzeH2bJs7
0DCw6lHkzh9t7f8Hb4Z0Sx,1HimPrGurKic1hNOSidwF2
6eUofOqC7jS5aPeTa1a71y,53N8W0HvCS5aITRvP7icJb
610tJqABwgZWaRvtJoJQF0,31m8zVCPQh0x1bJualI5qO
1kgxTtyF91VaqLD3J6Krd5,0CyP72ZFEPye0nh8L0ZqIo
6z7mf1FeKhq3GFy73o6PvC,5EuTXlhCUvCkEoGvzmK8bu
0jrFMgW018F1XVnLtCXOKi,1FhNKaPWHYRTVqdjrWwL7K
5XU0u7HIexXCAh4CcoqXCA,6NRxtdBR4hmD07oXOeMSes
7gzXeFUDWz0aqhikdkOJxQ,3Df0Vihuc0V8safXSEZeRr
7If8DXZN7mlGdQkLE2FaMo,5FSnPT6UZ12u51UyDUPilx
0N1TIXCk9Q9JbEPXQDclEL,1khQHoHWfemMaJpmxCMaqJ
7LOmc7gyMVMOWF8qwEdn2X,1SmMZG7vu785rbGzFE9IPl
0spHbv2fw49lDMkbOAdaqX,1O8xNBUsof7oHre2GRFuL6
4aemlCxfmvFjJa8YKvaiJI,1O8xNBUsof7oHre2GRFuL6
4mwXUEKaW4ftbncf9Hi58l,58WvlSmvoKkrvUuZHw322D
3utZ2yeQk0Z3BCOBWP7Vlu,1ziNkIHkCp5WTkduPnjebN
4M6YdvdCPW1fvQYbLwmNWZ,4ajpLE3OZXeXaCeh1DVxy1
1km0R7wy712AzLkA1WjKET,4gSoMEnVL0sZlROP2bDVqd
1elUiq4X7pxej6FRlrEzjM,1lkTR4EjkmnUANFwyMcIpf
4BxCuXFJrSWGi1KHcVqaU4,3IJ5RDbQeiWIf7Fo601JwE
1wNp3TEKMEifZCimzo863V,167XvgJWxuyx9KIa5pNqW4
3Is1kGaN2jmS0hB1Hn6dp4,5KnAhtkUJl36Ygjdxi2Vt6
246dkjvS1zLTtiykXe5h60,5s0rmjP8XOPhP6HhqOhuyC
2vhrwzjf9H3icunkVFi9tq,1JeUwHeGyUNb33g86ol1eJ
15EMEmAIgv6QekK9KH3UyQ,2rFSypPJFjXwxandSprnV6
0yNSzH5nZmHzeE2xn6Xshb,3yqcj5G3zkeXuWIx6cjQgx
3d79GDviyp0nkS5hPDlBKX,3Q2ojWYIEh9ASuJevLr64C
3CC7p9QM4VjO62rmcaRP3z,1aCVUE2d7sVu0KZZnyPsZu
3phVKYqeq84Ai91CHTQfNq,0Qrc4264bXNnDbJ4ASWUsZ
4uFZsG1vXrPcvnZ4iSQyrx,7CYDRyFCKtAYJBSpfovLyX
5s77Nldm0GrOQkMIElogdo,1yEJRvVMeJD40BXtIUl0Me
6TQj5BFPooTa08A7pk8AQ1,3pNUcYpxDYlqbLuxkqTl3q
6roDXEmZ6AARdOUv6x5U2v,3pNUcYpxDYlqbLuxkqTl3q
29iw18MxnVp5gLozO7e2HE,3pNUcYpxDYlqbLuxkqTl3q
0qzJnI3pa1q0uexjYn7INT,3ibqObJuR04lz0xlTKpC2p
0C8CVs1tRKlYN8FVEvsGlt,3ibqObJuR04lz0xlTKpC2p
0tC995Rfn9k2l7nqgCZsV7,1O6ouUiZXpuAOjINj1JYul
5IlWFdNUgNdNDs50YtHoNf,4bn5ct5jEmBPnlmYvYGJFP
1kPPXyGPHwbZGsnuxFtjYg,0XV3l88mHajJBib3WHYJKY
1YOw6jUy5uUo7rNMb2wj4Q,0XV3l88mHajJBib3WHYJKY
1elUiq4X7pxej6FRlrEzjM,4TcZpyEt3wrOtMdK0gknMz
61JrslREXq98hurYL2hYoc,6GUuF2bujy8QXbrrogpiWh
4yBK75WVCQXej1p04GWqxH,4GvDHEW1goHkqJbLJHzUUf
12FHARd9fY0Tu0ila4Ua25,4GvDHEW1goHkqJbLJHzUUf
1Cy58GZRk3TYmX0pb6pExg,3aLyPr8RJJ9K7SFedUvJnL
2Bij5GVThaug3LdXEU6xJ9,3b8epe5o0Aw0wS8HAufhg0
16Uqo1jjtPiKI4zU1Ficgb,2oL78CzVNt1WXsa0Etvpo7
6akDfyocmsREgR5eUXZt3I,3MPFezxnQlemyFzpB8VkRb
70B2c7OiayofpGbmMBNPw2,5WdL1Z4BDkZzOCiLNTrnkZ
70O3dXo8M8OtDkBBc4KMn0,5WdL1Z4BDkZzOCiLNTrnkZ
3ztJZweExOFyHkk3MGSm5V,7BdwEhKnoBH1hQDs6UF9gJ
2p4FqHnazRucYQHyDCdBrJ,0cDtMoDHC3Pja0V1qrfBdT
6DwziXuEMIoXk1xXJCscbr,0Hsb2ji6oz9R8Q2Rd9St2M
67ZMMtA88DDO0gTuRrzGjn,4aQI0KeN26jZ5bPQXKtfAa
3RTAXX6KGdljBsOIupyZgT,103zw9Qm9BRCdlb3mYsBOl
1mX1TWKpNxDSAH16LgDfiR,6pmTwCb5SeTjV9wdnkbDo3
7bXgB6jMjp9ATFy66eO08Z,0VWmEVuQ8tA5iA3cCTrgxa
1LzWWI9v4UKdbBgz8fqi15,0VWmEVuQ8tA5iA3cCTrgxa
7F9Bd5X4sxdwWRJVpbfMtb,4UnvVPfqZqbORqVoedaK3N
1Do4bSzfUl0KWL9r1fITu0,1jLD6zV1si5YCQ7y1oI2hu
6FaR0vA7ulJTJ1a4BRlJt7,4lzJh3SkKDEPIwkYZmfsdO
2hcsKca6hCfFMwwdbFvenJ,3oXEVu3gwToJRkE2xAW44a
0nmQIMXWTXfhgOBdNzhGOs,7vfuTRXIAYJz5Uc8SddnTr
1B1b2jSXksHwmmorhmQ8AF,43zu5UfKXWQLRV99JG7f3Y
3PzqP5IkpLhlSdZLh7jwPn,7uq8J7jEEW54vtC62NA32S
3p5VCeIdYiZzNu0kyb9sMd,3RP7VHkY7hGawVk2K3OFAS
298I931uc5poF6kIU5XJtI,3RP7VHkY7hGawVk2K3OFAS
2MP8WZJfOjxzEfqsIBsRnH,0e6q1Il7NGRJLKnDW5svjy
45oiePk2v68OR0igzGIfsR,0e6q1Il7NGRJLKnDW5svjy
17lzZA2AlOHwCwFALHttmp,1wBFRaacNYmqfkidUZ0NtM
55Aa2cqylxrFIXC767Z865,1wBFRaacNYmqfkidUZ0NtM
7tYKF4w9nC0nq9CsPZTHyP,76290XdXVF9rPzGdNRWdCh
6xlRSRMLgZbsSNd0BMobwy,6EOOM2AjpR87sXwES9cnhx
7KVJCU4z5L4EUHILL8aMxR,6EOOM2AjpR87sXwES9cnhx
5TmW0cFVEYEbypgTdSNNDn,6EOOM2AjpR87sXwES9cnhx
7bXgB6jMjp9ATFy66eO08Z,6Wa9UU70x85ldCo4aeYD2N
6z7xFFHxYkE9t8bwIF0Bvg,6Wa9UU70x85ldCo4aeYD2N
6vFCfSDEGGjyLpkMa1YhBE,0yoPn5qKwBRkR79QE9mXZB
3mIj9lX2MWuHmhNCA7LSCW,1JFmNyVPdBF1ECvv4fhpW4
0gX4Kuwic0S5GfOp1oBZYC,3QTf8El6QZguFiEWcKoI41
0HDMwoCS316xhKCZlJPBnc,4VeQjaMQmtpIQ48sVdo0Fs
4owt1GWUqAh4gsXT13roop,4VeQjaMQmtpIQ48sVdo0Fs
0IxgA9wO4Op3CSnPlhfwV1,4VeQjaMQmtpIQ48sVdo0Fs
1md9aYaJ6Qt1FHypXICB5V,4rA1y7l62I627A69JFG1Vk
5Cqz3rHcXbHTxVXxk2CzhH,5uYSlseJ2cclDwjEL4QJbH
3A5tHz1SfngyOZM2gItYKu,4azVkVe6yeIBhFVyECag4j
0B1prtAE9Ca9hTs0rUkjHG,4azVkVe6yeIBhFVyECag4j
37dMe6EquztHIXOFF44iKZ,4azVkVe6yeIBhFVyECag4j
1GUYk7GLP4tALtorFH1OWG,6RZlF8O4l3XTtmfI3Nb58G
4C50EbCS11M0VbGyH3OfLt,0qjDs1pSBA36pw3qL57LAx
2hbxpW1A25vEmipIEIM9kY,4uFffuyzkWXx2VTSaZFkhV
7FGAi3mSjLMsq6p8SErsTA,4kh8z2eXAIVogMSF3heOLY
5Rl15oVamLq7FbSb0NNBNy,43v9cUsP5K0hvu9iyuAzmZ
5wpEBloInversG3zp3CVAk,7MvLqEJ066ULDEcqrQUGIM
2BybP8sqVEFXkHPM5WMQ5o,3hUhvCs56OOSQEINZCDbQV
4NYxCnyHrSL0yAsl7HZOPT,1t35RmCT7TlQPEPvrUUUuv
4UNta2jPQJ844nyw1bsyPg,421AXhO4np8qzhiQ7hTDBI
5iFI4j0w7RbSJmkbI6rqzi,6ldc1HWw2mUV3lrJeTjqoB
0DLfONSFG8AA0cQvh1yCrz,5uAlghTYqpxGsVaS7JE1e9
5sTzirFL1wjNa3GuSiUHsy,4ML88AyBHneIkmTHJunWCC
2lDf4hYD0RvgNtYgblvb4i,6ruIiJQxN1oHeJKq24M4Rn
3l02WF362j1oHOurzuseBv,6hpn39yuudy9yBuKqhNDgF
30HlKUFTsqlFQsPfyv2yuM,3Eh8Kx5JxLwXEDth78UGpR
1pTuR132U5b4Rizal2Pr7m,0PzcDkEDb9x7RFNzWYf1Fj
7vCtweS8UVAXTyau2j0rDT,0PzcDkEDb9x7RFNzWYf1Fj
5ndkK3dpZLKtBklKjxNQwT,5Mi8vSDmTyjL3yxsgUxrWm
6If57j6e3TXXk0HiLcIZca,5Mi8vSDmTyjL3yxsgUxrWm
4pyn62fo9bN7qCT9nBM6c6,3bzQS5VipXiU0tClLC3rh7
5XlSS9O4eHRiJ0hKzbaFQ2,0VlrwygIqoI06z2BTCYuTq
5MO2kbaGGA2a8kL4c9qqHq,2vf1K6KumbRZnRHa1JeKyD
0du5cEVh5yTK9QJze8zA0C,2vf1K6KumbRZnRHa1JeKyD
5L3QTPofDwMPGlNnQkyHK1,0BCYrjKNyjIBRuH0nPcToQ
3qvcCP2J0fWi0m0uQDUf6r,6ed1a9UMAj76mV1NIj1gJ6
4QDvXnbmw1znkqkK1119Fc,1x96aRjKZkoWqhxNuNPAqK
79ffq2PHS5TDmgnHhAyudW,1x96aRjKZkoWqhxNuNPAqK
052NpRSiz4SQTsFnvwMP6t,6VRBMd2t0mc6Kmsc0Cw86l
3NChzMpu9exTlNPiqUQ2DE,4hFDcpvIU9F4OleRAR9nNZ
5ZYniVpbDvHg0ywuRU8Wb7,2tH6218I88edYNdalBDlmn
02kJSzxNuaWGqwubyUba0Z,7IGKyfuDgE7Tq4CpLhBjqX
7hJcb9fa4alzcOq3EaNPoG,7IGKyfuDgE7Tq4CpLhBjqX
02dYphxVyISfXKNLQkLNbs,56hP6z15XXhWqDJeJXFMUI
0XkaohuHZ6J8KcJWCdyAk8,61z9zG7jcyAySrKPWZa39M
3h7t3oTMaMT5aO1xoHR5RJ,7cpdHFI1QRqKG9OmXJ0G9V
1xvEo98zythSrgN69GQevk,30JbhlAXrxQH4hfjdFnhSR
1VBflYyxBhnDc9uVib98rw,0j0EQ5lvPM9c0OqqIyaIBC
7wg1qvie3KqDNQbAkTdbX0,0j0EQ5lvPM9c0OqqIyaIBC
2zJ8chFLjiBHRNchfevMRI,0j0EQ5lvPM9c0OqqIyaIBC
0L8ExT028jH3ddEcZwqJJ5,582BvSmU6StxTJ4PmTR79j
1kDGbuxWknIKx4FlgWxiSp,0r7wrRVD77lNrD9t2QgZrq
0yb46jwm7gqbZXVXZQ8Z1e,3RL9u6GpQUCVEn2B6rz5Yo
0WluQkhiQsQJ14sLXqDnVK,4dN8VmiUt9WVPDSReLWBvJ
4gfOoXI9MWCyREzvqNv38D,4dN8VmiUt9WVPDSReLWBvJ
2hWr3AjjKOCVmWcwvuT4uM,4HGEXvjkZ7KrlsHTaF6xkn
2dyeCWctcFRt3Pha76ONgb,1b20X9PDCrKCDlFA6mpiF5
1FClsNYBUoNFtGgzeG74dW,1b20X9PDCrKCDlFA6mpiF5
5ttgIeUVka6FLyi00Uu5h8,6ZHnlA5lXphSHoYLsQSYTd
3PfJE6ebCbCHeuqO4BfNeA,40iEM7X0ptJDDzFLgM1QRc
30YHp6jELIUSYUGssR9JRY,40iEM7X0ptJDDzFLgM1QRc
0GWCNkPi54upO9WLlwjAHd,2G4kkolVlo7QhPFcIvlda9
645xd9cHiiLqqehoLzLMDR,63AS1gi3b6PVi0HgIKZ1eq
7uWSNqvFk0TnPO9zKbzLI5,1WqhPiJzM4X6Rn9zva8Rzz
3TVXtAsR1Inumwj472S9r4,40GMAhriYJRO1rsY4YdrZb
77Fg6dbW7UqMb8oz0fRNFL,3gruMfuBf5Gc6oHhkyzGPH
1W3FSF1BLpY3hlVIgvenLz,08912w1sEZbVmc4XZr40JE
3Fdm9TFJQCLmC3AWMuGExi,0v4EQZn8clJmIKltNv5h0Y
0z4gvV4rjIZ9wHck67ucSV,5k7JaH84J9RFAhzrCugrUQ
0af5VM6xubf8EXKvoG35x6,5k7JaH84J9RFAhzrCugrUQ
6mMtnxEQkYoY5FfJIQ9Rhb,5k7JaH84J9RFAhzrCugrUQ
7LA4bHpsuQA1bNuxHpqeIT,4qfJGidG7Pck1fmHBrY1KU
12CpR4SNDzVIlDoPSeNFeW,3mBTrK6nqL2U2tMXfXya68
1QvyquqkuuwUzdszyoKIy4,3mBTrK6nqL2U2tMXfXya68
1mYsTxnqsietFxj1OgoGbG,3mBTrK6nqL2U2tMXfXya68
7CajNmpbOovFoOoasH2HaY,4wHI7bZSdSQAbiVElWBlSO
5pKCCKE2ajJHZ9KAiaK11H,4wHI7bZSdSQAbiVElWBlSO
31HZjRPeEasjNH9MCgNW1N,4wHI7bZSdSQAbiVElWBlSO
2Z0lRIqr997lIUiPtrpKCr,6FX3D3ksaiyM7YA8x91l9S
1D6vAeVUcgMbSx80IA3Zun,6FX3D3ksaiyM7YA8x91l9S
66YGDwn22fjphzqGCSIbbK,3fNEWYYiDZwRqetk97GRKg
3qYfqdVwX0fil71onLpLkh,2c49IwWfBsMlrLSsyzPoBf
6cwRqYSDYwWsLveCcDRhyY,5YehGNJokAIS2SjYYGJJrz
66Fb5gJ9SX2WGlqDLUpjux,4j3fJaL0JbnryTbRBatQF4
4RnezwRV7VBJUCI1S0AE5u,5humkj69QwOd1wBwmmMZq6
5ixB75BQR3ADoWQkcHQJTs,2wCAuBLYukbn8Rir9MFmfL
3yj43IXk2ADWZ9y6Q2oRMK,43piS14sRMH5nABIIv8Zj6
4D9H6CaKzDTaN1EbAHypYg,0kBLr7BMiCtS6iPBbRNg6V
1L9i6qZYIGQedgM9QLSyzb,3UQpOWkXC4KegU2sO3Nc4Q
50JJSqHUf2RQ9xsHs0KMHg,0Qfwzu4yfzVUIrBLittdDO
2sudy981RKHBlYmb5ByWSy,332rbeyvixuVxaVsNoS02G
2GWYGlfXdRED4uEGhWueCD,59bag82BfK9Ltcx3VPaliM
0IVcLMMbm05VIjnzPkGCyp,1JKqsdbwfOK1233EOT67ZM
5IcR3N7QB1j6KBL8eImZ8m,0YbpATCIng8Fz2JrfHmEf7
59zmzXCSVGBTT3aofyHMs3,61KmgYM8ILuilcWmzOSCgV
6xscREh7COaPe11MgUVXtm,61KmgYM8ILuilcWmzOSCgV
6CXEwIaXYfVJ84biCxqc9k,29njH6pDF6JE65D2VJbAxW
7HCqGPJcQTyGJ2yqntbuyr,29njH6pDF6JE65D2VJbAxW
08Ut1tYxtmgIInVyQqohkM,6apm4X0q2pHjkds1PMlGCR
0aUQnP4HhUQXcurZl9GJIA,6b3I2bRA3TbSARWvOHlgBJ
7N0SBLJFpCyQSsv4MfRJ5d,6b3I2bRA3TbSARWvOHlgBJ
4oVMLzAqW6qhRpZWt8fNw4,6b3I2bRA3TbSARWvOHlgBJ
1fUSLFr4WUBx7joEcGwpvG,6t1NT9hDfx7V3B3fB3e9UK
6NKQIkHTjxD5Ovj6znGV1n,0XoABWx12FcnGbkZXuCsTs
6nFBonVf7Lqaj05R0v5VGJ,2cPpuYcfaL9t4CqPC8akAP
6NP40ldgw4kYtspZOziuii,72y65i3IZThNt4hyWTrc5n
61C3cEhdoJ9YiQSQSwYB4K,3LYJiRx2vxocmtxikxcnKN
3RbyaF3Pq6iDUKNp04AIcU,7gfAlQ4AdmgFArIE47hD7u
46HcJG62ky3Tj7yJpB2Qqg,3CRvJuhkYY3nmCiDpKmr3Y
6cXU3B0U7wNEOOU8UjaWww,32TnznXk98yrckxIEllaZN
2hJPr4lk7Q8SSvCVBl9fWM,191BU6Uvnf7oNTjO4n36Yu
0hEurMDQu99nJRq8pTxO14,6S0BIiWtnqU0PtumXMpin0
1hwKCeSXpLrh4OQND6iQHw,6X4zZpgFQRGQciwnYdmQ21
1KP6TWI40m7p3QBTU6u2xo,17l7MIu0Jh0tdgK7or9ovw
6WeDO4GynFmK4OxwkBzMW8,7MoXcGUrx7gzm95iSLAIHV
2oZcMYiKpjaA2Et5mU3RPP,3oTKDap11RDguBrN0WeySK
4V8LLVI7PbaPR0K2TGSxFF,63fPXLpTxvDR7LgSOZIaly
4SfGzWmeoNPKIOmiyc7Pav,62dtvPwt2JNDqtfPI7B7Aa
32Ko3nL0210QAt14S3Rs4Y,2HatDWFqyd2cFNHX7wX7Yp
7mWCSSOYqm4E9mB7V4ot6S,4B0mVzwgm0IihR4Qzg82FO
7plUpXSFcSJUZSiZAoXqr1,4B0mVzwgm0IihR4Qzg82FO
7h8ja4JSORo2sXJPmCXRxa,00s8Pe7l7PQMAtRbBDVV0d
51vjIMmHWyVqDrkxD07Jh7,00s8Pe7l7PQMAtRbBDVV0d
3rExe3A3FzAmYDlQuvW2Wx,00s8Pe7l7PQMAtRbBDVV0d
4AHCUmvK4wUtCRjmvficFK,7c8KvAJrvdCxsIYvwRjBSR
0rTP0x4vRFSDbhtqcCqc8K,3ykTa8oJzxd7n6vplb3VTl
2XziUthG3Ug3eiWuE5KRsp,2nGyrk4CKknFVjrEZQud7l
3KNZ9AOjBajjmr6ZR2VGfl,1Rz7IpFTjsDETMTfrtEz6z
3YvQkjWJ5ykJVUNP7YbTy9,4XulkQM2z0SZUrzAjsZNI0
1FQJqgKQDNLWfeLBQoQLmD,0BLe7iiUwRz3qlYVSvHPdS
58R5LHkK3vkmEyGUPOR5kS,71C65HI7THrlkpHHa24YJX
4Kyb02r7dR3H1PH7pYkb8X,23FWluRqn2J7J4mtQ8dMvc
1HxtfSGL8pWUwAyVgpbU5B,1PqKeJJ5C79S4FfLvvFJtc
63yrD80RY3RNEM2YDpUpO8,5JpH5T1sCYnUyZD6TM0QaY
6kNKUYGn6VNGsRoXmyoDPK,46k4V5frUKFdFxP0R5jxbg
0BvkDsjIUla7X0k6CSWh1I,5M8gr5RV2eR6UkztC69ogB
3wcj11K77LjEY1PkEazffa,0BXh1RvAg5pSJVhJBfI5Qb
1QIghPIrXQQ22G1yNtAKFX,0BXh1RvAg5pSJVhJBfI5Qb
4f2hVqzqXvQdVaC35D8sAc,0BXh1RvAg5pSJVhJBfI5Qb
2uGKgNuq7MnKksXiSO6HjB,03GpsqlXxGidzoJld0UkiA
1LgoxgQRqIU1xWXRNxgSK6,03GpsqlXxGidzoJld0UkiA
33vNA5y4odTks9zHGS6Mqt,03GpsqlXxGidzoJld0UkiA
7g11vDmMKgubQ1HCN9B7sg,7rcU5Nk3yzqINskBbJ4g29
2ZbyyCS8KLKsuoNlxc76Ev,4rElchiQTu5HfFwheG8xlJ
7HWFXU9pHBj0u58yoRwwOJ,28Aru7ISGlwtqmnbLRnIq4
2CnhqfjUG0qzsru0SMuhrk,1xRsnyytuSTf1rIxWV8m2r
0YhUSm86okLWldQVwJkLlP,54bO9jrn1NExmpg6Afsc2A
3QN85cB7Cehb4ZLjpRW2Jt,0TU6abraxYirexL1K6PDaR
7B2edU3Q7btJoNsoHCNohM,25Dqil85sRtH67ADs2GmrM
28DlNBW2UlEVVgTuCcYtTe,1Mjuv5UjTnJrDA9bR0nfMN
6EN5zX1Q2W7qcesyatdUfO,6nEIf1fbM3aTmFTNp4nMBM
16N7BvvGgw3jvmXBSn0hVS,6nEIf1fbM3aTmFTNp4nMBM
3ohmouyL3xWW70OiC5ATDI,6nEIf1fbM3aTmFTNp4nMBM
5JgxqXmh1TrVDZn7gAgqLw,2lMgz2BBwwzkc9ZfNB9zYi
42cM14lDAB0KzoBWQ86TWu,2lMgz2BBwwzkc9ZfNB9zYi
2KgIhGBEJK4W6Uw5WVeoaV,2lMgz2BBwwzkc9ZfNB9zYi
1HVyjDVd3Wq8B79G6P1g55,2lMgz2BBwwzkc9ZfNB9zYi
1uQXG73H5lbcxVXcCHSjZ5,28fJkC8VzTy7IXxTriq8fd
6IM4lWFpB2575q6CKQTd2I,1dKU3TRpFCRwcDAheqiyPe
5gLtTxcMc99WAeidxGaFxu,5nwJQfxDlmNQy7sJQDpbRm
3gIjloYbc9H6KkxKwZqExd,1SUZW2ye3X2OE6JgnPd8is
5IccCciXwIjKPROLcD1Qao,65csCPagwDCwOKMmgZ86zU
4Rj9lQm9oSiMlirgpsM6eo,65csCPagwDCwOKMmgZ86zU
13ubrt8QOOCPljQ2FL1Kca,7xYiTrbTL57QO0bb4hXIKo
00FQb4jTyendYWaN8pK0wa,7xYiTrbTL57QO0bb4hXIKo
70BYFdaZbEKbeauJ670ysI,7969zwJB8p021EBcCUjsv9
2NdeV5rLm47xAvogXrYhJX,1vxEYHEzZI2l1AyZOtVHKJ
56x8mYvS3cyDGAi8N2FxbB,6JbaZX1WluHFINcw5P3cq2
336ozJDNmgpRFPQnO9sxx0,5pXBNUV5Z0MIiE3ExCnIpq
7FR8ZynvReyPlYfi4LnKyI,3lnxGIRMSj6NKB16ijwbOH
5XmQ2g7xxwA3I0o6LWXM2N,3lnxGIRMSj6NKB16ijwbOH
5ZS223C6JyBfXasXxrRqOk,73TNMu44lT0m1h1Nn6Bfiq
0a7IMVQLynzliWvqoPo5tE,2PiBluFnnIZt2xbrQLX0ke
508ItuzNHwMHd2Z9Lh1LFl,0rIKUqPJltXod1Jk39RgIR
5sEocv1pFst7o3pam69obY,0rIKUqPJltXod1Jk39RgIR
4Cy6TrPbVlo9OP1MTSONo9,6IoJeR8sKwmtTiLHK4kBxV
3PTfq1DY4qdmJaIySsHinw,19MmbEcj7NqppcIlQaaS32
6FaR0vA7ulJTJ1a4BRlJt7,6WGWook6KDaOuOmhtSc9m5
6UiJwR29GXZroy2iiUDQun,1n98cCidcYFGj668hdJXtE
7dOBabd5O4CvKrg4iriHTM,2mDyf8UWqMGUWRsWVVXDqd
3IW7ScrzXmPvZhB27hmfgy,0fQY0Ttsq1LGXRhioi98HU
0RdRumkn2UydUjqytNJ2Cp,5R2nwgdeqXb9VD3JpQSkuU
0A0oFtNpb7CV86uWlxjnQo,5svarBVFxucNX27dwvBFpV
2dyeCWctcFRt3Pha76ONgb,2gahNXiDus3OTZd1zLoY8k
2qk9voo8llSGYcZ6xrBzKx,08ibdX8K0GETv20UEku3sm
7tNLRmiAN8hpmFrbIHiHsy,6MJb2k5X1k25ebj7ZyixCb
5s6TJEuHTr9GR894wc6VfP,6MJb2k5X1k25ebj7ZyixCb
0cTSCsVx04SSht9V6cpKN0,6MJb2k5X1k25ebj7ZyixCb
57ALvbCBaCkNlgTOSiUPdT,6MJb2k5X1k25ebj7ZyixCb
3Caot8EtHX6wLpNF2wRzS0,6MJb2k5X1k25ebj7ZyixCb
0djV4iaxhNfYWpH60ia85o,6MJb2k5X1k25ebj7ZyixCb
2jV8AcZ8W3TfiqInUGWwlL,6MJb2k5X1k25ebj7ZyixCb
0yDmbRjVTQsQd3OnMs5s3I,6MJb2k5X1k25ebj7ZyixCb
6iDaoPZVgxrTkndDCisX8F,6MJb2k5X1k25ebj7ZyixCb
24hJWbo98sH84tb0nkeaqy,6MJb2k5X1k25ebj7ZyixCb
31z9f9AyPawiq0qlBO1M3i,6MJb2k5X1k25ebj7ZyixCb
1PJVVIeS5Wu0wbZDhtC0Ht,6MJb2k5X1k25ebj7ZyixCb
6RwBVkrxTbbtS4bwxYQXcp,6MJb2k5X1k25ebj7ZyixCb
1aTDTChWWyiJH3SEnYrdVp,6MJb2k5X1k25ebj7ZyixCb
2rDxtYUzTAYJJE3Bl3Z5IN,6MJb2k5X1k25ebj7ZyixCb
2cXyPSMdJcGw3t9yNhwTN2,2xLlV76XJJc0H8dhqeeQNF
7zpvy5B9gb5KprNUzNCOEE,3tGDxfvq1cBSlBFr302jMU
3oSJ7TBVCWMDMiYjXNiCKE,4hhvgHjPqUOAYkclDkhL2T
07EcmJpfAday8xGkslfanE,1yyCXBEu27Ia1Y3torWIwC
3R4ghTFr16VfqxYeDyERee,7glwvxou64yQXBiZALusEH
3Rwlus4QnnBSnTe8pJV0rw,04djbQW5lHF6ZMcZQs0jBf
5hNiAUVPCTgcpy8vljCxzs,4RhEJVjtGp7IRAfd0HvqG8
3mIj9lX2MWuHmhNCA7LSCW,0mkOUedmYlOzCC4tOm2v0c
5xYNmNkaWRqu3e5F4UXME8,0tIyKS6ftGdNvonIhxXI7h
6f4XkbvYlXMH0QgVRzW0sM,6MQtWELG7aRX7CkAzQ6nLM
67nwj3Y5sZQLl72VNUHEYE,6MQtWELG7aRX7CkAzQ6nLM
0bfX8pF8kuHNCs57Ms4jZb,6MQtWELG7aRX7CkAzQ6nLM
4tZwfgrHOc3mvqYlEYSvVi,382ObEPsp2rxGrnsizN5TX
3OsRAKCvk37zwYcnzRf5XF,382ObEPsp2rxGrnsizN5TX
4TCXgdDPm10ensLNCVnIYa,0qDok5cBPaNeTUkr0YvwjZ
2HubQ6TEbD7HknCNrBsqhR,1l0jOyAvq12BpfGz6vnqof
5CC2At3k0Xnyc5s9yHdyax,1l0jOyAvq12BpfGz6vnqof
21LI2q2QDyaNjyfXaWWTOE,1l0jOyAvq12BpfGz6vnqof
0p4ViyfJUTW0IT4SCBLexf,2P6uMaWL3sb6xOhJQrzXzu
3EFd5mZTaObnwJuZvARO16,19FS8sUgAYUSN0p6K2g2ys
5cF12ZikNdG8kfDBdZfpvK,1j1UlrNlRuJtzWpiDuG2u2
6sq1yF0OZEWA4xoXVKW1L9,3DdhE6I0wvt9YsEbCW3K0q
21WS9wngs9AqFckK7yYJPM,2sCwWLX6DJgjCACS0iEBHD
2qQFan5AqzA4zB443MZOl2,0VfNZpKsykX5WPuyEdBilR
15iVAtD3s3FsQR4w1v6M0P,4y8VCv8bEgpdcGXzaGFcAi
7AO1qih2zQeI7WYTQxC5fQ,4y8VCv8bEgpdcGXzaGFcAi
6I9TgZbapKRXsunA05fiPl,4y8VCv8bEgpdcGXzaGFcAi
0VlR93v41JFZlo1tRAgy2A,4y8VCv8bEgpdcGXzaGFcAi
5gSzpQeKekCGJTR9hcWwKF,2oZ2yfQaU5IXwzlWu7vX7y
382aq8Pij5V2nE2JMHMoxl,0U2j0WaDMic6tJ8ijfhkpu
43ZHCT0cAZBISjO8DG9PnE,6oWz2hJ89n9mKarg3SO9ou
0MvSBMGRQJY3mRwIbJsqF1,6oWz2hJ89n9mKarg3SO9ou
2LJxr7Pt3JnP60eLxwbDOu,1l0aFrH24oPrQSqGtfeFyE
2aqFBHOpM9uIgBpUsdq09x,07Ght6RYliCbCdKKbElmWK
5MnIJOSS6Jl0H4nUayHYFs,6SqDtq3R3bg4U1SwT6jOLy
74KM79TiuVKeVCqs8QtB0B,5gmYqZjyX50yWhiT31hUxJ
7bp2lSdh12wcA8LyB1srfJ,5gmYqZjyX50yWhiT31hUxJ
36QJpDe2go2KgaRleHCDTp,6VH2op0GKIl3WNTbZmmcmI
24icoQNJSEWNu3XvqKBR68,0YLgOv4Fi0UK3uKonJcdet
5xKp3UyavIBUsGy3DQdXeF,6SQWwNCTTPmS1DaXQNRDOy
5PbpKlxQE0Ktl5lcNABoFf,0ZZI3LVdDTEz64AerlNAef
49bzE5vRBRIota4qeHtQM8,4rJu3hBFAUqIAQOlSStJzO
1vmLIa1VRY38hZoar8AyYS,6lKrCQ7gXfj7f3pTKOGExM
4dSQICBjdUIp5iK6RRU2bY,5yauUuXppqUj2ulor38hvI
4ypbxQ7Pb5JKm2ulHXDcBP,5yauUuXppqUj2ulor38hvI
6xWxKaEFEKU3r7AUzUKylT,5yauUuXppqUj2ulor38hvI
1A4dOeSiYZ0yBf6l5uYY7m,5yauUuXppqUj2ulor38hvI
5OPT8oIrU42hqfKMJv0b5B,5yauUuXppqUj2ulor38hvI
32oXmsd7TLzVccshoWY0mm,5yauUuXppqUj2ulor38hvI
7jy3rLJdDQY21OgRLCZ9sD,5lnQLEUiVDkLbFJHXHQu9m
1DLsogyGi0pwPtwV78D8uZ,0mHkdMpUiBAT77jd7swTIF
5CdJjUi9f0cVgo9nFuJrFa,4hMqqOHorCn79YxfBB9eNL
3tlXnStJ1fFhdScmQeLpuG,5Bp1EX2ypdFnJ5IUyiRl8w
5zExRf0VQCl3GO4Jrj8r0s,1NIRI1w0W0F9RKnxig6pIc
0LlH3BrcSkLqcQ1flElWNJ,7tIKqjL5USWo610gOz24Qa
480xKab3lUPhBBnCzlzqIu,0BX7ynMvK1f0zcswbSdsgq
2v5wjWQZ9ViJUXAetTQcZ6,0BX7ynMvK1f0zcswbSdsgq
1h6Cn3P4NGzXbaXidqURXs,4ljisoNarj0BpQSMIEv88L
2auikkNYqigWStoHWK1Grq,4ljisoNarj0BpQSMIEv88L
2w5q7SKsUmpdUuyf5HOA2c,3NI4iMcRuNFYE836xTG2aZ
0Rq2hV3S3O4JMWbL2B510w,6uti4rCskd79ei3rukTEm8
12vb80Km0Ew53ABfJOepVz,6oGXALVuSmMjwfXZeOCw7e
5dCpFeKxLbycrnsjWZjha8,6gWX1I0duVU5lxBUqvmsYz
4TK1gDgb7QKoPFlzRrBRgR,03r4vM6mYd77CNlcE0EXUw
5YGY8feqx7naU7z4HrwZM6,6cfcdjtSR9ARnpnpwtEGaS
2Ki2mlU4LhZZ0BOYHWbcot,1VANv2mWRaWMncF4Phkl0F
2Kx7MNY7cI1ENniW7vT30N,7lkScvsKOs3isiwn8bXFos
1MrEurzLcL8ugfP1PrUPWG,7lkScvsKOs3isiwn8bXFos
12Zk1DFhCbHY6v3xep2ZjI,2KvJcb4FSNenirSFsu6r1V
1MAUqH0haKBYbjpknTfreY,2FwUxt5jYvcQc3ZgZRaeEL
3TVXtAsR1Inumwj472S9r4,6X1x82kppWZmDzlXXK3y3q
70S4sHnxr55YQxZ53H5guq,1gTlg0IRm6oCpdf81m52te
0nFImDWLQMuYEL1dWcXs1K,6rkNFPxSGJTgl1dBjFC004
6dOjhrHjzG2rzqhO55jWtB,7Bb6rkwU4sc0XPfssMcMbV
6Mv8GjQa7LKUGCAqa9qqdb,4SPHfSWibeoFCSdR4vd5QL
3OLGltG8UPIea8sA4w0yg0,4SPHfSWibeoFCSdR4vd5QL
3HsKy1APQXW0bCNcvEn2E1,1cEJjevoanT8DnuV4IsSzM
7GeAzBsalYANXTi1ReOm1R,69ctY5wPad54fhQJDvuZEB
3SsgzNhEvdhJV7viv0clbc,5pFtQFnWmGkQrcFlyA1H4V
4cHoQXxNxsIuSIKYZJ9tCh,6fpKhXDlpWGwo6YHGQAF8k
2Lxa3SFNEW0alfRvtdXOul,4g5NzMdGbeRjCDEJK4uwiu
6S2OmqARrzebs0tKUEyXyp,6Kssm2LosQ0WyLukFZkEG5
48vDIufGC8ujPuBiTxY8dm,50lmuZTx1lNcNFjY2cr3HB
49vCIUW46QY3L5vo1xVFoy,2Hd1HfX0cfU2n8yigDGat8
7r2uG6BlFXKcwmh9ItqlII,3mwc5RiHDXgirCArUrt7HH
64KEffDW9EtZ1y2vBYgq8T,3mwc5RiHDXgirCArUrt7HH
1vSN1fsvrzpbttOYGsliDr,30kLXHnSOPvv0yxOvBYo3i
5Z8UTQtTYNu5o5FA66LFgv,30kLXHnSOPvv0yxOvBYo3i
74XFHRwlV6OrjEM0A2NCMF,5R7HaEiSyuBBPReEyfX39C
31CNSjG7i0piX1pwKjMjmp,54dN5tEj9HX3WUwyHNIrQY
4NEYQeEYBUjfaXgDQGvFvu,2KwMBLrvM82Kxm18H5bxdw
7i3ucpl9nZqSaCH4ufVOB4,2KwMBLrvM82Kxm18H5bxdw
2Sqr0DXoaYABbjBo9HaMkM,1PrqYZJRzGNf8AsSOraxnZ
0YC192cP3KPCRWx8zr8MfZ,4HhinqNembckw2pMoDWAZ4
5svDnd8joFhbpbA3Ar0CfN,4HhinqNembckw2pMoDWAZ4
0cM9EbovGFwSQlWjgHmdGd,4HhinqNembckw2pMoDWAZ4
2fqgzLpPOMc7GMw9qcOfQT,4HhinqNembckw2pMoDWAZ4
4IvneyseUnh42KeTx1icxK,0HedrVZF46qhiU0t0AwEY8
3wjsrpfO6odEphTZWx45RQ,4ywy3ahNM8FMH99Ueuf9ZA
5M2y5A6d5QZjw9JeKClagC,4ywy3ahNM8FMH99Ueuf9ZA
29ijED2bnnprp2TciAK1aO,6jUadvmd8sF6uU4lF2E8Ho
2tRg9tU9VRKsmTr2ihZCEs,2VwM0gyT1tEpPMQXBpdfwm
3tFvFDca4inwWMY5vupFbX,5ROZxrTzbDchljspuslQv2
0JYBvQbg4xyCfKy1S5YGpU,4USlzWutiBdOn7QwrF8ev0
07fyshwD6z8kprzXN7hQYH,4fZXOp8No89WLudGy6brXd
2feDdbD5araYcm6JhFHHw7,5fjHiq9unc4EnABB8VyfVc
6urxZktbtGcTIIqxQZ1d8q,1e0Tqcfn0eqgFicrFFYNMl
6QrQ7OrISRYIfS5mtacaw2,7bXOViTvx6EHXuYFuI2yfj
2WX2uTcsvV5OnS0inACecP,7bXOViTvx6EHXuYFuI2yfj
7aRC4L63dBn3CiLDuWaLSI,2LokHqCckCXxxm2wLhhJSM
1nivFfWu6oXBFDNyVfFU5x,6WgxIWDCnLtIaDYHHsJCIh
4rlxS0LeVnHz6z1zp2iJbz,0zV6u0B6tozejS9ol4rfca
74w7jlHFeZ4x6cHFaHfHtf,1hIWkw4oviD5KkaMMJNoLd
0sDJfnuudhMaEmFPvALK2e,1L6Lx3xEDkUsW6OwXbxzeu
1h40NvcAHSbG4O2r3932kB,1L6Lx3xEDkUsW6OwXbxzeu
1YrtUPrWcPfgdl9BaD9nhd,0hvQktrWrmT4V51FIQyMpA
6YWdHD3R863Apw1hkx3BwC,0OSYZ7EMRs14RPvwowd13F
72c21aY4syGrlEpu82lXqd,7BagySvnOa3RQONCo7oJbx
6FbDoZnMBTdhhhLuJBOOqP,6aDRCnCbuqY7NkerfUcyp7
7zMVPOJPs5jgU8NorRxqJe,643oZFUaO731jy4EcmICWi
5rbw9hT7jHuylnCxE77yMT,7I5kGHQnlakHH5OojEfRbw
6qauwCj8W2mTcDGbyDGo6O,0Hzx5qahFYpoxFlNz0iHrK
0D7x3wBw42v14YOGt34Jaz,2lga269hb1nzTNI2YrC5IZ
2vdi5RS6XV5Qy7J5GgDqgn,7bYeeLp33ix2DiyM8f5It6
2QcZxAgcs2I1q7CtCkl6MI,08Bdvah5BgcjmxWymrV9Bl
53XhwfbYqKCa1cC15pYq2q,0gmsXcmrcnxdZBrD5EyJEL
5OrB6Jhhrl9y2PK0pSV4VP,0UwpSCPnNPksM1meQJnBAF
55Aa2cqylxrFIXC767Z865,0UwpSCPnNPksM1meQJnBAF
5dCpFeKxLbycrnsjWZjha8,5se7J0zVDdu3lH5dcw3ael
246dkjvS1zLTtiykXe5h60,6uwfQz4ZsOX5VZ2cj8KmfX
1dSRKlg9rzvs63rhT8Sbpp,6uwfQz4ZsOX5VZ2cj8KmfX
3NcPjvA2rp9FPj1JBAXwOS,21wMUhXhWLew2zsWQhlYEM
1l7ZsJRRS8wlW3WfJfPfNS,4bePJNQoFZ2FhPHgBPmvbv
2lolQgalUvZDfp5vvVtTYV,4bePJNQoFZ2FhPHgBPmvbv
3H7Ez7cwaYw4L3ELy4v3Lc,1L25xMsuDCuBcb0rJnggWr
5fahUm8t5c0GIdeTq0ZaG8,1L25xMsuDCuBcb0rJnggWr
4F4pp8NUW08JuXwnoxglpN,0ShnVtpw8BRsf8vzHVQvas
43Hr2FjhVehkROIIEb7EfQ,0ShnVtpw8BRsf8vzHVQvas
4TqdivEO81Wq4oRFJ0w55A,6Nrmlwyol8cvyHcBVhd7dM
1nEnWkQ9oAZWNrLtXGXCrU,4hIIaKSEvDXs8tbd4SZf1u
6tkrcmVfWoHC4WOhE7IDyq,6JaAs0LDI0AyrZhhx3kRJz
4hz8tIajF2INpgM0qzPJz2,2aaWMtuGxw17AZpKhZGdXQ
6lGCmXtqSxze8o2KEfYD6D,1C1wp0FcQRAU74VfkDWwSV
0T5OJgMVjKIX3b3W3ekqOl,0TfIxsu5PqsIXzGRmqm9kX
5MraexJKZDrQYzS98kNwie,0TT7gSYro7GSKZwUlPefBf
5UJ2sHO2ELrgW6aXeRLTQQ,4MyaABQub4NCb6r7vFWT7y
3YvQkjWJ5ykJVUNP7YbTy9,7E6ctLR5KdMHeM3Y83BbYw
4Ly0KABsxlx4fNj63zJTrF,4m8XN9CKqve1ExYBnNu5kt
33qEPyJzzczQ2a8BSiCeww,5B9X7rNPTZyiLdPHvHWkbq
3Prb5aci7Nva0mLpE4933U,0rJTBlaSFLzkOFgFkbEO5j
4pSowxoZVdsKUyTkhU9ebC,42evhvi7BTgxduTP2G4lyM
7dzq55YG3wjViqexDwiycQ,6ed1a9UMAj76mV1NIj1gJ6
1jWDblyJH2DelrPyt87yZV,5fegOY9uPTICrzwwdfx9me
0ZXDvZqBzwZLsHRXhuTbpR,5fegOY9uPTICrzwwdfx9me
5Dhx2Dt5jkQDTORznqwjo0,5fegOY9uPTICrzwwdfx9me
2bK1hmUmQJMWzdIv52wORB,4sbOSN1tcN8i0ZG1ilDvNM
01crEa9G3pNpXZ5m7wuHOk,3mCFgW3TWFsRTD1Kc1yEtO
2J3qGaj5UzHvu0fjlLgb8k,0YHfbeTtt3LAaOgsbd3h6z
3hTffafUYLLgO4yuPAxb5U,3jKITc4vEht1Bk6Km1cJKW
02kJSzxNuaWGqwubyUba0Z,3McJzWoX8PR6Y3rPWoLUMZ
3KV3p5EY4AvKxOlhGHORLg,3McJzWoX8PR6Y3rPWoLUMZ
76UfJrb52tTTiDQNWEeCBY,2nEjg7MZVMmWJ3Biuw2k0g
5m1YaqdaYNheYQiuyEuhgT,7rgBclppfeqswDB999oa6y
6YnCbY5kHjyJcMEUjoeyX3,2VHXKpkQNthOvzq6TVEq3A
6BHFzhrhbK5ogpJ8H2z71Y,1pMGzQhiuZza2D7fspNkUi
79kOOyVKcrCOKDnzcDHsia,5F2H95WOCUFd0WRNrYBesW
3bhckpkRmz8mqONUceSutp,5F2H95WOCUFd0WRNrYBesW
34KgepLllQVW6H6jP2VyGs,4vFEJY73cgVM9GrSzrm3po
1J6JaPeWiuT4oEa4oiEALf,31ijpN3FryTPMy3RYdsjsw
3gBQ1U5dXpRXS6tlbyNTDM,7j2vXAwozfXF6ZQ9L19YdK
1HhSYZFNNPTTZuOlSfZUJP,0ofY6znb0csUQyTVv0eXPR
7aJSIsbI5wV8aFi2kkFfPi,57QGgDgbSf0Ij3QP41jF8D
1KfBKoozFugeT1PBkz33xl,4VQmvFXtedFUYt6gQ3drSc
5rwUYLyUq8gBsVaOUcUxpE,0dimpeFX6avE5XJYWvoHGw
0ICe5vwuONWq0QwRojNYSa,4JfG1qKkXQXB8yoty80vNC
2TCyfTG9UWaZYgbg0bmFmG,6Dfcz4LZeO2WsYiyJbynHg
0S3L6vtzNN4ArFWH2709SB,7klN6mp4akAtXwwJms5Lcy
6VVG93SFF6JwkRgD7FYpZg,25R1taAF7pOKeLJgojKIpG
5BwOOeKayeMZXa5SSaiRxv,3MfTllqbkiNWZuaxoenGhC
6IdtcAwaNVAggwd6sCKgTI,5fl6q7SKOuaO2tHXeTaZeV
71kSWeYFioviuty6e3aj5k,78xdXx85GxYUezK9kGO3yd
0b4F6xrKsPCHTXEl4j03LF,7gDU8W7H50vfNL4Dlw9MRt
5YBMFTpkOuQk2waZNBofbc,3CGyycOFXeY4vEweqPanUc
0L8ExT028jH3ddEcZwqJJ5,6fUaNt0AzVbijjbk5IBoBA
1U0sIzpRtDkvu1hXXzxh60,5vI1UvJLIPAKf1kvzgPaTO
5wpEBloInversG3zp3CVAk,6bRMknojXPVfD1hCWUPB8V
2BSv9udyrO0Mm0ckZAkQSI,4geYndElJeGBAbihVPelZY
0spHbv2fw49lDMkbOAdaqX,3VXTgHkhZWYz9qzIY1PXKD
6irRU9KRGb0cMtlsBZMg2i,3VXTgHkhZWYz9qzIY1PXKD
0IBAqjHG8DSaD7PPCGnGiZ,7bpzruCjMPalWSVVLwLHhQ
54R6Y0I7jGUCveDTtI21nb,3qanmly9I3vfv593JutFbB
0pjLiK5qb4Zr0PWRNkdd2o,1RYBZgwSVD3211dmEI1PhD
4og9jrin5xH5JiFPbeGUPb,0aqG3e2e7cqcYitynssLLU
2kucQ9jQwuD8jWdtR9Ef38,0oDDkafimkfmBVssJF2X64
7aRC4L63dBn3CiLDuWaLSI,2ZkF6zANeekBDgwMFGLIlf
2mTXtWA6MHFws93KAA5rVt,7iReNVXejUYIkrhZLCQN9T
1qiwaJwjKod5WhcYZ76O1B,6Iu8toVsvCc3I4INxYiVIy
5dHt1vcEm9qb8fCyLcB3HL,2h5LDCGJCWUyaoEXQZHky6
7c0XG5cIJTrrAgEC3ULPiq,2h5LDCGJCWUyaoEXQZHky6
7bXgB6jMjp9ATFy66eO08Z,2h5LDCGJCWUyaoEXQZHky6
0SCbttzoZTnLFebDYmAWCm,082BH67sSIDefLxUp8GgNm
1i8SpTcr7yvPOmcqrbnVXY,55uno9tUFr9N5Gq5Rnzfwd
1SupJlEpv7RS2tPNRaHViT,55uno9tUFr9N5Gq5Rnzfwd
4q3ewBCX7sLwd24euuV69X,55uno9tUFr9N5Gq5Rnzfwd
0k7xoR8j1LbA4VXbKCH5dL,12UVmt96lb4iU1awxRnoMB
2hED6gNVoqGvmmX8i5dRoj,0xAT19PSU54ExVPjdt2kTI
5BRAUN0yN8557PLRZIr02W,0xAT19PSU54ExVPjdt2kTI
0PNyNiPpI6zQnbQyXDPQzu,12Np842rdMCgCRfzOJZxiA
00sazWvoTLOqg5MFwC68Um,5PltkUc68UtX8ZOWRQV8Qw
595sSXSxt1PkbmEGTJjOaZ,5iH1vmioHtV8EGOF9aIGBm
01aC2ikO4Xgb2LUpf9JfKp,5gRwx5vpeXUA75GmuqwByn
6aIm51fHkokqlJn2vzNTH8,4gYYnEN41doINCMXvAi9V8
0vWCyXMrrvMlCcepuOJaGI,10dFyMDp4bVDX5nqXJFdUk
4Ai0pGz6GhQavjzaRhPTvz,0OVCvZW4YHPLZKRVEvd7Oa
6RiDY2YwZ1Ll9ixMtUV5a8,4WZt91NWvfkkJsesFbIhQk
5Rl15oVamLq7FbSb0NNBNy,2LkWHNNHgD6BRNeZI2SL1L
64g59lHsc4g2jMFokrKDGW,31CFF4SUTpGpcPoACFQ6K7
2qnpHrOzdmOo1S4ox3j17x,4NyunR1H9oTh53OTEktFBO
6d1HqiWNEKV9zFqQM9WeYo,324LXtvXAeKBeDIN1NkGuG
4NSyPddPUVUfPVMiBn9UAg,5sKerX6ARm7GpNCggJ9z3t
1qBSTVOOFSTKWn3TQUtWqw,4Xo1PQX6kP7E4VJjcrwCuw
0A1oy7PC7fdzURgaLaWkL1,1swTtBUXzaYRKMAPKukzwx
6Mj20Zm7PRpGzoNN453mSq,4oN3woSLFWiuf1tS3BmQRp
3HiuzBlSW7pGDXlSFMhO2g,3HnNyOdm1T23RfhXl78CLt
0MeLMJJcouYXCymQSHPn8g,2iJfdLwCiFOcVD6T42393M
6bJsL44UKeEydtlJebQI9I,41GteJOSR9ItDaAltqpaGd
5ebPSE9YI5aLeZ1Z2gkqjn,0kaULzpPe7UGxacdVaVtOJ
1r1uxoy19fzMxunt3ONAkG,1SiSNGAf4CVJgF63NJyTw9
25UVM4HwATaXX6M7SXT1JI,0KlFDQwKEwXt70Gdl0L8KE
2txHhyCwHjUEpJjWrEyqyX,4oSEzHyFCgU9NP7TBWa2qj
3ewd1UqC9cTejovPED15BS,35UcF0fsrd9r3EJElSMG7Q
7xSP5ABX7IOegINeUtUVay,0dIYBkNpcKisysENNEnNWh
31CtLHmSL7Oa7TPU9YyBEu,1S1OiMHdZpEZ0gOo8DTOo1
5pGF8DcI0mebqLeVLlannM,3CM7IAJoKnqx9rl70pq1xV
6HAyum24LSKWHLOK77kSVY,2HQsmpOs5a2hyOcklWmnAV
2ItqDyOHeQBaOPeZmKVu2p,7mkN6sP8t2aa9ReN8Ir1oR
6uGKydhYXrVOEXM6QbVzyH,7mkN6sP8t2aa9ReN8Ir1oR
0spHbv2fw49lDMkbOAdaqX,0cRTPyV93KGOtBUMGTfp2b
4aemlCxfmvFjJa8YKvaiJI,0cRTPyV93KGOtBUMGTfp2b
1dOMFM5wDNsENQQW0nl0K8,2taCIMO9i00u0euzw9av9h
636Yuw9EBCEsZDAyWJibEJ,2YK6DWg1bWnYmuS38MpZFU
2qTzlkPoxUuObMoq91dLtV,2YK6DWg1bWnYmuS38MpZFU
6HHiJpcIClPsOg2L7QXspb,2Ak03lpgayoMATakQboxLn
6eJRqkCcePqNJkhk98IDbc,3NCEDmtJcN27K962nPBBmH
3nFkdlSjzX9mRTtwJOzDYB,0z3nweFUGrzH2UZ0pohPAn
0aZu9zUfF2EgTHyBbZlW1C,2O1eye3JacqELubyVNzxfQ
5j9R5dTGerKvdXopZnfJh9,6JyOJ5Vc9qCxVRDIOyftm5
2KxjMGXFgX1vt9grpbD3xI,2t9TlsYchqDdr0n2TTF6s0
6MxlVTY6PmY8Nyn16fvxtb,2mUQFimneqNHEAh8TL0Jug
71th4FPdhGaAHVeng0LfRt,6a65mffb2f87mujO74EA12
4ZgIWfyg9BkcqnJJ2xVR3f,6a65mffb2f87mujO74EA12
2dIP3oiEt0xB8CrfSqN9Og,66JBV8UizalidC3twuqK1z
0OWtaM1z81DliQXntU4KaN,5kiSx7TJxFSJc4AwwFqJzz
0Y9K99X1XZqnD7IE1gO3gt,412dGDG8nLUngf5yWgVUQ2
0UWZUmn7sybxMCqrw9tGa7,3nZrIskMQdaS5KWw45PIjd
5zzrJD2jXrE9dZ1AklRFcL,1ivkZkfGqLU1Rf8E92hxwf
2elBjNSdBE2Y3f0j1mjrql,2mfQMCY9GF34zQ8bqhIrmQ
1IAEef07H0fd9aA8aUHUlL,1gWre6I0Dc8gn10rKCY0sJ
6vXTefBL93Dj5IqAWq6OTv,4LOpELq9O4yc5EhgNlXMpa
1Xyo4u8uXC1ZmMpatF05PJ,4LOpELq9O4yc5EhgNlXMpa
2oZVtrCwHyCZlIWAwy3VBn,0q7SIixmiava8E6v9BO8xs
6d9SnuHI2bRer7c76d8sLq,0q7SIixmiava8E6v9BO8xs
1Yy64kzIO5Ryx7iuHqoImy,0q7SIixmiava8E6v9BO8xs
2oQX8QiMXOyuqbcZEFsZfm,7yS1RMcw03GA0N4jbl2bgU
5GcWBUX00IPuWVGMIRK1sS,6yClcORh3xiP9Gg1aqbvZ9
3N4FiTxpPQRsrihmTMN349,0vNzoZ2y8HiQPXyhjxsZvA
3AA28KZvwAUcZuOKwyblJQ,0NvirtaDCaZU5PAW1O5FDE
5JXhkyafynxCvxtov7C1PV,60leTuSu35CCjcrpV2RHGQ
5ADSZA6X6nJBe7pTgcE6nA,6VB3iQvl5osGIQyaJv7vqm
4EEZg8R3dxbTCCQ1DVWtHg,6VB3iQvl5osGIQyaJv7vqm
4tpUmLEVLCGFr93o8hFFIB,6o4STrKI7oQoWppn6Nkdp5
3grHWM9bx2E9vwJCdlRv9O,2R5PAxygJ4YeRuSwoalKam
1PJVVIeS5Wu0wbZDhtC0Ht,2R5PAxygJ4YeRuSwoalKam
5BO8aIDUyNtvnq98qMIs85,0pBF3BXIBvjoSzoYXbwpji
6OvSTrmGE7sLhy0vnmfcpU,2lmXOunRvqqEEiJRVRzOOv
3kTyCE7R8gMf7Ms1S1IpCR,2lmXOunRvqqEEiJRVRzOOv
4sqgE7XhJ2Cvu3Z4AvFj0j,76FXHQhTuT4QMIxfL09gX8
1RyvyyTE3xzB2ZywiAwp0i,7K6OykPbezfgKgBufihn6X
4UVlSeEFDPmlkYKaRMRoOz,2tH1S9Q2RUcLrOizMy9I1K
5XlSS9O4eHRiJ0hKzbaFQ2,43qobCIpLpsxshjc7PbAXb
3DWjEOfsm596u6OdskLe4t,69uLe8PRldwEfGMpS0332j
0vR2qb8m9WHeZ5ByCbimq2,3nFMhhRvntmafaNnxJqcYX
4pADjHPWyrlAF0FA7joK2H,22CbLhGKCX4cWs8ajlo1bm
5hgOjk7FGUwJvo1J3oDK9R,6Wqbd052w2anRHu1yjRTPr
25uiPmTg16RbhZWAqwLBy5,37rI2gAtakAmSFtbIE9THq
1h5O32I1o0VOnpLmKXLfRa,15gGqbI9XtUGoClVR33kmn
2E6Nnh7AAOVajEHHRDALav,2iB2b6Vw1eOWJc4ZNQPLhW
1t44XSPiW7z8PebleCo7uP,3qP35IG0eAuq1ENKqrNn8K
52azpeiy7FKa0hoa8CwL6E,3qP35IG0eAuq1ENKqrNn8K
04DUpHOyQqwbHFyvIhcGi3,544YLUAEKImL67ddh3NPz8
08yxJfM5RnFAjJvMJIFnvh,49sSFDKxt8QkvJpKYTEP0l
59jlthNnbmim5l9tmNA7se,49sSFDKxt8QkvJpKYTEP0l
4pHDBbJMWvniiMjrhi2rfE,5oFhCtICV8D4Hh50FU32BG
6J9Vq69rGl3fJftWDT8jaK,3vnghXv0nvTINC9zLFFPnB
7MiDcPa6UiV3In7lIM71IN,6FX3D3ksaiyM7YA8x91l9S
4C20AUsp5T2VNHmzSTSzYn,3Hfzq8ppZoC0pkwTuEMF4g
4AKwRarlmsUlLjIwt38NLw,0kmIEXs6tj0gcHYBiZp7xx
1sBkRIssrMs1AbVkOJbc7a,2O5841tkIKVcWFQTMHKJlw
20sxb77xiYeusSH8cVdatc,2O5841tkIKVcWFQTMHKJlw
6vXTefBL93Dj5IqAWq6OTv,2O5841tkIKVcWFQTMHKJlw
3nFkdlSjzX9mRTtwJOzDYB,2O5841tkIKVcWFQTMHKJlw
0QHgL1lAIqAw0HtD7YldmP,2O5841tkIKVcWFQTMHKJlw
6L1D8jvWy1L2O27T5mqn8z,40EDAH4pR1cabq0ebLrfD2
5iXYJYmMcjlTFL1qA8UfgY,7FRf2pzChLAhYLWL55hmlH
0LIQJHtaj1P8K7CFMxqonq,15egQXR5QFe5oyqH0U4rlE
7C9hIwTUxeWIJzxK6rGH0d,6FLtXL76cqZVn5f0L4vR84
35rFgnhlSSYflP4HpC3JM0,5ucGsqmWnXrx69gHS3ldOV
3uldWM9IRZAaneA2YtDu5H,5shBLuRyrPtZ4kH3seHPXi
4sQNUQjOYj9rV2sdfJ8laS,4c34VLWSkCUFTOfPCqAvfM
17lzZA2AlOHwCwFALHttmp,4XRo183q0BeXbtJx2d9VWI
15UsOTVnJzReFVN1VCnxy4,7ifkO4gppMVf0HNy7JJDHn
2rhFzFmezpnW82MNqEKVry,7ifkO4gppMVf0HNy7JJDHn
3p3jPcp8b7WL9XYj4xlsWj,6yYY1YIGjTk8tPwyTIyx6c
2i8526w9fGlJcGVmepDyM4,6yYY1YIGjTk8tPwyTIyx6c
5SXEylV07TC57eanSxxg4R,1bAQmWedFHr9gkf7iBlqAE
1fnDlUNi67FQtHHqBl4Yfg,4AoyrrJxh8ArnS2X8Y06dJ
4xFUf1FHVy696Q1JQZMTRj,4q3SkZWPYJtKno1RbnrjL4
1xT5p0VBpnZDrvVSjX9sri,6b0ipkFRwnrtJniaMRXGUV
5qQTwkRWNaZngwkU1CPmYJ,6b0ipkFRwnrtJniaMRXGUV
0N0d3kjwdY2h7UVuTdJGfp,7cpdHFI1QRqKG9OmXJ0G9V
0dUHLXev6YWtI22rtU4TSV,7veGag0hiRIo5k2EZhtlJl
2Sqr0DXoaYABbjBo9HaMkM,2RRdk9dTPqgDdeEWRSflbg
79D4dipwR6scV8AN3dm7gW,2RRdk9dTPqgDdeEWRSflbg
3ao3jf5d70Tf4fPh2bnXVl,2hc2nl6opteMmG3LCDVt0e
76rOhzdFrZx37hyeA5cQgZ,2hc2nl6opteMmG3LCDVt0e
7cwpp7caWpzvusuo7wUHHQ,7n2eaDnp87cvtj1910E8vP
6AcOTCYBMvjKYy4zms0kaC,3rgETN4XlGeTJaU4w1BfEO
4GepMkTgrIZECoCC55vqjW,14tuHLGkX1VUaPiteXdoVq
2AZOALDIBORfbzKTuliwdJ,5s1szSS0a2V9biUld0YdNK
718COspgdWOnwOFpJHRZHS,4Nr8sEsN2h0xMbqJNsFbyJ
4ofg0wyo4TjuNtWQ5XxZhJ,2w5KeioTKKUi2rLyH54WVD
0kqRUwSJCCooeI3hNRsghY,6Wk4vPWEk0pULXuAZmwpRV
7pwoWOh2sbcmRFkk7QWQsS,5dlc7AMvdxeW2jUl0Fe0L9
1mbgj8ERPs8lWi7t5cYrdy,6MuoqipFgorIZEYwGWEFAU
0hEurMDQu99nJRq8pTxO14,712VoD72K500yLhhgqCyVe
3PtKFI3Py8YVd7JhwjMeoN,67J2dREufTeiWGalDC2GAf
