artist_id,track_id
6kQB2RN7WwryMdJ1MoQh1E,000VZqvXwT0YNqKk7iG2GS
5ZsFI1h6hIdQRw2ti0hz81,000xQL6tZNLJzIrtIgxqSl
2HPaUgqeutzr3jx5a9WyDV,000xQL6tZNLJzIrtIgxqSl
3qvcCP2J0fWi0m0uQDUf6r,000xYdQfIZ4pDmBGzQalKU
3pTE9iaJTkWns3mxpNQlJV,0010mZpCCwlPwoBiBsjoac
2D0u6nyYzRpoDvJe6sOBXu,001BVhvaZTf2icV88rU3DA
6iDaoPZVgxrTkndDCisX8F,001CyR8xqmmpVZFiTZJ5BC
1aTDTChWWyiJH3SEnYrdVp,001CyR8xqmmpVZFiTZJ5BC
14zUHaJZo1mnYtn6IBRaRP,001bQcMKt86oNbnWne4EAB
5ictveRyhWRs8Gt8Dvt1hS,001m5KK2fu67yZ5ZW46LDZ
6dU7gPN2BhEPfO5QHLt7es,002HVvfZx6AKPzJEeimuu5
2jnIB6XdLvnJUeNTy5A0J2,002opcRBgYV5jqoh72QcqA
7cTBwZEDfYdYu1ti31AgPw,003R4eVgMYJqn6PaD3ShPF
5FAAR1LqXQp0HbgVfQ8ZWE,003xj5QO14i4q75qFblh3c
7a0G4CC3dZdKAAzVRnaRGu,004CHLDuagb2GLTYON5bQ4
6MxlVTY6PmY8Nyn16fvxtb,004XT7kCZUEJkVIZjmBdDi
2Otnykd696YidQYfEGVmNq,004q4eDxR33ci4f8m4flwl
1bC9HOLVFlK72XkztZKI9i,004r6DQZNkMagJyGBjyapx
7gbmX8SsfjEjxDMzBi1ZOL,004skCQeDn1iLntSom0rRr
4Rxn7Im3LGfyRkY2FlHhWi,004skCQeDn1iLntSom0rRr
11bdWrCwHE2gCdVARdASuu,004skCQeDn1iLntSom0rRr
137W8MRPWKqSmrBGDBFSop,0051XNkzp7FXjzG9dpijnN
2LiWxiQzuD9nmWQ6NCA8Gd,0051XNkzp7FXjzG9dpijnN
2lrtGWxNXWjd0JzDLKXubI,0051XNkzp7FXjzG9dpijnN
4cnFw4bkIWVGKUBsr93OS5,005GaX6hvgeTFnR9FvejTE
6HZr7Fs2VfV1PYHIwo8Ylc,005drRcJJFgFHgtxSJJO0v
09kCHZp9iFO2FJNb9lR6G5,005ojEjmGPAfBptQDTYi5T
5MKHjGZGjZ7mZV0JPs9iot,005ojEjmGPAfBptQDTYi5T
5xxkw4ElO0WX3v4i1W5kAQ,006AVH7fq061voGXkUiII4
0VuyN0xzSqykiDB2MxihTe,006SglxPR4kFundfJs51TD
5nlQijI9hZ50keRqmLVov1,006WRVtgmwxurJh8CvJEec
5bSfBBCxY8QAk4Pifveisz,006f4XC6oHnIKCYvlI5gbD
2SdOKxC1sSxEyv8JYERaNe,006oQzCztQunM3OK3FOUUA
4yTuL3DV58ipi2dn3up6ny,006wUABTBP0B0QWDapfZBT
7pFeBzX627ff0VnN6bxPR4,006yrnQMCZpiUgkR612gC8
1AL2GKpmRrKXkYIcASuRFa,007QSAaELpVxtX5Z6dMn0U
7vo2Hl0NDiBr6GcyGDSLFZ,007mFyG9VvwCfQVYS0Aa87
1TJbmc7jTpw78GKCiMpvDh,007mLuAjJi83YbT70hThvx
1qDjgJp4309K5Luv08G0gz,007rZj6pYd6OWlI3EqY82O
4zKNSiS1LD7OT0z3hTqRE8,008INoe6nqquN4Rkfkfg6M
0eHQ9o50hj6ZDNBt6Ys1sD,008Lxsuwhbm5sIwdbJsPjU
4JzSg7hCVUpBkkp7puEz31,008Lxsuwhbm5sIwdbJsPjU
6eLpNMX3ZygSrUuxAlIWIx,009j4tQyJC53rmgTuXil9E
24eQxPRLv3UMwEIo6mawVW,009pjwnOrxcHjdg2uCuszR
2jLNoI1JBkPjnIa0qCWLVa,00A2WISItuZYi8uHEvtH3H
2dkbKcHXhN7ooFBdqAV76G,00AI4cRmPek5ivn4lidqOX
5HFkc3t0HYETL4JeEbDB1v,00ANezjn7uJm2J5VWMYcwS
20sxb77xiYeusSH8cVdatc,00ANnYctEGGhcmOJ5omaj8
0A7g2YbCA9FlyZvAG6VmKP,00ANnYctEGGhcmOJ5omaj8
67RHRuSjSkZEqk4BOlg1mz,00ANnYctEGGhcmOJ5omaj8
6N4HlHINMvoTyAL0yhBUCk,00AiyOJFuhxqwsUDS5Cxsy
1elUiq4X7pxej6FRlrEzjM,00An04LOF36saBLHZpBRLH
7x8nK0m0cP2ksQf0mjWdPS,00AxNl4D4jHL2AEf1W55j5
0QWrMNukfcVOmgEU0FEDyD,00BTDWR6xCaGdst6cPKkpF
3E1183KUB3zNns8aU66tQT,00BYAj1kUfp0qEJuwFxWgd
2jku7tDXc6XoB6MO2hFuqg,00BnfL75e8vHSGCmwUWbEk
6wAdcWMCHvamfged5FsKBD,00CGMygJmpUJGUyRsYRUbe
5aubywQASFk4xdR0fVTxFR,00CQJXwhMPdoyXRlITsoBT
7rDHusYGKfhI7ZNIGeUibU,00CQJXwhMPdoyXRlITsoBT
1KP6TWI40m7p3QBTU6u2xo,00Ci0EXS4fNPnkTbS6wkOh
6liAMWkVf5LH7YR9yfFy1Y,00CjPU9Nv69kf6YofOIazK
26T3LtbuGT1Fu9m0eRq5X3,00CqEmnPLFKDhAb3cuu6Cs
6sUbCA1obWzdoJ1FM3I9Ks,00CujlY4ya5p2FNDu9BCZP
11gWrKZMBsGQWmobv3oNfW,00CujlY4ya5p2FNDu9BCZP
3t7UqWteBBmHXkcVhMSyay,00DBKn29OAvVfQjrEbtw1C
69BUYvpG9MbjCyIZfsFdhJ,00DBKn29OAvVfQjrEbtw1C
4Va55p3P2P96lIgzntievo,00DH09LjQrlTpWTzVwBU0Y
5deK5HnwbEKvge2svL0i0B,00DH09LjQrlTpWTzVwBU0Y
33xmh99C0KxDvzaPjR178o,00DH09LjQrlTpWTzVwBU0Y
5zzrJD2jXrE9dZ1AklRFcL,00DLDbWqrOhC6cEBr7zkjj
6eTEMo2irgozfqcK4dEUeE,00Dy1ZWYXpJauvc0CPmHFr
3yfWUSGy6eKYNr7hOeJ52Y,00EE6U2juZMvGuMUCTHuas
70gP6Ry4Uo0Yx6uzPIdaiJ,00EfcDboIDLWzvPypeWGDg
7z8fkGpUDt6eb6fyysRTH9,00EnN4XfNdQYzOh6oimHfc
7vAi1lm9yxFrqh15TrhxcH,00EnN4XfNdQYzOh6oimHfc
1Ars2RdXFbmt04pZ5g2RNr,00EnN4XfNdQYzOh6oimHfc
0lNg9YtW8USxeZZnEqz3RQ,00FACc7SXgRdodfCeBG8Su
0Iw7lK17jWp0l7vi66ranh,00FF61Oc2RfR4HysYyvxt9
4aXXDj9aZnlshx7mzj3W1N,00FWuEBvnitgpbMSk0XIoN
26AHtbjWKiwYzsoGoUZq53,00FaBIFXUfzaaVcsQmTTJY
6HFxqZ6WaTb7TQUhNsK25o,00FldKRY0RvsKorwsMzNt3
3bYxu7iTj7n1GALcaEwYkx,00Fp3LOaHKRGvgSM3cws7f
43tAs3kRWvyu1B7eZOv2pp,00G6GfVa1uUyXBEEaqytL5
2D38buglrcCl9TMZ45tkh1,00Ghh8AvVnxzX7nl6ThOln
0OltT51j3hIkgaDJqqPzDn,00GwxMge3vIOMeV43Erckc
5K4W6rqBFWDnAN6FQUkS6x,00HMEiBMDkbNCHLJL6zqVk
18HVMQsV3tINaTyzT5UIjH,00HMEiBMDkbNCHLJL6zqVk
4ULO7IGI3M2bo0Ap7B9h8a,00HMEiBMDkbNCHLJL6zqVk
0SCbttzoZTnLFebDYmAWCm,00HWHVerv16snyQSRrfVWT
3CGuwWgoCYSO5Z72H5G2Ec,00IMpdorXDMjMCSeSH0NVV
4BYxqVkZyFjtik7crYLg5Q,00IuYbkpL3bQilWyhhR7aE
3SgHzT552wy2W8pNLaLk24,00IyeP7sRybKkJs7Y0kBYW
1pSefalk3Yw0CblqfLvy05,00IyeP7sRybKkJs7Y0kBYW
25x6MD0spNNS7z93Sat30K,00JbznfNVCiSSqLXI7wd5B
2ZRrPOjBIWoKK5rHedLijj,00KSN0qtGSeYX9qFClCEcg
1eKIYOevfXDbtnLe5saz94,00KcJmQZDQoSfTPbd1afPP
6XyY86QOPPrYVGvF9ch6wz,00KfIFi2TpAaQGPbRbFbKJ
6LqNN22kT3074XbTVUrhzX,00L5zl0hO6lO069lzRWNkW
6rcE30MaP92XafelMNZ2Sq,00L5zl0hO6lO069lzRWNkW
1Tsag5J854qxeOo2apszug,00MGnvXDyTlYlEqu5EYDlH
5v3TYN6Mmi5vxV2uSOfXot,00N0HLqc3ebGR2DKcH8cU4
6ik9bjjFeSdO1cue8p2V7G,00N0HLqc3ebGR2DKcH8cU4
3YCKuqpv9nCsIhJ2v8SMix,00N19SVEo6XJFaerouyckn
7rdiGVXL2fFyONexHzfKFS,00NLANlysX9yJpOD3mfshw
5pbzj8JGUpUCMHESd1yHFv,00NbQxhcyg70ieqxsKbnCV
0TnOYISbd1XYRBk9myaseg,00NmK2seXpRFNAEsRBe7lc
0AJ9YvsEOnAqMB9Q15TfYQ,00NmK2seXpRFNAEsRBe7lc
5zuopBYKiJaChp2XlYxtB8,00PhRxMpNWMaIgGLrYeSEB
0Yb0T3wUUNiIvHjqnfkbuH,00QuXoF6LyKwH9xz7lXGdf
2NoJ7NuNs9nyj8Thoh1kbu,00QuXoF6LyKwH9xz7lXGdf
2U5mF0PZqGu6glnz55yY0y,00QxPiv5tWA0DivDF4bFzR
3xbpJdoJDLAfYn3ZeLlukg,00QxPiv5tWA0DivDF4bFzR
4BNWanhw4AjSXjBm9L1Jzy,00RAe9PMz8cjuaRCZHQFaR
7GkhznErka8OWEHJS05Dpd,00RXRO3lMRX2jzqSLPOUYG
0SCbttzoZTnLFebDYmAWCm,00RY8ND2vmnVaxG7fi2Ndd
1l9d7B8W0IHy3LqWsxP2SH,00RYw42tKwXecTaVay3BKl
1QNEVFk8MjculKl5977kfy,00S0eOLwzdqcC9V8hmigD2
0cGUm45nv7Z6M6qdXYQGTX,00SlXYapXP5KuDarLc2hUJ
0ONHkAv9pCAFxb0zJwDNTy,00SlXYapXP5KuDarLc2hUJ
2ifvIECHAlEgPMBuBOJ0lG,00SoIMYmXRmDelWr3oInEU
7a0G4CC3dZdKAAzVRnaRGu,00TRUnuEogzrVx5Nvuhjve
6XFITTl7cFTdopDY3lUdlY,00UDKVPihHe7Nf3EBMPhim
77GVmrLGuxNEvj2ibvT62v,00UDKVPihHe7Nf3EBMPhim
3jGlU8UMMo44I2xeLQ6FD3,00UDKVPihHe7Nf3EBMPhim
2OHKEe204spO7G7NcbeO2o,00UDKVPihHe7Nf3EBMPhim
65PHKFCs7HHGUXdOlqHwvK,00UDKVPihHe7Nf3EBMPhim
06cd30Cv9US973Ika84gDw,00UZySJXRYQgnOrlzluIIm
1AIrEsIWKWiJJ6lfkLmtWK,00V2jgXWvvwY5wWan8buzm
7iymigONRODGl6XJIprcuF,00V7hys3DAMc0odkTw2TeI
2BhSSiFfl7HHN969F0uEa6,00V7hys3DAMc0odkTw2TeI
00sR4i1EQSQrNjSVJkeqYl,00VKjTegmSozg5BEKbDvoy
5olcgTzelGdyP1rHRLyWgs,00VWUa96Clte4uNEv963vn
1cA379ILgR07m7XQVXyP6Q,00VWUa96Clte4uNEv963vn
5syyAQTWJ2BaLtjOKE99MK,00VxlBCTky2MEXU0o5f0R3
2McLd7klWE4UjkPLqqMwLv,00W0J8q6WkTWPSQpf7ujd4
1URnnhqYAYcrqrcwql10ft,00WFoR7tPga5Wj92MSR3eD
1CF8aEN939swnuIZGFI7Hk,00WVclSOdTPuLYTott68Wl
0WO1Yn4pcC30HOKLD68JKm,00WlhL0LSsLLPxpE26ulrs
6l3HvQ5sa6mXTsMTB19rO5,00X0ABCr4AZpT5GDfwjdcg
3NH8t45zOTqzlZgBvZRjvB,00X2yv2vrtritPt2CZnUTZ
278ZYwGhdK6QTzE3MFePnP,00XP0o05u7lD4bGuBvurQj
68h2f0WXn4zEctSgNYozXx,00XjwOz9DOU0fKnh17GXOv
0K2WIX8cdlV9jpIvse7vxs,00XwsB20bwisKzazPgO4RY
2gRP1Ezbtj3qrERnd0XasU,00YAn5zjF18r2LTRl5jRVT
0SCbttzoZTnLFebDYmAWCm,00ZROeHf7xvMw5q8wAYf9O
4UpdjtYWiLUuaFT18TefcK,00ZVirYmp7wZcnbaz2e4TO
7HooMDZWSlS5FmEzJKrHix,00aFk1wjKelA5joWa6oRqw
4jaTFsCTmYIMLy645JIemX,00aFk1wjKelA5joWa6oRqw
3kklzjWziqW7RX5jQjsRnb,00aFk1wjKelA5joWa6oRqw
6XXPLVj62lsUtiyDZvTXKz,00aSUO0t0C0mOEcNiCpkZp
3lHXm91pKLq9Sxi6CoRKWu,00ailAfAjjifgelyFD6nHP
39rKElzF7q6K4O2flycSEc,00bAw28lKcHj3B94a1wJle
61if35zz1W11GejEkxTLEQ,00bHxCcteaAJhU5WiP1mtf
29aw5YCdIw2FEXYyAJZI8l,00bHxCcteaAJhU5WiP1mtf
5YeT9gYVH3yHYwKPmUdmJK,00bHxCcteaAJhU5WiP1mtf
6sqqGHyJ1Dnt1qKKe9iGAi,00beHO2oTWTZMfcGukiHo2
4oEWPXhZkFvFOJhaWZSLBx,00beHO2oTWTZMfcGukiHo2
3f5fB1YUbkUnW7cf7I0R48,00blYtuM22dQpn693F2BlC
5qisLjDrKoHMI9zOK2hfzs,00cbRAOr6wTPE9WBMejhiM
3gz8sBWqcMQ0qsrZIoVphx,00cbRAOr6wTPE9WBMejhiM
4EfDnNKz2dl0KND2oQB3Cc,00cbRAOr6wTPE9WBMejhiM
1R4SZjsnu91VWf5BhkKdH0,00d0mhp0rihlfqch8l7MGU
4LbK7Z2FZbXlk60XtDZlUs,00d5xg90Mvl5bvK18oliSI
4JCHmi2aI31AP3VsVKE2ks,00dBDFxN5i4S6Ko00jKqNW
096an3uS6ZaK2XySae6SqP,00dThTUpPME0XhBr6vHmkT
0W8xe7IqAPlnBRMUpWOUuJ,00dgK4Nln0AJQvI66SLRDb
5NlA3ayVBDY3uDCCEZ1dID,00e1c7sY2YmpscKwKdddX0
2bxxlINUlcMQQb39K7IopR,00eP3Re9E5u29vdU0oPuRK
4Ly0KABsxlx4fNj63zJTrF,00eQhZv2u4X3qNTKAPbyGU
3tPpoDdowDWluwWsKdxhY7,00eSBjcEtF8WcKyUKE86ee
3MXwHgXTLymeCniKY1H3aM,00efU9s1tVptQB3SUabGvu
7HMkkJU8KMSMpEZ1RA8gvK,00gQlL5wLo1puyxaTrXIdn
12zOzTSaujBrC0wvlNSFwt,00gVLA5wOtIOEUoZcXxhCq
1lQO7ePBTp5yOfVK9hicoJ,00gqmd4AWQxzwCHIr3evjw
1CFCsEqKrCyvAFKOATQHiW,00h12tbjC9Aa5uEuq9HrgO
3Ig1cmnFAUxpTEYVjTRkLo,00h32OTWBwcKSogvu1G2ZB
20JZFwl6HVl6yg8a4H3ZqK,00h6syYCxPKVsInPHXhdZ1
3TOqt5oJwL9BE2NG9MEwDa,00hO26UwCgpDmViG6crrnm
1NU9Em6e8dDo36Js6nEo3t,00hTw7P6jPUio5Qgojw38w
1e6dQzOjEh1eHhme10gUjm,00hVcKODz4Ch9gj0zWEz6M
7HWFXU9pHBj0u58yoRwwOJ,00hgtJwONC7jG6X0GUMXvv
1U1el3k54VvEUzo3ybLPlM,00hh0NPClA0PJetfwn4k5R
6TQj5BFPooTa08A7pk8AQ1,00hlIlc6Ezzm0KABuxulgW
5he5w2lnU9x7JFhnwcekXX,00hlIlc6Ezzm0KABuxulgW
5fMUXHkw8R8eOP2RNVYEZX,00hlIlc6Ezzm0KABuxulgW
1uNFoZAHBGtllmzznpCI3s,00hlIlc6Ezzm0KABuxulgW
1HxJeLhIuegM3KgvPn8sTa,00hlIlc6Ezzm0KABuxulgW
7slfeZO9LsJbWgpkIoXBUJ,00i0O74dXdaKKdCrqHnfXm
3IzFiozYX6N0Qoz0drX8w8,00i0O74dXdaKKdCrqHnfXm
1KCSPY1glIKqW2TotWuXOR,00iCRJ7pk3onHablkLyVH1
5NNlkZBrBpOJ7C11JwVxIj,00j7NgyKytDYlBEpIv4QPQ
3hXDMlrPegHRO0zUvBsRSI,00jd79CdpyUtCow5cx7P6R
7hAolICGSgXJuM6DUpK5rp,00jd79CdpyUtCow5cx7P6R
6JL8zeS1NmiOftqZTRgdTz,00jpfzztJgSupflbzmH3T1
5he5w2lnU9x7JFhnwcekXX,00k4IcdhoUtt3fBATrDyhh
4boI7bJtmB1L3b1cuL75Zr,00kIWJu9IHiQ6i0qJAU0Z9
62huveC2Mmi9nfW0ySqNwo,00kWGi3KI7xqeVpC6Kkaqt
4pVaQcaBqbvk0ucB4r65e3,00l9KCQeplWA4aGZWCyfes
2KjAo6wVc9d2WcxdxSArpV,00lMz2LLP4tTBK1EQs5fSZ
6JmzdIDSQdeHg0pocIascm,00lMz2LLP4tTBK1EQs5fSZ
4fN32efNcPfJXVJ151noby,00lz7Upb0bJLdFEjieRNb5
3xNhaqwvNIAP57dWgMTP1d,00m2M7qkAZ69bazdXVx99z
4qFxP3qN9GsnZDOkAE6x2m,00mBzIWv5gHOYxwuEJXjOG
5JjRET5uKA0tHD0u9CWTPI,00mX5OzWnm7mpo8le5hcxl
26JloX1vHxGGrGUVeMItFJ,00mysNHejF7KdBNhdopXpQ
6Yv6OBXD6ZQakEljaGaDAk,00nxCCaqx2UF2d6w2tb9PC
6kQWPGBItT0oMCHZy3M9DN,00oQl8RFiv7dYavRx3U9IA
6aaMZ3fcfLv4tEbmY7bjRM,00ogmsZiK6dB0QVUDBeehZ
31uyAcnY0kjjKKIQZMKX4i,00omBVEASwCIMq5vXHD2ie
4KNOiPBf2TU49V5OzzfRzh,00ooUMfzuVRhD1w9fnQhAZ
18Hn7zwdTocIZ0V8wvI0BN,00p3wMZcWloGsEGvBRcmuK
2BHswvFd8tMBizVWGcAMLm,00pLvXMdSXJG8HLliuWTWt
2ZpL63qTWuZvlCiDAJewPA,00pLvXMdSXJG8HLliuWTWt
14RkTXnwrf6D09TfPWcR5C,00qJCrBeIkCWog7b2zRp69
2ST5XwWB4uXGKk2NXP8DUI,00rBZrXRiVFTq21bksu4Xd
46SHBwWsqBkxI7EeeBEQG7,00rZbQ8sYG1AuXpGjmOpho
3wRGr9z5I5xmmVc21fIvC6,00rmsjfesXsyNfQJpGKm98
65Hl3kqIp39UAQcG4FgSHN,00rsJA8H0HO6NxWsT6ISCg
67OIf7vgqZq9qFuDqmCFyI,00s11tE8e8PVuVj9luoJQN
070kGpqtESdDsLb3gdMIyx,00sBZrZvJmsrtIjXK0vsh3
3DK8L6LNTwmg5l3KfzgcRx,00sFLCbAGFeknTHUv9MTse
2WImpqiHxgOKw0sXNOGtWl,00sJbK3XvDlQ1wnsWGEqVD
2gPLG9mGaU67woC5L0luYA,00sWbC0UVmFd0x0q3alDnK
0SynfeDjp6cRbduvtjry7n,00sdTydRkPM9HI4KxkQxRy
6kw9NLPmn9FdQq0gAIx0Bj,00tvWsRBuRwQ33Aq7uZPos
7a3g8JUF8iipgP1BCEsm4I,00uBikdwYaPGhWdsZxulx9
0JC4o7RAl3GNs1MbThyuoD,00ueQGOP5Tbp0sjOCtDrA8
15koaMpbi0sIFsjkWf9IgU,00vImTQe13pqjF5AEFjcoK
2fqeW1UtOlUpnobQYoRt5s,00vUrusmasV9tsjBJqYtBI
0Rq2hV3S3O4JMWbL2B510w,00wBRJMvirudkGVbU3t2bm
4K6blSRoklNdpw4mzLxwfn,00wU6YKnzNlavZ1TPpLUlp
3CckGnXzzJ9GARII95dDek,00wWSS82pM5L0CZGU1rYIC
19HgKsSbdKYlYmitK3Y8uP,00wx4uDQOlYl9dphJXCWcB
0YG3fiiee6tHuimu1klAMg,00x1Stu0FrYELVDpmCMRUm
3utZ2yeQk0Z3BCOBWP7Vlu,00xBJ1IJSkErFWuuHxLPoP
4W3fa7tiXGVXl3KilbACqt,00xROqagTXvH2PZKrGoYEB
1XpVrDPWfcwfoiibRjyBvc,00xYAFzdikA6wVUnr2FzXZ
2FwDTncULUnmANIh7qKa5z,00xjXIoyDIQYSYve03VsXf
0EeQBlQJFiAfJeVN2vT9s0,00yKAtlfQbe5s6z8iHwWqb
1grD3RkZNEVH9vgPUxhIDS,00yKAtlfQbe5s6z8iHwWqb
1LKo6ZA3RNvKtLa6zDu32S,00yQl6VP2oHUqnrhAXEKoW
0r0R5nIjDY04TfxRM10Bcb,00ylpioXq9EFFUbI7gay05
57JVa2arbT41WF9qmi7C5E,00yqqKgbsnKosZ3hndFaVV
1wsQgjVFDdvI9TMaW3Pde9,00yqqKgbsnKosZ3hndFaVV
6dCz3spfpIvqqqsIoP6wXi,00z4wF0iJsp6GwDkQxkGs6
6QtJ6BVdj43aDpgjnVp2tY,00zncqXDgegVEncnEosjCs
3qdu3XhzSzkRhbwdFKnSuw,00zncqXDgegVEncnEosjCs
2UwDJeoMqYers5Jmm75zm2,00zncqXDgegVEncnEosjCs
4doI7TR51c6DTaveTwpIkg,010EVa2zhnPJlxHYXoETt1
5riS4sDqcjVAwvC37jxTP0,010zNby24HBoMyMZClgViJ
2Sqr0DXoaYABbjBo9HaMkM,011Dg8Hkelamb0hAuaijWd
6pdcQa7by8IKuoVXvgknlI,011Y5Pvrtt2rHLcYdqcJ2d
2RHXvm6gGpbDIsksQXJ1vk,011xoKDagylY12ofOd3qUX
0vMGGYcvLOnwg7t4kl33BA,011xoKDagylY12ofOd3qUX
5xuNBZoM7z1Vv8IQ6uM0p6,012Dp2HH7Yd2Vn06icBFQv
4EVSOMkocOlqAZ9ujkGrQR,012hwrpv6RHD713nBVUyg7
3GbUWWI1rMwAIPbUVPvnPA,012pvcJ7ANOyJglw2tXPWc
5vngPClqofybhPERIqQMYd,013IXgOa1zzkXMPDX7hhdC
1wDDq31Nz0yzwObGFUfsp1,014RXVFKrGRSNXjwrNVVwI
1yMeHVfw0TgGxBVwmQaZr3,014g5GZXFXDhT27dNwN1So
5aptPwTkTKmlPx6csmNJLA,014kSxHtTvubc2tXAmEmxK
3ssUeoVViu1S2RGl1hLmUh,0158bI3P1oQXWMG3RE3KFu
5697sWl951kKEnsCXGZarM,015BCBzbTyaGy01VopJlR9
6e2u9HgI4qz8Dzr7WBM3o1,015EqyiziMvVVKWAc6XRwg
1nlI6sCz1fw135KYwweoCk,015HUIezeLr63jM8rZHNCn
0vIM6xovGnCeWUNYR42Zsk,015bKqyOq3f9pAhpvQb9cV
0XJ5RIvhlOL0harjI9jZvX,016DP00vwMNLR10fT8jQka
5i0O6tyJDlb7ADVL0W7eeT,017dbEUVSuGK7YzU8CLb8S
3Aa7VtaDW1lJWX7NBGask8,017qYDiQ3s9Yp5PZbdtPzr
21O7WwRkik43ErKppxDKJq,017qykiMjejqcpbUtmE1VS
19k8AgwwTSxeaxkOuCQEJs,017qykiMjejqcpbUtmE1VS
0OTY72l7CC7ynKzp6N2o5b,018SQDupRTRsl1Wolu1X0c
6NTzEgUmN1PIBIYEHhf1kS,018YpDWBo5HaPmPPIOS6jE
6TKKVFCBfak1kInOPl7hCz,018ZhDj2b6ZUlsE8hddSQc
331m5tLxS4H6mBbwO9hCXY,018ZhDj2b6ZUlsE8hddSQc
4jHWpUyRI2rzJVimtasEBF,018ZhDj2b6ZUlsE8hddSQc
66Fb5gJ9SX2WGlqDLUpjux,018ZhDj2b6ZUlsE8hddSQc
74ZHOTPP0eWWe9kLt8jHbP,018ZhDj2b6ZUlsE8hddSQc
3cOArBO8veh1HWlpC3SQa3,018ZhDj2b6ZUlsE8hddSQc
6dEtLwgmSI0hmfwTSjy8cw,018kZPz2oWpyJpIF1EBpe7
5bOsFzuJ6QZMr86ezC4oXY,0194YiKINgCOppywsNv7FT
4vS7q827Cq5pDYCXqVjpsD,0197uIZMDwDQadQX0tvFEs
0VzfZ6oTUwavynHoN4Uuxf,019DBWo4co4B2zuq8WpEmP
7wtD7lCYoQJKvNcQYWhNXn,019DBWo4co4B2zuq8WpEmP
5hGLn3qpiqeiVutwFCgEbI,019DBWo4co4B2zuq8WpEmP
41X1TR6hrK8Q2ZCpp2EqCz,019DF8Hvg3EZVhFl5msAAJ
6RpuyfgMkG8lr9QD5tM8tu,019DF8Hvg3EZVhFl5msAAJ
7aE9KUqEEWrasYryOkJG7O,019WsMjCiq2cTb87qR0F37
1Wt63OMKtv6v2ivHuQLm2C,019j8UOaqlO7DAIGwG8QnH
0wr85NuJuAYZsRzP1lJgiV,019j8UOaqlO7DAIGwG8QnH
2A0ufAqi6d5dcg7bV1B9ey,019xlq3CAcoYYZVkvL7bnJ
3sz499SWVWLPlXBbmiZvNs,01A2WQYznjtWrCvCG1WVJC
1RyvyyTE3xzB2ZywiAwp0i,01A7PEPSnmtixFPfB2UTal
55Aa2cqylxrFIXC767Z865,01A7PEPSnmtixFPfB2UTal
2YZyLoL8N0Wb9xBt1NhZWg,01A7PEPSnmtixFPfB2UTal
0NWbwDZY1VkRqFafuQm6wk,01A7PEPSnmtixFPfB2UTal
0AuDQR88HtZsQXLnbq007R,01AKBy0h9oJamIXgMkDXu0
6ZyV955Ypf3JAKInn1a0dt,01BCiwmvWuFVgZQJntDeFh
7lqaPghwYv2mE9baz5XQmL,01BMA2zYOX51Vz7QHdSAgO
6dROiL44pIQZVNZ6Bc0OJO,01BrGoe3LImmgQO75WoPC8
1LBGR7XDjLl6koGwUthUEs,01CBfjT30D8DKOqEfTOfnH
3CneYb5exy4KOtvCCrozDD,01CJDcOSteNT93CgfgsajY
5CMP1ienEyXqs6NkMOZHrw,01CNMSXp8OkNNPIwFiOeiF
3MUGWsOTNoR1OmZjgdQS3H,01CWGkYGD0CV3opq9GikkC
0Y5tJX1MQlPlqiwlOH1tJY,01Ch5LzVStxCFPKkT1xg6k
3FUY2gzHeIiaesXtOAdB7A,01CoJ5SrLd5V9nm9oD3b1m
7vCtweS8UVAXTyau2j0rDT,01DbOUlA8tfhNiXQfseZ8c
5szdY7KaSi7epwyffrbV8c,01DrXj5EAlZOeRUXihgtQE
5nlQijI9hZ50keRqmLVov1,01ENVUVncOl3XWA2HrDjJD
5vfEaoOBcK0Lzr07WN8KaK,01GHm5UtG2XN7ANzLcv5pU
4f44GWlEQdXaWl8gQ9sPBC,01GHm5UtG2XN7ANzLcv5pU
1uXHYeD8JQjkaIGvEARs4D,01GQSKwMUqQSzFa3XYcilT
0CDUUM6KNRvgBFYIbWxJwV,01HHVuCx2hBQLl2aZExNAc
2EFkigEczkUGF0PWTBX8IR,01HPnGbrbly2e5py6GEY91
0w32WixD69mKW0O6bYwRCt,01HcDJQDhnIsabI5OR6Z1V
0WG7v7wcDK5ZsUHjnZo9E6,01HcDJQDhnIsabI5OR6Z1V
4uGB0nZ5d1iCXS3sHR3pzm,01I156dG8jpLjjy97az6XK
5Gm4XviPByh3OTMI2tuzF7,01IMhZasRhqDo2G6ArJxiI
0KWcq2E8ejxp78jdfpCd4K,01IyLgH29kt46qu8hdwf8G
0AunegKKH2ys98aLxq8G1A,01IyLgH29kt46qu8hdwf8G
0DRf6JJDQnRnz0Yp209CmH,01J6iy59nDgDoEd0nhqgcu
2nBYkTeSTO2e4B6m3HBEAi,01J6iy59nDgDoEd0nhqgcu
7c0XG5cIJTrrAgEC3ULPiq,01JPQ87UHeGysPVwTqMJHK
7HkdQ0gt53LP4zmHsL0nap,01JPQ87UHeGysPVwTqMJHK
6yHM0XQEdu9sIlbILMaKBp,01JkrDSrakX5UO5knhpKNA
59xljcfdN2Z9VX2U5RFKEa,01K42inuuCqOB731ugiQAd
62huveC2Mmi9nfW0ySqNwo,01K6kyjFztsYlLXJJqhYMG
2OIJq28O1lXrZ2x3NGSk8P,01KMvi0pMQlOi9Q44NM6zv
7x86PNyfIjdo5UwXmXcU2h,01KMvi0pMQlOi9Q44NM6zv
6ROpkOxyzXCMzyaoI1kEXx,01KUSiNy65C6ocj2SXmy3f
3nDNDLcZuSto4k9u4AbcLB,01KarOgeNS6VHlFl0V2pfE
2tRsMl4eGxwoNabM08Dm4I,01Ky6b4MlAF9BoGlrmzioG
6pF4Vo8b7eTWNV7LDkUKXp,01LG03ulzBYe08hpur6458
6HV1Jdg2FAn1QMSl7lPl2l,01LIx0lWmJR5z7Dfj0Q98J
3yJnBqAoRUNeDabdYoiYWD,01LSU6meTykNfXu66aBTvZ
7lG0rnlJCoi2nfVFRpSEye,01Lr5Ka1mJxTwDQcG46ZMz
1ZilzPhvZhYUCSGczNRlyt,01LvW0zaXBYjEARfpIc6o5
0rWuEmTI7yoSjjN6TT1Pkg,01M85JZm3JMyHrWzvkfO5X
67hb7towEyKvt5Z8Bx306c,01MhW3mxsCg2Jrz6HNOZUA
3RMHexittaAZkf8zukkZB8,01N1T689bhEHqXWs3ZMZcO
0HYbyzzhI44iTHvYnf1nOs,01N1T689bhEHqXWs3ZMZcO
33bzrYoIWLx5uox3y0VtHn,01NRpu9CeEx4DqiDjG20PA
3YBIrJozn8fop4UYIt7wcV,01O2sFXHb72XiXRyOFlkI7
0uWNGisbRTdz6E5O3V3Sc8,01O6M2ZmStZP1cMjcHZbIl
4z6yrDz5GfKXkeQZjOaZdq,01OLlgq5jPCVMyb1e9CRSN
5M9Bb4adKAgrOFOhc05Y50,01OY3KiA5fPHmIUBcq7Tgr
7IgzsWd4tWIn70uh6dAq8d,01OfqZWylm32K9svvmCcLx
1c84wItoiAe1pEbpJMqUmQ,01P7I0Px0O2XBlg9CTwBr6
7oHJbmt1VAj16Tm6nJpSqr,01PHwtyIkZWpnghPOh1O6u
5G9kmDLg3OeUyj8KVBLzbu,01PLa3LP9WfuAKr3mBRnY4
0UQ0RWEEfYZYDzbACuhIhM,01PNBPhHiAM0zBJimiFCRz
6PUZZX4GCzeFS0GaDWxVwz,01PZqWOV9nydrapsIxe5nq
7wxIOUfiitxXo8IWJ1O7IR,01PeK7FCO6ExG6ZrrL9aBx
0Ism1B2cF9NxpXAwdUCkxK,01Q2cFQT8zvty6XvYQOpoG
0Rb6PZXrcxvzixAwZwFmMu,01Q2cFQT8zvty6XvYQOpoG
2qNrJcE9LjzPdiXbrjkqFa,01Q8rdgmrwACRpNxDumRWJ
5ZS223C6JyBfXasXxrRqOk,01RDEYV52M6CFv9xqgl0D7
3gBGBZz7YrFW3wQ0WUiDES,01SQkj1DNUpVJmrd505kUY
50nN8IFD4xA67fI4jYbLV4,01ShR27k9q9BImUdtewPNl
26T3LtbuGT1Fu9m0eRq5X3,01T0Kq5YOIRF9BQRXJsyfe
1kTBhbobT38Dg6tfbHPK91,01TdlwFBNijaI4AVNPV4bQ
3jckUr0xBez0v4mFhLRjjG,01U0IGIgfoYhduXrEjLZFz
5Uw3hCC51pNjdsD2MOs72K,01UwmN3S6gOBFsmofgvwK8
5r1aidBjuLfrJ68JQAPEBm,01VCxWHhR8dwnTPomGLAcU
1nEmAvnOKMBYCziZQNb5B4,01VEpM38d3fcWZddfuYWOv
2S5hlvw4CMtMGswFtfdK15,01VXGDL8Ox3SWmvM8ZyvSB
4AGwPDdh1y8hochNzHy5HC,01Vc4fbQr07AD9oi0EJBSM
380fnmlGnkyueBMqGWx2k5,01Vc4fbQr07AD9oi0EJBSM
4w0X9CxVeoMeDucb4QT6Zl,01Vc4fbQr07AD9oi0EJBSM
7iWiAD5LLKyiox2grgfmUT,01W5V5ldcR16YA7ZVHFLSH
1S2ap9GFCRr2F8JlSzEieK,01WHfmQRq5McALREakTSgM
0xpJGyjbEzkWSNfcf2tcMl,01WNsmKswRHGMKQiEV6XWT
2OUgs5INWK2UEvZ6amWiJr,01WbKbstEeqV9OY2JMFQe4
2YWOP324cKGfkTo2PydgJR,01WbKbstEeqV9OY2JMFQe4
25fqWEebq6PoiGQIHIrdtv,01XFgRZfZI7oBagNf1Loml
0yF5IqIHlPDti2mfZtHe3K,01XRT4EllUP5ZGlCZnDvhk
61Im27379GhfbMD5LVDmlp,01XRT4EllUP5ZGlCZnDvhk
2AZOALDIBORfbzKTuliwdJ,01YATtuCieeRdngHF1y7p2
1t2caVgyabZrVDAlmMGraV,01YEqVPCm0vqRLA9w43bic
4KSIIR6dY7MPuq5WRWfS56,01YF5yNYziZUHqE6ZTEQMk
1d3xhh3It3A2T8u1EGkkKH,01YQ0rRccEdPwlIHO8u7SD
4nGp682WMiKS4X217kPw8C,01YdZa8tWaBJobj1b06V04
45HXIkMqrQerbaPuw6FgKD,01YsZWbUZn59NrY2up3X1G
0Onvkz1Nbs4wHXXUwOIGk8,01YsZWbUZn59NrY2up3X1G
1B62oENW0VGjnBBUvwkYtX,01ZEhzcrkUgtTBRjY3GKfC
1gUi2utSbJLNPddYENJAp4,01ZEhzcrkUgtTBRjY3GKfC
432R46LaYsJZV2Gmc4jUV5,01ZHSlq8gRZ8X7xIEACzTf
4PRfc0tn0HR0GhzWHHckLt,01ZUF4XyiuxdFWhtz134JR
5q8HGNo0BjLWaTAhRtbwxa,01ZepwW5W3Z4fwl4bzaHyY
4fW1uloIAdN45rVwGUfWt8,01ZjW579VoBnwGIpSYQRse
2hIvOHaLTl9XCyCbNPwYzT,01ZpFt0Zd1liPJUDqEJPib
7CwiLiC1S8B69RMPxbDb6S,01ZslKM941Tz4E1fMkfZEh
56P8qdYp640M24wkk9eTfc,01apQz7E72krU1k1b4VWs7
6WbraLjTivIDkDtxnWAoIl,01ayCEbv8Th8WwcfRBex2C
21E3waRsmPlU7jZsS13rcj,01bEpdG1KZdaUZt3t1WH8Z
4OBJLual30L7gRl5UkeRcT,01bEpdG1KZdaUZt3t1WH8Z
5P57GCRyvU7ln5GwNXU8ku,01bblmtklaTKUqHE9DqGuV
7nqOGRxlXj7N2JYbgNEjYH,01bnqaE6nQogjdMMrrL1dj
5ISjkNS17JpCwiFtW80lpV,01brtjzSA4A2scnC8NWgt0
4sTcgUXJRSvSQHei3ZQUBR,01coR52VHa06J1DnMkls29
1n2pb9Tsfe4SwAjmUac6YT,01d1xDpVNB2xQKlEA2ZTps
5GT7Nc4Wlknl70p2cONZWp,01dRE9kLOnIcYYSwJTqgHH
2C6i0I5RiGzDKN9IAF8reh,01dVdmSV7eaVgRzUAi6o13
7x8nK0m0cP2ksQf0mjWdPS,01e8dGbulrphX8j3fZDQYk
1Cs0zKBU1kc0i8ypK3B9ai,01ernMIZmczJ6N35O5oQTq
3nUbzTTtP2w4HqvT5y5vkV,01fL0TINslnHzUa9dfQr8g
7hJcb9fa4alzcOq3EaNPoG,01g7gtqIi6oTWmZgUOHnq8
3P1ULKxhVEpywj0hogWT44,01g7gtqIi6oTWmZgUOHnq8
0Y5tJX1MQlPlqiwlOH1tJY,01gNiOqg8u7vT90uVgOVmz
0YinUQ50QDB7ZxSCLyQ40k,01gNiOqg8u7vT90uVgOVmz
2lolQgalUvZDfp5vvVtTYV,01hJnhpAmjzg85Etnz2ECH
6Q192DXotxtaysaqNPy5yR,01hJnhpAmjzg85Etnz2ECH
105iYV1T7lf8Rysxo0KzfD,01iTAtINYWxSFcbFA4jD4p
3hyEbRtp617pNCuuQjyOmc,01iyINEYgPQ7ThMZuHUsqS
74KM79TiuVKeVCqs8QtB0B,01iyINEYgPQ7ThMZuHUsqS
6tbLPxj1uQ6vsRQZI2YFCT,01jOQLIwqOwMvZVqqxzYht
0JDkhL4rjiPNEp92jAgJnS,01jOnfF6OMQx2ZgC3nKi3o
25THA9HUHoxpCT4LBp7UsZ,01kWL1mMqJ7yGxv9dHg4xB
3HrbmsYpKjWH1lzhad7alj,01kWL1mMqJ7yGxv9dHg4xB
11NwV46MotnomZqyYxE2uY,01kWL1mMqJ7yGxv9dHg4xB
08X5fKnU2tkjH4IeLnl8vt,01kWL1mMqJ7yGxv9dHg4xB
4bPiOPI4V99cepEftvBYak,01ksPzu3Bw8Lsf9o6xIk8C
3zU1hJLF2O4pt5c3if4lQF,01l71wtUnRdmzwOQznlmg3
0Dp5uzlISYu38jwPXsGPqF,01l8WMi2md7b1CARRHGfxH
6JL8zeS1NmiOftqZTRgdTz,01mSLUmLjIeGP5TrmL8nXl
7as5DY4Rz9jac9tgoTrj9H,01mlfrIBozItOaXOG5Fgls
2c3PFZtun8HemDbDfRPV6G,01mlfrIBozItOaXOG5Fgls
3qQgY6bwLUYIkxPWTaafHR,01mrbUBGv7vJIflqcpdHGX
0K05TDnN7xPwIHDOwD2YYs,01n5Gzf6NE3IFqjWqkpgCv
3kVUvbeRdcrqQ3oHk5hPdx,01nkjRsgpYwtbH94l7y4cg
6xrCU6zdcSTsG2hLrojpmI,01oCWVu7TA5UG19MfwYxZP
6N1Kaz3CvRa9VLll5ahk9T,01oCWVu7TA5UG19MfwYxZP
2n2ZWyoCn0jr3I5rhDoFAw,01oCWVu7TA5UG19MfwYxZP
4XqrB5A4uW4ssMMWaVU4Wp,01oEJevCPJi7kNekR0nG7h
2Tg0aF5cbZktYFzgR1iAKv,01opyHvH01jYVd8zWeQSgQ
1hcdI2N1023RvSwLzTtdsp,01pf3ZvbujF32I1Qm7GUKJ
0r8toju2ecKaVtItkzAnNi,01qQkY4yS4n10tug0Re7kd
19I4tYiChJoxEO5EuviXpz,01qfmGPqmz2nWuM22YxdC5
4PPoI9LuYeFX8V674Z1R6l,01rHEZ8jtdEjYyP78K6F5T
6MxlVTY6PmY8Nyn16fvxtb,01rUUD0O6IcIy6sTd8gQkX
7jgZFR40bWjwOrRCOZFB02,01rUUD0O6IcIy6sTd8gQkX
7y3HnWCFEvWj4KM9GFSkiX,01rUqOzttbD5suGJdTtUtz
5PbpKlxQE0Ktl5lcNABoFf,01rbWMfV06IIAKhm05NKPI
4LAz9VRX8Nat9kvIzgkg2v,01ryv8tqj6gZnGb18srxk7
27w1NoOLMX7tJMYqcetPyG,01ryv8tqj6gZnGb18srxk7
1vSN1fsvrzpbttOYGsliDr,01rzqgRE3bImDHZFwSBakq
2tppd6KkhK4ULAd217Ecq1,01tHOHeBwam4SA8h47hUdd
7oPftvlwr6VrsViSDV7fJY,01u7qKInOoy8IFudrraGOy
3rD5VdnivBz2ItTlnJ3r2K,01uW127xUIODHI9dBBwH0r
5rJVTTK0ucAxQhkUc0nXbH,01uhrXb8QsuIs1HizoqxdJ
3JhNCzhSMTxs9WLGJJxWOY,01uqI4H13Gsd8Lyl1EYd8H
5BcAKTbp20cv7tC5VqPFoC,01uqI4H13Gsd8Lyl1EYd8H
5Z2NUZiY3FA00HKu5WTMhA,01uqI4H13Gsd8Lyl1EYd8H
73BDzWqbf1grbgQ8xYn2ou,01usRSTDQuDrNaSijW3lPa
6ewMqjrF31lC8ywRsvm073,01uwmQU4sbcMnFwklgKMVc
0RmQkIqqDYOobCkiWcSvsY,01v8z4UX3rU3cBuBjg5IsB
354bn1gKNGwig4UD80Lytn,01v8z4UX3rU3cBuBjg5IsB
3EiLUeyEcA6fbRPSHkG5kb,01vHGJRvJ6EZW9KO8NtZpi
12vb80Km0Ew53ABfJOepVz,01vHGJRvJ6EZW9KO8NtZpi
1r4hJ1h58CWwUQe3MxPuau,01vHGJRvJ6EZW9KO8NtZpi
4SsVbpTthjScTS7U2hmr1X,01vHGJRvJ6EZW9KO8NtZpi
4q3ewBCX7sLwd24euuV69X,01vHGJRvJ6EZW9KO8NtZpi
3xvaSlT4xsyk6lY1ESOspO,01vWrOtEdzlQorEhifVUo3
7bp2lSdh12wcA8LyB1srfJ,01vWrOtEdzlQorEhifVUo3
2vKiJjsgjgqIECUyYeIVvO,01vgFcfgUXeFJwErbindxn
1URnnhqYAYcrqrcwql10ft,01wBU8gh3tybWjn93SHIJN
3t58jfUhoMLYVO14XaUFLA,01wCETlTDSBVLA0lie5ELb
28ExwzUQsvgJooOI0X1mr3,01wKeKPgYxdPYA8rfMveYc
6aaMZ3fcfLv4tEbmY7bjRM,01wKeKPgYxdPYA8rfMveYc
5IcR3N7QB1j6KBL8eImZ8m,01wKeKPgYxdPYA8rfMveYc
3lb6eJ0loEnughnoNfHXSR,01wOH4Sfuf64n0iwdhZ7bT
28j8lBWDdDSHSSt5oPlsX2,01wpPOPqQ3XyS6hBN00HfK
2uMWUtg8XLpJxNSqbGOkl1,01xkQzVpWPMK69QKETIIHC
40wE5c0s5AtxRwWXoPzBg6,01yXBrB0ddIzRaIfGk3ZrG
5vBSrE1xujD2FXYRarbAXc,01ycChBaynB27CSzlbbbvJ
5fYK1OY4UV4jOzphj0pokE,01zCef7kCjUHwLUyByzt1K
7dGJo4pcD2V6oG8kP0tJRR,01zPnSlKCw9WLbY0kvNep0
2FsZnS8gQ8jG1HGnPYNlm9,01zPnSlKCw9WLbY0kvNep0
6MYKRhEIKscR8qdGlvpk9y,020Ohot9SjRn54rpPwqVYn
6qValgleME8pv861DLzupQ,020Ohot9SjRn54rpPwqVYn
6ZK2nrW8aCTg8Bid7I7N10,020Ur4viDDscjoH9IvpHRE
2t0wLTcIYFtfsQU0erDjpZ,020YsiW7gnBiqTAmEg7eTc
0AAUWYwZqrnuwkjMCO5OX7,020b0QxseQbcMTPKV49qRm
0nmQIMXWTXfhgOBdNzhGOs,021C5AyF13a0czo2b2FudS
5lwmRuXgjX8xIwlnauTZIP,022RWFPKQlioYu49mzBmgh
1gvmVN1i1F9MCzRW2ycCYN,022XkmKDWINlToTJXzZfBJ
4W3fa7tiXGVXl3KilbACqt,022b5KP2xqjy8LuS798skH
5NNlkZBrBpOJ7C11JwVxIj,022nJwdqNEHRazWpp55bWa
25pTusc0JzQ8ccENrKcOt8,023DWrHHWSjXF7cBJLFu4s
6CWTBjOJK75cTE8Xv8u1kj,023Jtd3l1gEeWgL1w1m8bt
1qKLikeNYpQFSsDAjg7HpI,023qHxw8IVsjB0KbwCw0mh
7q1aEytv83jXNECmyaMhgn,024FSyciRrUCd0uBCdxGjW
2RKcy8YT2w2QYn0D7TjiIi,024FSyciRrUCd0uBCdxGjW
3Fobin2AT6OcrkLNsACzt4,024R9UVWckPaGjmDeBFZjN
09NYzWfQlunWS3XBZFaDEC,024ljgdpzTFaH4IIt5iglw
3EN8pUGJtYWutzf2fUxrDH,0256GIjttndvzRYpjcJVlG
43sZBwHjahUvgbx1WNIkIz,0257i9JD7SWl3E1yoN7uly
5W5bDNCqJ1jbCgTxDD0Cb3,025G8GdUUwSo3lCgM4Bbk2
6kACVPfCOnqzgfEF5ryl0x,025G8GdUUwSo3lCgM4Bbk2
7wCjDgV6nqBsHguQXPAaIM,025G8GdUUwSo3lCgM4Bbk2
0vYQRW5LIDeYQOccTviQNX,025G8GdUUwSo3lCgM4Bbk2
6e7QpHYqEiyJGiM98IysLa,025G8GdUUwSo3lCgM4Bbk2
21TinSsF5ytwsfdyz5VSVS,025UUQA6NowbZynZU3Hv0u
5mocQZIZJJsA389LmLpCkk,025sQZThwyFTf1GaEC8mdm
0SpUOAVh9SJwJ7GNRPXqsI,025sQZThwyFTf1GaEC8mdm
2339FZ7b9LMtb292UiNMiV,025ygk5vTSrwobZNk6OM5W
6tcOJ8DRI6oaFcXgYBCnRc,026ltHJFIkssDPbXbfgOcS
5W0jSDb5Woe76iOsi3YuIW,026o2frENY3jmWHw41pXuo
5W9IQJnGvBYP8VOChmSpU6,027A12hGtFC6sOYVxDA7LN
6YlGm6QDrC3TOknYcHjt62,027DJzimsjm1M1hflEWLnv
7ik758oYwkKmQtbZtAdOOm,028bqM4pwdm2QV29UEVFRm
0n94vC3S9c3mb2HyNAOcjg,028lsIzliUXufTSEIQi8Sx
30bcJH5kuHVu6RZckrZfFJ,029KUF75QSJR8sFMicMSBf
6icQOAFXDZKsumw3YXyusw,029QP3fFtLaW9B9RKr8DAg
4eNW2w49yCMLXeOwAOWF9b,029oo7LY6eNeD5dTkTiCxo
1kDGbuxWknIKx4FlgWxiSp,02A2Mi0vR68au8FHSX3xmc
2tYkM0s5coDOukk8PB4Yw3,02AQcuOw1dEOq8iJazZ6nN
7rlMZAZYtRkjFg4HHhvYeC,02AThDf6z3YEYObZdqskyB
2d3VHzlOEwXvmBdS4pzOPL,02BKhU4mIoXaia5Tim6yPf
5FsfZj0Mp6YwEWytuJUcWt,02BnIRw7x7JngWXHZXvTDc
0s1ec6aPpRZ4DCj15w1EFg,02BumRY2OTFMkMxrXSVMat
2xOp0rCDPAmYqnL2UFbaDY,02BumRY2OTFMkMxrXSVMat
7o96HO2zrujyATtVsqGhh3,02CLnOe5IdSZKKS1oxWeRZ
3fHjwMnkM9ov8CozqkYxWY,02CPGci789jBYhpFbEiu7P
4I9OMViKXQAt6sMuGWwSAI,02CTw5wvqlbna8Wwo3u52x
46hYfC7ROSU1sxGMK0pKXf,02CdafySiW9JoKIXb5RheG
2Q1d40J0u4IWGg4oZNPBZ7,02CkdoaCvkxLQhMQkc8Lxc
69GGH3fqk8waBkpDJ5C2mK,02DDdvA9KjwSbVShx0cvnx
2DLlb2Se6eF0mMTYffyAcn,02DMwE7XwZASzSph2bsUDf
72rsQfzxNVLPpbzQzXVJSc,02DaqClSJTt95OvsiroP5j
3KV3p5EY4AvKxOlhGHORLg,02DaqClSJTt95OvsiroP5j
6sCbFbEjbYepqswM1vWjjs,02DaqClSJTt95OvsiroP5j
4Y8TTjTn6nOmrSvmpb6ISX,02De82qwN1Wwnsji47Vh3y
7In8YZ3XHuwSNUTEyIO0HA,02DknGLIwU3L0USTonqYS1
49zZ2lRNpfwWfUnASUxCYW,02Dswg2rpYl8HJubTWZHY1
2hTFYVduEywDC8zUUUVbUE,02E10yVCMKCTDvS3UZPe1b
7eFa5ZzDWxhQK2WKIBF6AF,02ECIWbXof8hL5pFRuZsHo
718COspgdWOnwOFpJHRZHS,02Ey48n33H3erWJRZAtTFj
5r9uIJCoquVtEkCkvcn8Ez,02F1n2ijbx02hEnhhRk4IV
5gTVJRQmuS88nOhhdHqErL,02F9KPDFlxLsEl3Kzqtvxj
2DTw633fgdoxrqv7uPdcCw,02F9KPDFlxLsEl3Kzqtvxj
7sqqd0D9gAGYojKY5E1wtY,02FJIHyzETKUZYdhI6W9aq
1xFn1xod58AGaSZjrxdiXA,02FLC7T2wnnvEf7OIcoY2K
244uLu9lkdw39BJwlul3k8,02FPjj5HyCRQMbE3egggh6
6VD4UEUPvtsemqD3mmTqCR,02FZ7CS69ZwsLQMngR3rhW
484sZUYmnRXN84zmk3GY1n,02FayRZAhl0inGus2LmdPN
0ihsJ5Ifilsay6RHJLqNJA,02FoeOLVk0o8HTsbqsOXuC
5GyUtaUuEnR7uhRF3jDj4s,02G42teKnMwPwDFEKUfdct
0tLaqkKW7K6tc3QF9SM0M8,02GBtzxf70cvt8wxxhKnyG
3bftc5j1AgTLzDrycR3PLb,02GCSZWHKNQ82cIjkPkjfE
0MfC3pip8rY8OFLJVVNvBO,02GNxTDR51UHNxpPceqg9P
2f50lwdTtShldrc5JrA5fU,02GqfWbqWcKlItHyN5eaPj
4pZP9h88S6SavTpTKH0ist,02GuNQFd8ZUELtUd5yCp4k
5CE7PcyVcEKMSuQA4IHF7d,02HQGyk9aGfleS1epTFtnJ
5mZC7ndY6oGMxJentRwsuV,02HXl2ikXCOiVjySORump5
1kNQXvepPjaPgUfeDAF2h6,02HZgK5YSCALhTkEw2x1va
1jH3GuQCPI87UrS0hcScHr,02HdjmfXq1F2OsX6yPg86n
2MSlGNpwXDScUdspOK6TS7,02IT7eWGpoW1IUYo4atpQl
7An4yvF7hDYDolN4m5zKBp,02Io6R1p3g7HXae5QoOtxo
1VuDXcZRFMb2Kcv04m9Wj3,02Ip9LrFx5WT9s8uvE9W9Z
6L5kgEyFIlckHbMdRM2KXQ,02JRozQlGwY7WF1xlw15G0
5JG9GISYjRLQUJMH2C6iJ5,02JdnJSwKTE48swaFqschE
2wqF6dCN8bQp7TN0eNDSsc,02K3eYdZaSeA8FwroqKLFh
2gJudBgAFdkmKegrBl0yT6,02K3eYdZaSeA8FwroqKLFh
0gadJ2b9A4SKsB1RFkBb66,02KgB1Qyk4PrFweUMGl9NO
2ApGJ6o1AkNPjkFrnJQLKM,02KvuokJ07rUx0ui1urnsD
1jhHz7U7P0iRYVxfDj496N,02KzSuRKrfCNvz7rlN8Es4
6vWDO969PvNqNYHIOW5v0m,02M6vucOvmRfMxTXDUwRXu
3vKLYtQWaKROinvDkuK9wW,02MeD5QA5c5i3xftCJeNBc
68DWke2VjdDmA75aJX5C57,02OBEsgNfL0u9AGDUOIsDU
3qYiG2OKLj2WAKQVdIbigB,02OtqoVbJh8fkN4l0XRRcq
2ydZrTy8U3kOMOzx20s3dg,02P68cJOLqfjp2KjFjcZ6I
0EqkKYDK9EkKY5N7zU3FPv,02PFXdSFvYurNrZiDJqwRE
5kSJMVPcTITrSZxTrHllVN,02PFXdSFvYurNrZiDJqwRE
6eChRUoyiCUCrUbwbT9Jq3,02PSzrkZRhk5uzwZX5nWdp
7iWiAD5LLKyiox2grgfmUT,02PTdS9L4BFXOtNvyM1ukF
6v8MdMs2ByHLXUdWonWFPK,02PeoO7mPhmwpPmF4DDtWK
7q1aEytv83jXNECmyaMhgn,02PiSFhD8wMf9j77Ny9DN6
1pcufq5QrAZE0kBRQS65DM,02PiwfcW4LuKxhDi3JfH01
3jwlPv4dziZosl1qZ44ylz,02PtAiRNMCvoxyJ399xrPh
1GxkXlMwML1oSg5eLPiAz3,02QwHNesGgFUpcRBosNdd5
3hYtANQYrE6pd2PbtEyTIy,02RbwOPB3eXKli527ItBSv
0PrhwIWbqYFYyY2ZrkIWgI,02RfhYXRY10ltJ8NUobTfD
0nwid3SFCGyXxnllTHzHPd,02RyyMIWxt4scDyUW9pqqP
0nzlpCz0u1dkUThGP0zPC6,02RyyMIWxt4scDyUW9pqqP
3DtHAw4MrjXhVFotN5n8fZ,02SKVviRahUrRZGg5Bo7B6
2mxe0TnaNL039ysAj51xPQ,02Tvus8GNFWQDh6bKX9aH8
1OpHMC7Qo3lY1sVYaTUQrG,02UCSfDqzFyVXqnNfuD8RV
4Z5eM7HLu4b0LAKrywoWR2,02UWMtrjz8xgBUoEjkb87H
3f5VCwd57gZsqMad28jyLV,02UfBmMerddIN9u4AF7srK
714osTgzZrkyf3SGjggpfY,02V2PwXfovnT03QPHpp1SF
6SKEuFZYhaTytrhtJjgnO2,02W1lIY3cXTXe6bvs8q1wg
6rJ1GwtHin2BJbKLuNn9pi,02WoLGIvd37ac8B305j2E8
6LeQCEIxUUhArB2QBzSeOr,02WpCYOVHVRDPhbkiswGmQ
1ugK8Asl9rFTv6ehF9puwv,02Wrv3xXzkJW2yJn1Fj7NT
4TFmgYfhLJxF6nL8WDSnWV,02X4tgIh2nGuyj2ic0Wuwz
0VEzhZrWBCaoufAiZkjX3G,02X86Z19XydyPqKpGLyOdM
4leTWyczsXYGlzUh8sFGSz,02X93AUKXP7FPJBPckqgGu
4YCpRzudpG6AeE0IvCjiGo,02XMnHsxaYVhASTmMkIbj1
3P9Tb34QQEWyjm1pYdPfOP,02XMnHsxaYVhASTmMkIbj1
3zDRCqOhJXJfS2YWOEwGMC,02XjhdLBr7kZjJSDFpgEM8
6QtGlUje9TIkLrgPZrESuk,02Y5MRZD7AsElSRxsQtQzw
1wxPItEzr7U7rGSMPqZ25r,02YDfWUofZcgReuqaTe1jy
5cHjvEKxpp8rcqNn5mOE42,02YDfWUofZcgReuqaTe1jy
3ir2pF2mkiEWqyPenKTh5e,02YWpfMAUVTvsbhu3QO9fM
16QCJENzcdhwka9bTKYMVB,02YbvgsXapCh9MLTrU11Ts
6MwPCCR936cYfM1dLsGVnl,02YvSxohNvYp7vDFX3yjsR
3txM1X4je9gqlxE9IKqVsl,02Z0VLPtDgMQeLsZcg7qVU
5r9uIJCoquVtEkCkvcn8Ez,02ZHjznxEJR1nR2t8TnzYp
0xMCuSqF7uPefaatWnEx7F,02ZoOwRkTMyPX80mArxZRC
1x0ScxgiyFRQDKT4VwcLHa,02ZoOwRkTMyPX80mArxZRC
7jp5R1aY7kmwBYX3jIu9yk,02ZoOwRkTMyPX80mArxZRC
4vO1cl2ndGrUPSl6IYTHs6,02a0r6xXpwreBfkezAUrcK
4b8dLpJgJpNQYzu4AtXLt3,02a0r6xXpwreBfkezAUrcK
5hQYZqZaPcRceL82mFZTO5,02aLw97KKhqN6iMqjJntf3
0n94vC3S9c3mb2HyNAOcjg,02bMryG4ZLKreMbXROVuwz
7j46Sze6UWb7p41IqcYFAp,02cCntRCrtgojL45e9oNnu
2EFkigEczkUGF0PWTBX8IR,02cYwueSCT1ERcR36juRih
3Caot8EtHX6wLpNF2wRzS0,02ckSWja0a1uutSiZ2enQG
6TTJ0xLPPNDyv4bXyukzU4,02d7m51SjPVO2RU8i1sgwN
6Tf1BqAZld8wh5xiufptP9,02dWFvn89e04wzUBdT0K40
2XpEZIV9uuJY6pdhKAbuBh,02dcOQGdOgZyErpbJT4hr5
6sq1yF0OZEWA4xoXVKW1L9,02dkASvbYEmzTeN3nAeQqC
5DhxTfkx07qlHE6DRh8gIW,02eE0n3o3SJBqjW8UBWpVG
0SJy1J0FgP21lbvGBMKT8H,02fBFDWJa1IbDAPbab0i3S
0DCw6lHkzh9t7f8Hb4Z0Sx,02gIPDHCTuKgKEl2VlgPzt
6eUofOqC7jS5aPeTa1a71y,02gShJ5KSPODMuAxJVB2KO
610tJqABwgZWaRvtJoJQF0,02gifbHrxakrPqKJM5H3TV
1kgxTtyF91VaqLD3J6Krd5,02hAUjeZHXJSIIJdX4Esmb
6z7mf1FeKhq3GFy73o6PvC,02iWm5ssVqphn74ivMTDuc
0jrFMgW018F1XVnLtCXOKi,02ienCgIcV7cAqTp9hNr4k
5XU0u7HIexXCAh4CcoqXCA,02iqnwTKqgdRrh7a282t4k
7gzXeFUDWz0aqhikdkOJxQ,02jBwNPQHUWgxxAhIlOulA
7If8DXZN7mlGdQkLE2FaMo,02jUeKiYA8VQLxnHtfxjN4
0N1TIXCk9Q9JbEPXQDclEL,02jXZfT8IjNmdrKbnHBq1J
7LOmc7gyMVMOWF8qwEdn2X,02jYQ47eGc0Dm9JiOcLBJ7
0spHbv2fw49lDMkbOAdaqX,02mR2D5tNN6Eb7qCspf0Hj
4aemlCxfmvFjJa8YKvaiJI,02mR2D5tNN6Eb7qCspf0Hj
4mwXUEKaW4ftbncf9Hi58l,02mU7IwxTcZO1BsSYDZmSQ
3utZ2yeQk0Z3BCOBWP7Vlu,02mVXsWzAZjgwocPPAHSOE
4M6YdvdCPW1fvQYbLwmNWZ,02miQFNM76qcOLSzv2bJMa
1km0R7wy712AzLkA1WjKET,02mlmIWiUxr2fAQQUE8Avw
1elUiq4X7pxej6FRlrEzjM,02mmkus3iztD6SV8jhUAQn
4BxCuXFJrSWGi1KHcVqaU4,02n13KhxJNPPY2YRETcguj
1wNp3TEKMEifZCimzo863V,02o9dWnFKipYEcFbd7Kaj9
3Is1kGaN2jmS0hB1Hn6dp4,02oS4EwEsqUfEpcNDwAbTM
246dkjvS1zLTtiykXe5h60,02opp1cycqiFNDpLd2o1J3
2vhrwzjf9H3icunkVFi9tq,02pxeYqVDzOnHwzFXx8MNR
15EMEmAIgv6QekK9KH3UyQ,02q3kEgng0D3vL2Y8ONVRw
0yNSzH5nZmHzeE2xn6Xshb,02q7As6vetjqpk8QfDS7wM
3d79GDviyp0nkS5hPDlBKX,02qSM1e1nVOzb49IyoJCDb
3CC7p9QM4VjO62rmcaRP3z,02qU93FA1l6w6ClEOsq8Es
3phVKYqeq84Ai91CHTQfNq,02qVj9sW2Zz8mhklaIrDRI
4uFZsG1vXrPcvnZ4iSQyrx,02qaPvngBKTnUrNOx3v7Mq
5s77Nldm0GrOQkMIElogdo,02qoqHv29LQCBw1mymxlY5
6TQj5BFPooTa08A7pk8AQ1,02r2uE8nEHpJAvFFttQxqh
6roDXEmZ6AARdOUv6x5U2v,02r2uE8nEHpJAvFFttQxqh
29iw18MxnVp5gLozO7e2HE,02r2uE8nEHpJAvFFttQxqh
0qzJnI3pa1q0uexjYn7INT,02rAGLtevPpVzDAfA0xchb
0C8CVs1tRKlYN8FVEvsGlt,02rAGLtevPpVzDAfA0xchb
0tC995Rfn9k2l7nqgCZsV7,02sas1xqIwRm7iWSoHDvKe
5IlWFdNUgNdNDs50YtHoNf,02tnd3kkSmhfYwjY1Ka3cq
1kPPXyGPHwbZGsnuxFtjYg,02uFtu7UyNAmZPyZvbEV8P
1YOw6jUy5uUo7rNMb2wj4Q,02uFtu7UyNAmZPyZvbEV8P
1elUiq4X7pxej6FRlrEzjM,02uRCMxwVsADO15u8DSIFR
61JrslREXq98hurYL2hYoc,02uXMieKvvoIHTot6uLHKr
4yBK75WVCQXej1p04GWqxH,02ucbv2N7O5RqtNucsaibg
12FHARd9fY0Tu0ila4Ua25,02ucbv2N7O5RqtNucsaibg
1Cy58GZRk3TYmX0pb6pExg,02uezqHLwcXf3ufiThKJIm
2Bij5GVThaug3LdXEU6xJ9,02ukaWktkG0yGPyYo0yiYF
16Uqo1jjtPiKI4zU1Ficgb,02v81HQA1yS0DSZ4dw3YzF
6akDfyocmsREgR5eUXZt3I,02vEcguZ2EOaPgFR9sxhoW
70B2c7OiayofpGbmMBNPw2,02vb7wBEKwL6ibjUyYxvBY
70O3dXo8M8OtDkBBc4KMn0,02vb7wBEKwL6ibjUyYxvBY
3ztJZweExOFyHkk3MGSm5V,02vhlFkPd0QrUvjdSIylib
2p4FqHnazRucYQHyDCdBrJ,02wIS2Kt8hiL7KrSND7usU
6DwziXuEMIoXk1xXJCscbr,02wMbcSzi98ahUnVqqaSXk
67ZMMtA88DDO0gTuRrzGjn,02wl7iFYLiTUcE8DVk72OQ
3RTAXX6KGdljBsOIupyZgT,02woIwq9GpKIDH6tMACUcH
1mX1TWKpNxDSAH16LgDfiR,02yD6Wmpx5kLAoXLQOnuEb
7bXgB6jMjp9ATFy66eO08Z,02yRHV9Cgk8CUS2fx9lKVC
1LzWWI9v4UKdbBgz8fqi15,02yRHV9Cgk8CUS2fx9lKVC
7F9Bd5X4sxdwWRJVpbfMtb,02ypZRUd6ryODvcLsl7omG
1Do4bSzfUl0KWL9r1fITu0,02zIddEu5KR0z4riBzHJU4
6FaR0vA7ulJTJ1a4BRlJt7,02zUl7lBXXNJk7JGu9YIId
2hcsKca6hCfFMwwdbFvenJ,030wjYcuoy5olfQG4aTFSj
0nmQIMXWTXfhgOBdNzhGOs,031uTUhyy6xmDJqmeWJBi9
1B1b2jSXksHwmmorhmQ8AF,0326iF9YE7ED8XE1q1wgPl
3PzqP5IkpLhlSdZLh7jwPn,032BHbzqmtBi4P5swU0YFd
3p5VCeIdYiZzNu0kyb9sMd,032QjNqvrxC17TBxvLMH2S
298I931uc5poF6kIU5XJtI,032QjNqvrxC17TBxvLMH2S
2MP8WZJfOjxzEfqsIBsRnH,032UnpKLIp5ih18SsZKwB7
45oiePk2v68OR0igzGIfsR,032UnpKLIp5ih18SsZKwB7
17lzZA2AlOHwCwFALHttmp,0332p5aiaQ6vyomilcGSy4
55Aa2cqylxrFIXC767Z865,0332p5aiaQ6vyomilcGSy4
7tYKF4w9nC0nq9CsPZTHyP,0336UwEBwBBao8uWCuugYr
6xlRSRMLgZbsSNd0BMobwy,034PlGGQrLQexMOGTvsQDw
7KVJCU4z5L4EUHILL8aMxR,034PlGGQrLQexMOGTvsQDw
5TmW0cFVEYEbypgTdSNNDn,034PlGGQrLQexMOGTvsQDw
7bXgB6jMjp9ATFy66eO08Z,034xAB2vQuUekaAIHqR9CY
6z7xFFHxYkE9t8bwIF0Bvg,034xAB2vQuUekaAIHqR9CY
6vFCfSDEGGjyLpkMa1YhBE,035Ag6mdG1EWFZvgdnK8lK
3mIj9lX2MWuHmhNCA7LSCW,035QPHPAcqApSGMMcogT45
0gX4Kuwic0S5GfOp1oBZYC,035guKHan7qj7pnRZ5uLIA
0HDMwoCS316xhKCZlJPBnc,0362SHfDTYXjWFVa8PPY7I
4owt1GWUqAh4gsXT13roop,0362SHfDTYXjWFVa8PPY7I
0IxgA9wO4Op3CSnPlhfwV1,0362SHfDTYXjWFVa8PPY7I
1md9aYaJ6Qt1FHypXICB5V,036GQb6SETOJJG8BxJTNxc
5Cqz3rHcXbHTxVXxk2CzhH,036PiJFVPpA4Q3BRAVueOc
3A5tHz1SfngyOZM2gItYKu,036X5f2KQy1v5Cm35I35SP
0B1prtAE9Ca9hTs0rUkjHG,036X5f2KQy1v5Cm35I35SP
37dMe6EquztHIXOFF44iKZ,036X5f2KQy1v5Cm35I35SP
1GUYk7GLP4tALtorFH1OWG,036jkW6pG9ibsGNkmzKYMu
0yNSzH5nZmHzeE2xn6Xshb,036nr5jRMRlrvtEVvld4lj
4C50EbCS11M0VbGyH3OfLt,036pGlJwc9ZVFJNLmniSbF
2hbxpW1A25vEmipIEIM9kY,036qHucnn23VHVhmQcLbFh
7FGAi3mSjLMsq6p8SErsTA,036qTWu4dGpjNnTTD4slbK
5Rl15oVamLq7FbSb0NNBNy,0375PEO6HIwCHx5Y2sowQm
5wpEBloInversG3zp3CVAk,037VR14rwRPwnqfgENBok3
2BybP8sqVEFXkHPM5WMQ5o,037fqW4P2XpIzHV7PqWdru
4NYxCnyHrSL0yAsl7HZOPT,037hX8PfYfF3edGvQ8VGLT
4UNta2jPQJ844nyw1bsyPg,037u9C5umoOYx84lhm7EgA
5iFI4j0w7RbSJmkbI6rqzi,038i5NohIAEOc7eCtoNhBC
0DLfONSFG8AA0cQvh1yCrz,038tw6XKDY08AXxpIiNbJP
5sTzirFL1wjNa3GuSiUHsy,038xvzzYfsTElwXGSw6Cmz
2lDf4hYD0RvgNtYgblvb4i,039NLDI1UZZlXtLB0Kog6W
3l02WF362j1oHOurzuseBv,03AFsaMpbotuJSfloaPEPH
30HlKUFTsqlFQsPfyv2yuM,03ATKw97s9WHuek1TKmhVq
1pTuR132U5b4Rizal2Pr7m,03AWIG0lwG8JNbQMPvryAi
7vCtweS8UVAXTyau2j0rDT,03AWIG0lwG8JNbQMPvryAi
5ndkK3dpZLKtBklKjxNQwT,03BB0xEzzKC24Z6zDpZ3QC
6If57j6e3TXXk0HiLcIZca,03BB0xEzzKC24Z6zDpZ3QC
4pyn62fo9bN7qCT9nBM6c6,03BdcMrydCSaBEEhwx5ZDl
5XlSS9O4eHRiJ0hKzbaFQ2,03BlS72KhozBLB4dXIB3TV
5MO2kbaGGA2a8kL4c9qqHq,03BpMAiFJ0b9c47Ntt8MRf
0du5cEVh5yTK9QJze8zA0C,03BpMAiFJ0b9c47Ntt8MRf
5L3QTPofDwMPGlNnQkyHK1,03CG8r5olTTAq241A7CJBu
3qvcCP2J0fWi0m0uQDUf6r,03CMkEwTMEgs69w1c9uDdo
4QDvXnbmw1znkqkK1119Fc,03D9dvJvM8hvoZ90babytA
79ffq2PHS5TDmgnHhAyudW,03D9dvJvM8hvoZ90babytA
052NpRSiz4SQTsFnvwMP6t,03DQO1cC5RzTWRxJLzJCgy
3NChzMpu9exTlNPiqUQ2DE,03DqdkFte1sPKkvbyL4lLm
5ZYniVpbDvHg0ywuRU8Wb7,03E06FTE8LrhTfdOfDBb2q
02kJSzxNuaWGqwubyUba0Z,03ELrHI2mfPwyi4ctQtvCx
7hJcb9fa4alzcOq3EaNPoG,03ELrHI2mfPwyi4ctQtvCx
02dYphxVyISfXKNLQkLNbs,03EjEWKcukkpK41Q5rbImU
0XkaohuHZ6J8KcJWCdyAk8,03EsCSJFuXNpapjcfYjfBe
4eNW2w49yCMLXeOwAOWF9b,03EsYwfN3RbDhU1kVrfffA
3h7t3oTMaMT5aO1xoHR5RJ,03FLIHlDGaWmEeQnnwnnMY
1xvEo98zythSrgN69GQevk,03FPFGGmCFCFX9X7vNB3JW
1VBflYyxBhnDc9uVib98rw,03FlSWryOCZxUEsjWezLsf
7wg1qvie3KqDNQbAkTdbX0,03FlSWryOCZxUEsjWezLsf
2zJ8chFLjiBHRNchfevMRI,03FlSWryOCZxUEsjWezLsf
0L8ExT028jH3ddEcZwqJJ5,03GSskFw5AAKkwlOfiUMpR
1kDGbuxWknIKx4FlgWxiSp,03HKbFZUW8yi1FBRAN0XUV
0yb46jwm7gqbZXVXZQ8Z1e,03HbxaCm8eBHLxbfdRRQ2e
0WluQkhiQsQJ14sLXqDnVK,03IBiVgBzhNrZSwES3Hyjf
4gfOoXI9MWCyREzvqNv38D,03IBiVgBzhNrZSwES3Hyjf
2hWr3AjjKOCVmWcwvuT4uM,03IhqVajoXFTIuqRu4w1B7
2dyeCWctcFRt3Pha76ONgb,03IsQTh85NKrbTrc3MZU48
1FClsNYBUoNFtGgzeG74dW,03IsQTh85NKrbTrc3MZU48
5ttgIeUVka6FLyi00Uu5h8,03IxJiB8ZOH9hEQZF5mCNY
3PfJE6ebCbCHeuqO4BfNeA,03IyglkP6tIQiQqiLxzitL
30YHp6jELIUSYUGssR9JRY,03IyglkP6tIQiQqiLxzitL
0GWCNkPi54upO9WLlwjAHd,03JdRoOgM2FUP0HSQSTgKx
645xd9cHiiLqqehoLzLMDR,03K83Z46K5t8VlhLrh9l6v
7uWSNqvFk0TnPO9zKbzLI5,03KzntGQQeVcP7cVrsgnlr
3TVXtAsR1Inumwj472S9r4,03L2AoiRbWhvt7BDMx1jUB
77Fg6dbW7UqMb8oz0fRNFL,03MAxBmXAY7OmcrcDRrvgp
1W3FSF1BLpY3hlVIgvenLz,03MXO9B1815BBSebNVhLlG
3Fdm9TFJQCLmC3AWMuGExi,03Mradtcg4Il4gUQJ9LC9V
0z4gvV4rjIZ9wHck67ucSV,03MxQe4F8TGGZSs4Zyha4b
0af5VM6xubf8EXKvoG35x6,03MxQe4F8TGGZSs4Zyha4b
6mMtnxEQkYoY5FfJIQ9Rhb,03MxQe4F8TGGZSs4Zyha4b
7LA4bHpsuQA1bNuxHpqeIT,03NH6AuMwFcGrgsd5tPsyb
12CpR4SNDzVIlDoPSeNFeW,03NMsU02fre2sqTXncIO77
1QvyquqkuuwUzdszyoKIy4,03NMsU02fre2sqTXncIO77
1mYsTxnqsietFxj1OgoGbG,03NMsU02fre2sqTXncIO77
7CajNmpbOovFoOoasH2HaY,03NWMTX4G4hKikHbH4HxZh
5pKCCKE2ajJHZ9KAiaK11H,03NWMTX4G4hKikHbH4HxZh
31HZjRPeEasjNH9MCgNW1N,03NWMTX4G4hKikHbH4HxZh
2Z0lRIqr997lIUiPtrpKCr,03NpLUQXzfH1wFMvSiixct
1D6vAeVUcgMbSx80IA3Zun,03NpLUQXzfH1wFMvSiixct
66YGDwn22fjphzqGCSIbbK,03OBOXBS7boaUssm1YzLD1
3qYfqdVwX0fil71onLpLkh,03OEgOe59LE43VPCJ3ZB3p
6cwRqYSDYwWsLveCcDRhyY,03OeNAtCG0dOi8BnY7LBOs
66Fb5gJ9SX2WGlqDLUpjux,03Pe7uTopr6FzZuBBAIYH9
4RnezwRV7VBJUCI1S0AE5u,03Pxkaw3Ddnmh1kw8NshHH
5ixB75BQR3ADoWQkcHQJTs,03Q3SlCVD0bbuClaMXO2Ht
3yj43IXk2ADWZ9y6Q2oRMK,03QV2UiDSXcquQm94Syn4x
4D9H6CaKzDTaN1EbAHypYg,03QblNa20RzV47y7C2RnOr
1L9i6qZYIGQedgM9QLSyzb,03RENvqJKYdvWUhbuZwJY3
50JJSqHUf2RQ9xsHs0KMHg,03RNpvzwMGViDHvZKfbNIo
2sudy981RKHBlYmb5ByWSy,03RZNxQS4tgclnqCpRf3uv
2GWYGlfXdRED4uEGhWueCD,03Rob07c3hWCvXB2WWyolb
0IVcLMMbm05VIjnzPkGCyp,03RtsVudDuczuf3eDcXrsg
5IcR3N7QB1j6KBL8eImZ8m,03S5vMBN07OOnPj1SCMsxV
59zmzXCSVGBTT3aofyHMs3,03SM8FiGSAGDPcUeRYfL6S
6xscREh7COaPe11MgUVXtm,03SM8FiGSAGDPcUeRYfL6S
6CXEwIaXYfVJ84biCxqc9k,03SvwiBzJTRHTSpihwVKBj
7HCqGPJcQTyGJ2yqntbuyr,03SvwiBzJTRHTSpihwVKBj
08Ut1tYxtmgIInVyQqohkM,03TbmfJZYulkobXNMzn9aI
0aUQnP4HhUQXcurZl9GJIA,03TwFtM36dliwqTIyyewKO
7N0SBLJFpCyQSsv4MfRJ5d,03TwFtM36dliwqTIyyewKO
4oVMLzAqW6qhRpZWt8fNw4,03TwFtM36dliwqTIyyewKO
1fUSLFr4WUBx7joEcGwpvG,03UlQzmQHLb3fnvfhipq0B
6NKQIkHTjxD5Ovj6znGV1n,03UoyQS4YGyvyLAQNNhZDf
6nFBonVf7Lqaj05R0v5VGJ,03WFAhoOVLmynaOBtZcyl7
6NP40ldgw4kYtspZOziuii,03WPtWOEHFNI1dqhtVuSQU
61C3cEhdoJ9YiQSQSwYB4K,03WR6VvEY3EIJklavG72LY
3RbyaF3Pq6iDUKNp04AIcU,03WmeqPnjaBnm4lfwm8v8z
46HcJG62ky3Tj7yJpB2Qqg,03X1SHRxnIb2jtjcQx54Et
6cXU3B0U7wNEOOU8UjaWww,03X3YEhpBI3Yl651OdqOCr
2hJPr4lk7Q8SSvCVBl9fWM,03XCbxTcOKkjVZJE6Q4bN1
0hEurMDQu99nJRq8pTxO14,03XjpGGdsIPouALXem2Cku
1hwKCeSXpLrh4OQND6iQHw,03Y1WoQHbIsg4WUz30GlNx
1KP6TWI40m7p3QBTU6u2xo,03YZnK3XQWKpvo9TyNZzXf
6WeDO4GynFmK4OxwkBzMW8,03YtYSkpHqqY3EBmHJkTjP
2oZcMYiKpjaA2Et5mU3RPP,03Z4mIhCTYhlT1v7mkBJjg
4V8LLVI7PbaPR0K2TGSxFF,03Z9Xiu6te6MbMRlICuDGL
4SfGzWmeoNPKIOmiyc7Pav,03ZQQa7FnfggPBfYQVpa9a
32Ko3nL0210QAt14S3Rs4Y,03a1PzNuxKCDfTamVG86MZ
7mWCSSOYqm4E9mB7V4ot6S,03aNG7WrtBVPh0gEtc8YuH
7plUpXSFcSJUZSiZAoXqr1,03aNG7WrtBVPh0gEtc8YuH
7h8ja4JSORo2sXJPmCXRxa,03aza8ha2oaHLgB4hvdsyo
51vjIMmHWyVqDrkxD07Jh7,03aza8ha2oaHLgB4hvdsyo
3rExe3A3FzAmYDlQuvW2Wx,03aza8ha2oaHLgB4hvdsyo
4AHCUmvK4wUtCRjmvficFK,03bHj8H1BgFe9rOUCAnUcY
0rTP0x4vRFSDbhtqcCqc8K,03bJAhLIXtHDxMozoBvUgd
2XziUthG3Ug3eiWuE5KRsp,03bb6AxzMre5LjZzTiLb1r
3KNZ9AOjBajjmr6ZR2VGfl,03cSf8CTQbwnuUCJzYf8i7
6VD4UEUPvtsemqD3mmTqCR,03eIEzOHqJrAV6gUhTV9Va
3YvQkjWJ5ykJVUNP7YbTy9,03eWbrmzHkd5wuW6svNtyQ
1FQJqgKQDNLWfeLBQoQLmD,03egTUH65gwmAJQbxb1BDs
58R5LHkK3vkmEyGUPOR5kS,03egwBfmIRrfZtGCBhj5kg
4Kyb02r7dR3H1PH7pYkb8X,03eqdlquKzJQg9LYngD6HO
1HxtfSGL8pWUwAyVgpbU5B,03f69ZNG8RejnMmH49aM3a
63yrD80RY3RNEM2YDpUpO8,03f7xZmt2wHCIDJBFPK8G4
6kNKUYGn6VNGsRoXmyoDPK,03fShOmxoMwFwulNoLJDJv
0BvkDsjIUla7X0k6CSWh1I,03fT3OHB9KyMtGMt2zwqCT
3wcj11K77LjEY1PkEazffa,03ffaxt78GbqpZ0vfKrcyr
1QIghPIrXQQ22G1yNtAKFX,03ffaxt78GbqpZ0vfKrcyr
4f2hVqzqXvQdVaC35D8sAc,03ffaxt78GbqpZ0vfKrcyr
2uGKgNuq7MnKksXiSO6HjB,03fkCgwSgj90keA6X6HqC0
1LgoxgQRqIU1xWXRNxgSK6,03fkCgwSgj90keA6X6HqC0
33vNA5y4odTks9zHGS6Mqt,03fkCgwSgj90keA6X6HqC0
7g11vDmMKgubQ1HCN9B7sg,03fnqKyfaEX0iBUdmgGuEq
2ZbyyCS8KLKsuoNlxc76Ev,03fotfwKgehMzxYcPZLk0x
7HWFXU9pHBj0u58yoRwwOJ,03g7fElHSW3uhrJ09gx6c6
2CnhqfjUG0qzsru0SMuhrk,03gKQXrVqr182OivJqrSUt
0YhUSm86okLWldQVwJkLlP,03gNt9LmzZOZcnjKFKrFMl
3QN85cB7Cehb4ZLjpRW2Jt,03giuF6StpnX7LsR4me1lN
7B2edU3Q7btJoNsoHCNohM,03gwiZgslCUcpFF5Jyp7MH
28DlNBW2UlEVVgTuCcYtTe,03h0HCkZ4LLwDJtnBuRBOk
6EN5zX1Q2W7qcesyatdUfO,03h1p2QOhlQtFIhnup56ao
16N7BvvGgw3jvmXBSn0hVS,03h1p2QOhlQtFIhnup56ao
3ohmouyL3xWW70OiC5ATDI,03h1p2QOhlQtFIhnup56ao
5JgxqXmh1TrVDZn7gAgqLw,03hLe0OA5UuP7VXr4VYURD
42cM14lDAB0KzoBWQ86TWu,03hLe0OA5UuP7VXr4VYURD
2KgIhGBEJK4W6Uw5WVeoaV,03hLe0OA5UuP7VXr4VYURD
1HVyjDVd3Wq8B79G6P1g55,03hLe0OA5UuP7VXr4VYURD
1uQXG73H5lbcxVXcCHSjZ5,03hUwBvGTrQpHpvE4pO2oq
6IM4lWFpB2575q6CKQTd2I,03hVrrbV52cKFbg1stXgmS
5gLtTxcMc99WAeidxGaFxu,03hXMHGtoV6V2UzxyxuwvP
3gIjloYbc9H6KkxKwZqExd,03hfqijNQNbIpfcJOBPwZy
5IccCciXwIjKPROLcD1Qao,03hnjC8kAVy9tmfgcB0p0y
4Rj9lQm9oSiMlirgpsM6eo,03hnjC8kAVy9tmfgcB0p0y
13ubrt8QOOCPljQ2FL1Kca,03hqMhmCZiNKMSPmVabPLP
00FQb4jTyendYWaN8pK0wa,03hqMhmCZiNKMSPmVabPLP
70BYFdaZbEKbeauJ670ysI,03jInOtVwApcacQN643qk5
2NdeV5rLm47xAvogXrYhJX,03jcNioX4fCfRgDagg9kvB
56x8mYvS3cyDGAi8N2FxbB,03jfx8RCcOsJcefHYbPR2n
336ozJDNmgpRFPQnO9sxx0,03llf55qnVnqzVNP03SEKZ
7FR8ZynvReyPlYfi4LnKyI,03lqvDgdBKvrq3mGztwU93
5XmQ2g7xxwA3I0o6LWXM2N,03lqvDgdBKvrq3mGztwU93
5ZS223C6JyBfXasXxrRqOk,03mfJFcTsxfldb0DPI4ygj
0a7IMVQLynzliWvqoPo5tE,03mxt5p12CaYy5SsBMmg7D
2CnhqfjUG0qzsru0SMuhrk,03n2zDv0TXbH2q9XpzYpqY
508ItuzNHwMHd2Z9Lh1LFl,03n4FH35pBrkjx9Wt361aS
5sEocv1pFst7o3pam69obY,03n4FH35pBrkjx9Wt361aS
4Cy6TrPbVlo9OP1MTSONo9,03nBUJ7dBWDrbx4P0PFGXx
3PTfq1DY4qdmJaIySsHinw,03nCB2bLgZMahtLTtKk0pU
6FaR0vA7ulJTJ1a4BRlJt7,03oOZgsq6D8ceh4lHug2N6
6UiJwR29GXZroy2iiUDQun,03oWLtwnZh3LVlTM6kUXmE
7dOBabd5O4CvKrg4iriHTM,03oy2P9nPXzEKWfpfhDAyH
68DWke2VjdDmA75aJX5C57,03oy2P9nPXzEKWfpfhDAyH
3IW7ScrzXmPvZhB27hmfgy,03pHq8WvgH49sT9ReHKtz2
0RdRumkn2UydUjqytNJ2Cp,03pRnmoWR9IVKkIR73iGIG
0A0oFtNpb7CV86uWlxjnQo,03pcmgk7CccO3hJ9NzYdQm
2dyeCWctcFRt3Pha76ONgb,03q1cm3P8fQsuTNOMFyQkr
2qk9voo8llSGYcZ6xrBzKx,03qKJWqX0I2tlMJiU72P1Y
7tNLRmiAN8hpmFrbIHiHsy,03qSYwxRCavJccioep27Sx
5s6TJEuHTr9GR894wc6VfP,03qSYwxRCavJccioep27Sx
0cTSCsVx04SSht9V6cpKN0,03qSYwxRCavJccioep27Sx
57ALvbCBaCkNlgTOSiUPdT,03qSYwxRCavJccioep27Sx
3Caot8EtHX6wLpNF2wRzS0,03qSYwxRCavJccioep27Sx
0djV4iaxhNfYWpH60ia85o,03qSYwxRCavJccioep27Sx
2jV8AcZ8W3TfiqInUGWwlL,03qSYwxRCavJccioep27Sx
0yDmbRjVTQsQd3OnMs5s3I,03qSYwxRCavJccioep27Sx
6iDaoPZVgxrTkndDCisX8F,03qSYwxRCavJccioep27Sx
24hJWbo98sH84tb0nkeaqy,03qSYwxRCavJccioep27Sx
31z9f9AyPawiq0qlBO1M3i,03qSYwxRCavJccioep27Sx
1PJVVIeS5Wu0wbZDhtC0Ht,03qSYwxRCavJccioep27Sx
6RwBVkrxTbbtS4bwxYQXcp,03qSYwxRCavJccioep27Sx
1aTDTChWWyiJH3SEnYrdVp,03qSYwxRCavJccioep27Sx
2rDxtYUzTAYJJE3Bl3Z5IN,03qSYwxRCavJccioep27Sx
2cXyPSMdJcGw3t9yNhwTN2,03qjALA7Esk2oUdQafLksU
7zpvy5B9gb5KprNUzNCOEE,03sCmgb8PsB4vOH1jrkCGS
3oSJ7TBVCWMDMiYjXNiCKE,03sNRFeWvYitmksOjDTSeB
07EcmJpfAday8xGkslfanE,03sQJmtsGDLrBtlKoAvUTt
3R4ghTFr16VfqxYeDyERee,03sno6MIkoVX5eC4pRKMzr
3Rwlus4QnnBSnTe8pJV0rw,03sypv5hpcu00S9Ff89eiK
5hNiAUVPCTgcpy8vljCxzs,03t54hE6wlvUxzKekueJxN
3mIj9lX2MWuHmhNCA7LSCW,03tg6cOOCCZNPRZeOmYbYx
5xYNmNkaWRqu3e5F4UXME8,03tnCRrRvWxFy0MnHUkpTA
6f4XkbvYlXMH0QgVRzW0sM,03tqyYWC9Um2ZqU0ZN849H
67nwj3Y5sZQLl72VNUHEYE,03tqyYWC9Um2ZqU0ZN849H
0bfX8pF8kuHNCs57Ms4jZb,03tqyYWC9Um2ZqU0ZN849H
4tZwfgrHOc3mvqYlEYSvVi,03uOJUuuTgaFFI1Efal1no
3OsRAKCvk37zwYcnzRf5XF,03uOJUuuTgaFFI1Efal1no
4TCXgdDPm10ensLNCVnIYa,03uYJJEYs6H4GArW20eqvd
2HubQ6TEbD7HknCNrBsqhR,03ubXJevpxiV4XgJ0xt0Sc
5CC2At3k0Xnyc5s9yHdyax,03ubXJevpxiV4XgJ0xt0Sc
21LI2q2QDyaNjyfXaWWTOE,03ubXJevpxiV4XgJ0xt0Sc
0p4ViyfJUTW0IT4SCBLexf,03urRSq6qlPimpyJSVWbUb
1KP6TWI40m7p3QBTU6u2xo,03v70ZBxmcPX3RWAZMzqaW
3EFd5mZTaObnwJuZvARO16,03v7yBDPOOuA7gFv0xyK7s
5cF12ZikNdG8kfDBdZfpvK,03vImkfmZ82Jsyuy7zJPJI
6sq1yF0OZEWA4xoXVKW1L9,03vJxekuTDCQhdT3WfiVtq
21WS9wngs9AqFckK7yYJPM,03w1u0L5fS0F7izSUkdqS2
2qQFan5AqzA4zB443MZOl2,03w3wv1rwQa2LhQodHda1u
15iVAtD3s3FsQR4w1v6M0P,03wCoYB7mGs3zAAbnMb916
7AO1qih2zQeI7WYTQxC5fQ,03wCoYB7mGs3zAAbnMb916
6I9TgZbapKRXsunA05fiPl,03wCoYB7mGs3zAAbnMb916
0VlR93v41JFZlo1tRAgy2A,03wCoYB7mGs3zAAbnMb916
5gSzpQeKekCGJTR9hcWwKF,03wqvxOYgomDNUWTzesadS
382aq8Pij5V2nE2JMHMoxl,03wxNDkRZO34BV3Z27566C
43ZHCT0cAZBISjO8DG9PnE,03wxVlXdqCzRImWLTSF21U
0MvSBMGRQJY3mRwIbJsqF1,03wxVlXdqCzRImWLTSF21U
2LJxr7Pt3JnP60eLxwbDOu,03xWMkKEbeO4SnylA53ipj
2aqFBHOpM9uIgBpUsdq09x,03xaRPghMl4sRAuO0AR57G
5MnIJOSS6Jl0H4nUayHYFs,03yPqXVJIYC5qKoYTUbAp7
74KM79TiuVKeVCqs8QtB0B,03yWftlC0np4NshtX9RAUy
7bp2lSdh12wcA8LyB1srfJ,03yWftlC0np4NshtX9RAUy
36QJpDe2go2KgaRleHCDTp,03ybzRUwX9zWK69fSAAROH
24icoQNJSEWNu3XvqKBR68,03yib980AUBlXsJ8JJz54l
5xKp3UyavIBUsGy3DQdXeF,03z7FA3hMpedfEXOnpZfsI
5PbpKlxQE0Ktl5lcNABoFf,03zVmf5qaIgOkiPpqsjP0w
49bzE5vRBRIota4qeHtQM8,03zjj8Ni3NQqInP6FQ25v2
1vmLIa1VRY38hZoar8AyYS,040bfxASXZ4RHrb5my05ZT
4dSQICBjdUIp5iK6RRU2bY,041STHVCMt9AtrKYZAEyTi
4ypbxQ7Pb5JKm2ulHXDcBP,041STHVCMt9AtrKYZAEyTi
6xWxKaEFEKU3r7AUzUKylT,041STHVCMt9AtrKYZAEyTi
1A4dOeSiYZ0yBf6l5uYY7m,041STHVCMt9AtrKYZAEyTi
5OPT8oIrU42hqfKMJv0b5B,041STHVCMt9AtrKYZAEyTi
32oXmsd7TLzVccshoWY0mm,041STHVCMt9AtrKYZAEyTi
7jy3rLJdDQY21OgRLCZ9sD,042RaY48TNY9aesv8fqYTf
1DLsogyGi0pwPtwV78D8uZ,042hLqldvqZaPNKiTW008v
5CdJjUi9f0cVgo9nFuJrFa,042vge6apfznZWHPOLIMZ9
3tlXnStJ1fFhdScmQeLpuG,042wd4CrF4WTAwiKs0F7Ve
5zExRf0VQCl3GO4Jrj8r0s,0433N69IselUcbs2fcRJKC
0LlH3BrcSkLqcQ1flElWNJ,043KYKFUZ3FRyMm9HDGzkU
480xKab3lUPhBBnCzlzqIu,043MJ8zk9VQLvXXV01UbH6
2v5wjWQZ9ViJUXAetTQcZ6,043MJ8zk9VQLvXXV01UbH6
1h6Cn3P4NGzXbaXidqURXs,043bfUkTydw0xJ5JjOT91w
2auikkNYqigWStoHWK1Grq,043bfUkTydw0xJ5JjOT91w
2w5q7SKsUmpdUuyf5HOA2c,043f7kIHqTGBaOtN2tmZqB
0Rq2hV3S3O4JMWbL2B510w,044kzoJSr0QCqmP7YWJVgL
12vb80Km0Ew53ABfJOepVz,044y2yHFmxCRnFpiZbuoOa
5dCpFeKxLbycrnsjWZjha8,0455myqKgrIkofngPOUhpK
4TK1gDgb7QKoPFlzRrBRgR,046SDsDSJ78nJDNW2XFN4h
5YGY8feqx7naU7z4HrwZM6,046mU05ZfQ383gXwRK8K72
2Ki2mlU4LhZZ0BOYHWbcot,046r9OIF1bHuTeZoyk3b6r
2Kx7MNY7cI1ENniW7vT30N,0478mQXa11keCCdpWKEKgU
1MrEurzLcL8ugfP1PrUPWG,0478mQXa11keCCdpWKEKgU
12Zk1DFhCbHY6v3xep2ZjI,047FzaHeN5Hgd1V0sDbZyv
1MAUqH0haKBYbjpknTfreY,047OwQQwyVF6plMgNIV6vR
610tJqABwgZWaRvtJoJQF0,047SuYNbH7qrjEO6RhzGKU
3TVXtAsR1Inumwj472S9r4,047fCsbO4NdmwCBn8pcUXl
70S4sHnxr55YQxZ53H5guq,047ldsPPTLwCptebeTrIzb
0nFImDWLQMuYEL1dWcXs1K,04854nSxND0MaZwy1PQ3bs
6dOjhrHjzG2rzqhO55jWtB,048DhsovcSSxmQUlNCCiJH
49bzE5vRBRIota4qeHtQM8,048rIiP977BBiepIeLKaYA
6Mv8GjQa7LKUGCAqa9qqdb,0495XdT8Vts83c6D62srGw
3OLGltG8UPIea8sA4w0yg0,0495XdT8Vts83c6D62srGw
3HsKy1APQXW0bCNcvEn2E1,049KaGUjlibRJttF7XVjhF
7GeAzBsalYANXTi1ReOm1R,049MMnSYqnfbUFyAZlq8SY
3SsgzNhEvdhJV7viv0clbc,049cvUPkF3QeN5l58Nd9BV
4cHoQXxNxsIuSIKYZJ9tCh,049hT4kfymuYezj7COJxAQ
2Lxa3SFNEW0alfRvtdXOul,049wfFS3kAsdmGOH8ktYJ3
6S2OmqARrzebs0tKUEyXyp,04A8bbdUo0wkesKOWSMztk
48vDIufGC8ujPuBiTxY8dm,04AS0WvYHXlctDfKojeSsS
49vCIUW46QY3L5vo1xVFoy,04AXtvkiBxQ9ZQAJ8sBZBF
7r2uG6BlFXKcwmh9ItqlII,04AYgtKFrpldRXe5y0LNGQ
64KEffDW9EtZ1y2vBYgq8T,04AYgtKFrpldRXe5y0LNGQ
1vSN1fsvrzpbttOYGsliDr,04BF15u9oROd5LLFIDcOdU
5Z8UTQtTYNu5o5FA66LFgv,04BF15u9oROd5LLFIDcOdU
74XFHRwlV6OrjEM0A2NCMF,04BSvYghzdxjSJNpee36er
31CNSjG7i0piX1pwKjMjmp,04BW36IXv5wlUClwdOkzUA
4NEYQeEYBUjfaXgDQGvFvu,04BYk4QTUUWD1pc1Kl6KGw
7i3ucpl9nZqSaCH4ufVOB4,04BYk4QTUUWD1pc1Kl6KGw
2Sqr0DXoaYABbjBo9HaMkM,04BcODyhCDTV7SBFeJHOXe
0YC192cP3KPCRWx8zr8MfZ,04CdDGjAGNdmLBjJnw0kqI
5svDnd8joFhbpbA3Ar0CfN,04CdDGjAGNdmLBjJnw0kqI
0cM9EbovGFwSQlWjgHmdGd,04CdDGjAGNdmLBjJnw0kqI
2fqgzLpPOMc7GMw9qcOfQT,04CdDGjAGNdmLBjJnw0kqI
4IvneyseUnh42KeTx1icxK,04CqccF0CRt0M409GAExwx
3wjsrpfO6odEphTZWx45RQ,04CttTezSnv71USiiG9mIo
5M2y5A6d5QZjw9JeKClagC,04CttTezSnv71USiiG9mIo
29ijED2bnnprp2TciAK1aO,04CxdRXJQBdw4YwfdYuoCF
2tRg9tU9VRKsmTr2ihZCEs,04Cy9EVwlBwwoklGb4knOP
3tFvFDca4inwWMY5vupFbX,04DBoVWHI8nR09NqWddznX
0JYBvQbg4xyCfKy1S5YGpU,04DCTRWJPjW7vE0wAZwseB
0SCbttzoZTnLFebDYmAWCm,04ECGtAFKdGE6tOzVAKo7U
07fyshwD6z8kprzXN7hQYH,04ECGtAFKdGE6tOzVAKo7U
2feDdbD5araYcm6JhFHHw7,04EDShdWyBr2aJPqjFjKAQ
6urxZktbtGcTIIqxQZ1d8q,04EkY1xc5yYedjagb27ndZ
6QrQ7OrISRYIfS5mtacaw2,04F1slSLfciNXAPZgdXtmW
2WX2uTcsvV5OnS0inACecP,04F1slSLfciNXAPZgdXtmW
7aRC4L63dBn3CiLDuWaLSI,04F9ogoE7mShFurbvj9Y9U
1nivFfWu6oXBFDNyVfFU5x,04FdD1nYNw8tB9CD7aNp91
4rlxS0LeVnHz6z1zp2iJbz,04FfBJZBfU0UR5uqR4CJAD
74w7jlHFeZ4x6cHFaHfHtf,04G8syWNtbjgFSto01d7kd
0sDJfnuudhMaEmFPvALK2e,04GM7GU7v1RTgpopxFBu18
1h40NvcAHSbG4O2r3932kB,04GM7GU7v1RTgpopxFBu18
1YrtUPrWcPfgdl9BaD9nhd,04GSbfB9TU0uH32b3rZbLs
6YWdHD3R863Apw1hkx3BwC,04HYbU0XgrwWfQOak1FLr1
72c21aY4syGrlEpu82lXqd,04HenXWHfLUlsRsLPiBd0k
6FbDoZnMBTdhhhLuJBOOqP,04HoOUWF0qk81g0m7lObeZ
7zMVPOJPs5jgU8NorRxqJe,04IGL9xrDFZ2HHDf0rNfxR
5rbw9hT7jHuylnCxE77yMT,04IJWWnE3Aii7gsmmD1CwK
6qauwCj8W2mTcDGbyDGo6O,04IpcDXPleA3v8XM4oB3kR
0D7x3wBw42v14YOGt34Jaz,04J0z2CDhzlw1YfyaKlIFF
2vdi5RS6XV5Qy7J5GgDqgn,04JEvxmdGP93VzXekCxoJZ
2QcZxAgcs2I1q7CtCkl6MI,04Jcc8kwlHR9XlmUxUgEKq
53XhwfbYqKCa1cC15pYq2q,04Jdmzb6gfuSZxGfAFc2NH
5OrB6Jhhrl9y2PK0pSV4VP,04KJ4NGb2T22y26sTO41Q0
55Aa2cqylxrFIXC767Z865,04KJ4NGb2T22y26sTO41Q0
0WO1Yn4pcC30HOKLD68JKm,04KOKbLltnesz9zVDavtLq
5dCpFeKxLbycrnsjWZjha8,04KsMCb9PZE2S0AtUU8Jhb
246dkjvS1zLTtiykXe5h60,04L0p8GVp0O2OL8MXMjlsB
1dSRKlg9rzvs63rhT8Sbpp,04L0p8GVp0O2OL8MXMjlsB
3NcPjvA2rp9FPj1JBAXwOS,04L6QVctO1p6rEiYh75yBo
1l7ZsJRRS8wlW3WfJfPfNS,04LAPXr5C6W4ufoCVxr5Bx
2lolQgalUvZDfp5vvVtTYV,04LAPXr5C6W4ufoCVxr5Bx
3H7Ez7cwaYw4L3ELy4v3Lc,04LHuPqOMSpnHFaziPq1qO
5fahUm8t5c0GIdeTq0ZaG8,04LHuPqOMSpnHFaziPq1qO
4F4pp8NUW08JuXwnoxglpN,04LT2LwW5cMrIuq4Kvn1rM
43Hr2FjhVehkROIIEb7EfQ,04LT2LwW5cMrIuq4Kvn1rM
4TqdivEO81Wq4oRFJ0w55A,04LsUHWpuMYh91dyCD7LNu
1nEnWkQ9oAZWNrLtXGXCrU,04LxAkKoZd83WHB7ROzvoX
6tkrcmVfWoHC4WOhE7IDyq,04M1uzCIkhWy9usJrtEc2C
4hz8tIajF2INpgM0qzPJz2,04M3DsiMNyn8s5XQJrW5sL
6lGCmXtqSxze8o2KEfYD6D,04Me7GXTY03245nMR0YRGI
0T5OJgMVjKIX3b3W3ekqOl,04MnLPpWdsoyFmuZzUHGnQ
5MraexJKZDrQYzS98kNwie,04Mr5jeXzPFnEQUPtPzRVP
5UJ2sHO2ELrgW6aXeRLTQQ,04NcPs5V6181I5hvUFY4Vp
3YvQkjWJ5ykJVUNP7YbTy9,04O44ubiHsmxax67XcZgCh
4Ly0KABsxlx4fNj63zJTrF,04OwNcF5kB2dM6X43Z9g9t
33qEPyJzzczQ2a8BSiCeww,04OzTY1aR3ddOvyzHORSIh
3Prb5aci7Nva0mLpE4933U,04PB5VsFr1xbAph2ppzD89
4pSowxoZVdsKUyTkhU9ebC,04Pc4kI4hS4C8oIFHFyXHB
7dzq55YG3wjViqexDwiycQ,04PlQmD52bJDdRsKEgG99I
3qvcCP2J0fWi0m0uQDUf6r,04PlQmD52bJDdRsKEgG99I
1jWDblyJH2DelrPyt87yZV,04PxH7CFGAaAvo6j0zZAOr
0ZXDvZqBzwZLsHRXhuTbpR,04PxH7CFGAaAvo6j0zZAOr
5Dhx2Dt5jkQDTORznqwjo0,04PxH7CFGAaAvo6j0zZAOr
2bK1hmUmQJMWzdIv52wORB,04Pz67xTLt7UBafUQKzrs3
01crEa9G3pNpXZ5m7wuHOk,04QKeqtQ1KCDHTXK6mNwqX
2J3qGaj5UzHvu0fjlLgb8k,04QWxRzLnJzXy9gYQKtl6f
3hTffafUYLLgO4yuPAxb5U,04QYNjGUwtJ3emEPCvjaJl
02kJSzxNuaWGqwubyUba0Z,04R63LtwXGvm2OO5zyDa3h
3KV3p5EY4AvKxOlhGHORLg,04R63LtwXGvm2OO5zyDa3h
76UfJrb52tTTiDQNWEeCBY,04RV7yZOP59Me1Q4NoelMx
5m1YaqdaYNheYQiuyEuhgT,04SaNxbEN3fysbISrIiYod
6YnCbY5kHjyJcMEUjoeyX3,04SjhfpIKuLzsxCUYY838j
6BHFzhrhbK5ogpJ8H2z71Y,04SsHWzDOGc4vozF5ewNZF
1GxkXlMwML1oSg5eLPiAz3,04THq9ESnlipU969vuvSJx
79kOOyVKcrCOKDnzcDHsia,04TdDL9q31EgSZ6hMsDrpb
3bhckpkRmz8mqONUceSutp,04TdDL9q31EgSZ6hMsDrpb
34KgepLllQVW6H6jP2VyGs,04TfSQMv5y5lVyCEdEaMHY
1J6JaPeWiuT4oEa4oiEALf,04TvtzVrd7FufnY5KJLXzO
3gBQ1U5dXpRXS6tlbyNTDM,04UHnyTynjTLw4uyO0GVlK
1HhSYZFNNPTTZuOlSfZUJP,04UTqRsNm7ozil6lXW05dB
7aJSIsbI5wV8aFi2kkFfPi,04UVqH7qE1vPhtuN9kud5E
1KfBKoozFugeT1PBkz33xl,04UVwAr6KCutpsLB4xX07n
5rwUYLyUq8gBsVaOUcUxpE,04VtzZ6KCEZLoEomgVR4ln
0ICe5vwuONWq0QwRojNYSa,04WB3yqGPyRKrsPWNhrlI1
2TCyfTG9UWaZYgbg0bmFmG,04WQx5XWBaExK6vEP0gaO0
0S3L6vtzNN4ArFWH2709SB,04XGikZ9fnfEaQwobrQmbA
6VVG93SFF6JwkRgD7FYpZg,04XYmCWsrPaPIb1juv6nQz
5BwOOeKayeMZXa5SSaiRxv,04Xdk7F9HgyHBcAwO7KE3F
6IdtcAwaNVAggwd6sCKgTI,04YCoK8SspDy9Gv52aUrz8
71kSWeYFioviuty6e3aj5k,04YObtYkElo3sNcr9hUe1w
0b4F6xrKsPCHTXEl4j03LF,04YgriwmHLTTFvTbv3deyA
5YBMFTpkOuQk2waZNBofbc,04Z2XuWzPw7z1M7oNk7pw4
0L8ExT028jH3ddEcZwqJJ5,04ZUQ7G8Aa0B7wvg12ypuw
1U0sIzpRtDkvu1hXXzxh60,04Zd8p9whNyRQWuhX76CmL
5wpEBloInversG3zp3CVAk,04ZzbJOLBEhaf8PVQuH96u
2BSv9udyrO0Mm0ckZAkQSI,04bMCNhvHbOgUiKQb0lWND
0spHbv2fw49lDMkbOAdaqX,04bTkYXhpWoyvPI1jGK5JI
6irRU9KRGb0cMtlsBZMg2i,04bTkYXhpWoyvPI1jGK5JI
0IBAqjHG8DSaD7PPCGnGiZ,04bqNCd6eN1qjldAG483qA
54R6Y0I7jGUCveDTtI21nb,04c7miOQqGx8o9yMhOOx1f
0pjLiK5qb4Zr0PWRNkdd2o,04cAI1gdfstN3CyOJmWAJu
4og9jrin5xH5JiFPbeGUPb,04cCYxaUC2LObYVTGlRYBX
2kucQ9jQwuD8jWdtR9Ef38,04clw2CZuvRzvV54g6Ua4L
7aRC4L63dBn3CiLDuWaLSI,04colE4oJt50AHwFhrT57v
2mTXtWA6MHFws93KAA5rVt,04ctleCukrabm2kiv9QuQc
1qiwaJwjKod5WhcYZ76O1B,04cuyaLUTKspSKLyfcrCc1
1t2caVgyabZrVDAlmMGraV,04dG2ZfpqtQClzQLbh6STO
5dHt1vcEm9qb8fCyLcB3HL,04e7R4lIAKPthXtQ2dsZjW
7c0XG5cIJTrrAgEC3ULPiq,04e7R4lIAKPthXtQ2dsZjW
7bXgB6jMjp9ATFy66eO08Z,04e7R4lIAKPthXtQ2dsZjW
0SCbttzoZTnLFebDYmAWCm,04efbtT8ZGnboxb8KIzVmE
1kDGbuxWknIKx4FlgWxiSp,04exsWMZ4wsNFIgppuL8T8
1i8SpTcr7yvPOmcqrbnVXY,04f13iELcsYpY2yeLiAcfq
1SupJlEpv7RS2tPNRaHViT,04f13iELcsYpY2yeLiAcfq
4q3ewBCX7sLwd24euuV69X,04f13iELcsYpY2yeLiAcfq
0k7xoR8j1LbA4VXbKCH5dL,04f7fQILKDgLE8aHbF73VO
0SCbttzoZTnLFebDYmAWCm,04fYjbed1Q9DmGgDF6AtEV
2hED6gNVoqGvmmX8i5dRoj,04fnzAJxtQZFVbn8N3XrQm
5BRAUN0yN8557PLRZIr02W,04fnzAJxtQZFVbn8N3XrQm
0PNyNiPpI6zQnbQyXDPQzu,04gk0AL1K1okgiAzBNwmfV
00sazWvoTLOqg5MFwC68Um,04gk89Ml90KQwgI4Exn0xY
595sSXSxt1PkbmEGTJjOaZ,04gsQiGof2SQdNzNrnJBMY
01aC2ikO4Xgb2LUpf9JfKp,04h8ffz907S09MTRMccI6d
6aIm51fHkokqlJn2vzNTH8,04hXcVEHwt9FRxrbEBZkiX
0vWCyXMrrvMlCcepuOJaGI,04hZt915q6pqzxXuPsGG9z
4Ai0pGz6GhQavjzaRhPTvz,04i2uLdBAfCSYjQzZqspDa
6RiDY2YwZ1Ll9ixMtUV5a8,04i4SzFHSPsP1c6OQzuyOp
5Rl15oVamLq7FbSb0NNBNy,04iBN2ttkQBfGLj6DYlhKF
64g59lHsc4g2jMFokrKDGW,04iq3WCwkHZSRH4xHfxNgY
2qnpHrOzdmOo1S4ox3j17x,04jmrsQI3WUHaUTZ6sZ6eM
6d1HqiWNEKV9zFqQM9WeYo,04jqhpf3oV06HtlmthfcZZ
4NSyPddPUVUfPVMiBn9UAg,04k5plYPTwmii4Su4081nN
1qBSTVOOFSTKWn3TQUtWqw,04kQPbNW10V0GKiP1lfPU9
0A1oy7PC7fdzURgaLaWkL1,04kUx3ZqhMfJPF0bLJw1FO
6Mj20Zm7PRpGzoNN453mSq,04kacCDAgqqT3nuGbLt6r4
3HiuzBlSW7pGDXlSFMhO2g,04ku0KAoZtLyeircAz5MeY
0MeLMJJcouYXCymQSHPn8g,04l6yHbxMQjmUt4wMuyfWE
6bJsL44UKeEydtlJebQI9I,04lSrPCYId76ftPqmKg53n
5ebPSE9YI5aLeZ1Z2gkqjn,04ldhfKQYUZKBCg1TcdoAU
1r1uxoy19fzMxunt3ONAkG,04mAOoQNsXmDJlyupJwmkO
25UVM4HwATaXX6M7SXT1JI,04mq28ok538qTCtlcApfs9
2txHhyCwHjUEpJjWrEyqyX,04nAGPiHLZtu8u4n4eS4uh
26AHtbjWKiwYzsoGoUZq53,04nemEju86ULMJ1iy6EAsF
3ewd1UqC9cTejovPED15BS,04nmPSC0Nt68vRb6XcjzJc
7xSP5ABX7IOegINeUtUVay,04pehLDX56sU40yBcdEbg8
31CtLHmSL7Oa7TPU9YyBEu,04pnOy580O0I2Htn3VT9b3
5pGF8DcI0mebqLeVLlannM,04ptRnX17bfLoQ7i4pZAKc
6HAyum24LSKWHLOK77kSVY,04pwvjEZN5qeQsfjz7F1Kl
2ItqDyOHeQBaOPeZmKVu2p,04qD1K73NlKL7dKE5lLJdO
6uGKydhYXrVOEXM6QbVzyH,04qD1K73NlKL7dKE5lLJdO
0spHbv2fw49lDMkbOAdaqX,04qWdvB1jkdmkAE0XDRvvk
4aemlCxfmvFjJa8YKvaiJI,04qWdvB1jkdmkAE0XDRvvk
1dOMFM5wDNsENQQW0nl0K8,04qqfjPWDqrg9q3HTToCfZ
636Yuw9EBCEsZDAyWJibEJ,04r3Q1qtj1y3kyOXJy7Gk3
2qTzlkPoxUuObMoq91dLtV,04r3Q1qtj1y3kyOXJy7Gk3
6HHiJpcIClPsOg2L7QXspb,04rMosX7Wp0gVhUPcJEPQr
6eJRqkCcePqNJkhk98IDbc,04riTCK49m7KmAHVCdNoev
3nFkdlSjzX9mRTtwJOzDYB,04t8KUfSfNae6iC2yxMzy4
0aZu9zUfF2EgTHyBbZlW1C,04tj3gKVhgE883GQBgZlJi
5j9R5dTGerKvdXopZnfJh9,04ty6HwbPa50ZxzxrMdQQx
2KxjMGXFgX1vt9grpbD3xI,04u9U3bDD9dVZFDDI8v0ME
6MxlVTY6PmY8Nyn16fvxtb,04uGsEzXnvFxNtZzGzyuqn
0SCbttzoZTnLFebDYmAWCm,04ugzFDYcsvp9ssHo0L2QQ
71th4FPdhGaAHVeng0LfRt,04uwJ9uQ9C3MhgwP9NACU9
4ZgIWfyg9BkcqnJJ2xVR3f,04uwJ9uQ9C3MhgwP9NACU9
2dIP3oiEt0xB8CrfSqN9Og,04uzw4rZ5ziac3cQQZpySZ
0OWtaM1z81DliQXntU4KaN,04w0DIF4bfFgnm6yLEtnrh
0Y9K99X1XZqnD7IE1gO3gt,04wMxAODo0m0fWDJwk7ovy
0UWZUmn7sybxMCqrw9tGa7,04wTurGPiiCycX8meWvf6v
5zzrJD2jXrE9dZ1AklRFcL,04wrnpT0QumuU3GPWbf0VV
2elBjNSdBE2Y3f0j1mjrql,04x6DpeFQ72efXsD0DmWPQ
1IAEef07H0fd9aA8aUHUlL,04yfprdwbPNibN8M6vE8NQ
6vXTefBL93Dj5IqAWq6OTv,04z8Jp9dEXMwW7SkCYYwWh
1Xyo4u8uXC1ZmMpatF05PJ,04z8Jp9dEXMwW7SkCYYwWh
2oZVtrCwHyCZlIWAwy3VBn,04zTdcX84IbaTHZWqsuSpF
6d9SnuHI2bRer7c76d8sLq,04zTdcX84IbaTHZWqsuSpF
1Yy64kzIO5Ryx7iuHqoImy,04zTdcX84IbaTHZWqsuSpF
2oQX8QiMXOyuqbcZEFsZfm,04zjJ3DfROLfusux2ZwhHM
5GcWBUX00IPuWVGMIRK1sS,04zodNGYYLI7Q7DsFgQAql
3N4FiTxpPQRsrihmTMN349,04ztwRi3PCiARDmoBUkn3U
3AA28KZvwAUcZuOKwyblJQ,04zxGiXcmNQ0m9oDXtwo18
5JXhkyafynxCvxtov7C1PV,05014TXxT7UUAe3C7Vi5OL
5ADSZA6X6nJBe7pTgcE6nA,050UuOQmyhJ470uVMpm6dM
4EEZg8R3dxbTCCQ1DVWtHg,050UuOQmyhJ470uVMpm6dM
4tpUmLEVLCGFr93o8hFFIB,050hh6aTGgKMkoEvTMuwux
3grHWM9bx2E9vwJCdlRv9O,050iNgNKEUrJboOnH4Jhm6
1PJVVIeS5Wu0wbZDhtC0Ht,050iNgNKEUrJboOnH4Jhm6
5BO8aIDUyNtvnq98qMIs85,051VzpEn17dLinnypLAUNG
6OvSTrmGE7sLhy0vnmfcpU,051rkBaYDt3Ls8zapH40xM
3kTyCE7R8gMf7Ms1S1IpCR,051rkBaYDt3Ls8zapH40xM
3JhNCzhSMTxs9WLGJJxWOY,051urfGQsQOQXSbjIumG9v
5BcAKTbp20cv7tC5VqPFoC,051urfGQsQOQXSbjIumG9v
4sqgE7XhJ2Cvu3Z4AvFj0j,051urfGQsQOQXSbjIumG9v
1RyvyyTE3xzB2ZywiAwp0i,0526DaOuV7mRlPKxhMSJKw
4UVlSeEFDPmlkYKaRMRoOz,052G0hdELhqeH21QthbGvF
5XlSS9O4eHRiJ0hKzbaFQ2,052oCOM3iop09zYBpn5rGJ
3DWjEOfsm596u6OdskLe4t,052qlLEH6ToEQfmSGK8YRQ
63yrD80RY3RNEM2YDpUpO8,052vSBPxqdmYRDlkSPiavc
0vR2qb8m9WHeZ5ByCbimq2,0536KlZHZbBfPlCCb7hxDA
4pADjHPWyrlAF0FA7joK2H,053ErGCGPpBtr5T9E32wDC
5hgOjk7FGUwJvo1J3oDK9R,053kZxouGV0zcP4f6YCsUU
25uiPmTg16RbhZWAqwLBy5,053tQJvHupZLhjUWMmHlQ1
1h5O32I1o0VOnpLmKXLfRa,053trmldheiFgDGCGgZ4WW
2E6Nnh7AAOVajEHHRDALav,053yoApAqzVFYZQUcf60Zv
7nqOGRxlXj7N2JYbgNEjYH,054sQZ2qmw0Ya7N0XSxl3j
1t44XSPiW7z8PebleCo7uP,0554XmQ9GXKFe1yINHl0CQ
52azpeiy7FKa0hoa8CwL6E,0554XmQ9GXKFe1yINHl0CQ
04DUpHOyQqwbHFyvIhcGi3,055qy9CPBFPD4PhC23cULi
08yxJfM5RnFAjJvMJIFnvh,056E9aOuW3mlHZhSOU6geS
59jlthNnbmim5l9tmNA7se,056E9aOuW3mlHZhSOU6geS
4pHDBbJMWvniiMjrhi2rfE,056WH5eZUYEjtJK5LzDMcJ
6J9Vq69rGl3fJftWDT8jaK,056l0NdK5ZmSG9Z31QC8ii
7MiDcPa6UiV3In7lIM71IN,056xcS5mhyny7dnDgndqjD
1D6vAeVUcgMbSx80IA3Zun,056xcS5mhyny7dnDgndqjD
4W3fa7tiXGVXl3KilbACqt,05704F5Uk32MIb9tX5omWQ
4C20AUsp5T2VNHmzSTSzYn,057Tt2X3tVjt49e1XtoSnQ
4AKwRarlmsUlLjIwt38NLw,057rAkaQRDyHvVeMn2TCw6
1sBkRIssrMs1AbVkOJbc7a,0588kHJ34DF7ZvTyuo4Dnk
20sxb77xiYeusSH8cVdatc,0588kHJ34DF7ZvTyuo4Dnk
6vXTefBL93Dj5IqAWq6OTv,0588kHJ34DF7ZvTyuo4Dnk
3nFkdlSjzX9mRTtwJOzDYB,0588kHJ34DF7ZvTyuo4Dnk
0QHgL1lAIqAw0HtD7YldmP,0588kHJ34DF7ZvTyuo4Dnk
6L1D8jvWy1L2O27T5mqn8z,058LWxwKky2YH6GlA7bOVw
5iXYJYmMcjlTFL1qA8UfgY,058T5UiAWu70uTAYDN67kY
0LIQJHtaj1P8K7CFMxqonq,058bYtysQS0bnt7KtEnZsg
7C9hIwTUxeWIJzxK6rGH0d,058tyWQSQ3CrXp1locpRdN
5PbpKlxQE0Ktl5lcNABoFf,058xJ3P9GObtmf10EpsRwm
35rFgnhlSSYflP4HpC3JM0,058ylCuWsj0Q85LWviID7u
3uldWM9IRZAaneA2YtDu5H,059NVOghDOwrfO304aKYYj
4sQNUQjOYj9rV2sdfJ8laS,059Ym3Ib9pLNZkzanJPiSC
17lzZA2AlOHwCwFALHttmp,05AXwekEtlEQtIShshh7aY
15UsOTVnJzReFVN1VCnxy4,05And5JRQJeIaMASE5D9Nj
2rhFzFmezpnW82MNqEKVry,05And5JRQJeIaMASE5D9Nj
3p3jPcp8b7WL9XYj4xlsWj,05ApEAT889haImO4kMB6Z1
2i8526w9fGlJcGVmepDyM4,05ApEAT889haImO4kMB6Z1
5SXEylV07TC57eanSxxg4R,05BJQUM4bATKGFheqrC6CW
1fnDlUNi67FQtHHqBl4Yfg,05BRMmqApBaBjxQlxTeD7p
4xFUf1FHVy696Q1JQZMTRj,05BgC2247XGi8ySwBzOO0o
1xT5p0VBpnZDrvVSjX9sri,05BiVquekV6TGChaw1H0Kb
5qQTwkRWNaZngwkU1CPmYJ,05BiVquekV6TGChaw1H0Kb
0N0d3kjwdY2h7UVuTdJGfp,05BtN8RrrRQdmNnGTX9cHo
0dUHLXev6YWtI22rtU4TSV,05CCOTdasNBq1buAjKDhTl
2Sqr0DXoaYABbjBo9HaMkM,05CE2mvaIBPMCHuCfzYIzs
79D4dipwR6scV8AN3dm7gW,05CE2mvaIBPMCHuCfzYIzs
3ao3jf5d70Tf4fPh2bnXVl,05CrK6Q5VGtfPDtyQFJ4Kf
76rOhzdFrZx37hyeA5cQgZ,05CrK6Q5VGtfPDtyQFJ4Kf
7cwpp7caWpzvusuo7wUHHQ,05CtArkh6PiG3ENphh5qpG
6AcOTCYBMvjKYy4zms0kaC,05D1EBsM6yXdThNje9VWoh
4GepMkTgrIZECoCC55vqjW,05DDI0GbLFd0oAfWuSrI8y
2AZOALDIBORfbzKTuliwdJ,05DMXMZvPUrxCGdTuvnJlG
718COspgdWOnwOFpJHRZHS,05DejmhRYCktQogzOVX1H9
4ofg0wyo4TjuNtWQ5XxZhJ,05DjGdZSV6nEeUkd78afBO
0kqRUwSJCCooeI3hNRsghY,05E1O0BB7rJZ9WYV0ceXr3
7pwoWOh2sbcmRFkk7QWQsS,05EcX9f7aj858At27OLDLb
1mbgj8ERPs8lWi7t5cYrdy,05EvjHlCUgXSZ63pANGA8E
0hEurMDQu99nJRq8pTxO14,05Ez6KwjICkscWQVTsT3f5
3PtKFI3Py8YVd7JhwjMeoN,05EzpG5riTDvvmrZJgcBPV
