album_id,album_popularity,release_date
75kQjmcR1YnIrBwVW1s4G1,44,2014-11-17
2kGUeTGnkLOYlinKRJe47G,57,2017-03-23
4QianJs5Ls4mxwcT7gDBww,57,2016-11-04
5oKWoolIuoWMG6AORvA9hL,38,2014-02-03
7pZ8G0wWw7PLiECRnoaUbi,30,2016-10-19
3NF642glRZZKf3Ng96eMfX,31,2017-05-05
0vBFa64sBqdd26KKIj4SKZ,34,2017-03-10
2kPUTzKRpqY9mSPlHjL1OR,37,2015-09-18
23aWOneOrCl1KBfDCo2pFy,30,2012-10-30
6z1qeT7vI9YUsCHqufGWJy,40,2016-11-25
4Z9obWy8iCAkKg6BRDWobY,31,2014-05-30
3HZ0JZp7CyL6iRDcizTNYN,31,2017-04-07
6DfpAPQnvYJlkbzf1b2g8I,31,2013-12-19
0EI8YjnyrsrQPNKIDfCY2n,46,2015-06-29
5afHhk03AfHR76hfjRNobE,47,2016-08-26
5DBkVYMm2pO2JBmbadxp2E,30,2012-09-18
5iK842b9xnZblgZkRxWCFe,45,2010-01-01
6InzdcelNU3urf6CgnXCph,32,2016-11-10
3BKFrChX5Exd28VX3Yq4Kb,50,2016-04-08
3oJKuFPVZTSeNc8G4UYV4L,45,2012-06-19
0k5SdnRApLIsknnO0M0rwH,30,2014-07-17
3MksslTJffj1jqxGkQt8Tm,34,2015-09-27
1fbioXhoT5kdGQ3qjTki8J,30,2010-01-01
1JsfL0KkGgJYWFUaL7zrES,36,2015-06-09
2pPGfPv8AKkeFyTtgHTOUr,47,2010-01-01
1dvidQe99PmEDSW91azSTw,34,2011-05-03
0wxVA1pnbkGHqkWjh4DLFx,38,2015-10-09
0cHT4ll3sEPyFFWoFuibMl,36,2016-06-26
508PwdK7nipXn6CL20PWkb,42,2017-07-21
32t5s4ID49x47XgNOHvYqX,45,2012-12-11
2x4uV7cAjgVzCeGaAh9HLB,30,2015-11-20
452XImtJriuoKzyophR0yv,38,2017-03-16
1z50aUk8ypdjqTzqxuQ0ig,37,2017-04-23
317PLw31Js7O9lndUXuMFC,32,2015-04-21
4mWCzSBfHnpKRU3vsqhEJc,31,2016-05-27
6L06e2Inbj1eG9gj4ZH9Xz,35,2014-06-23
24GcpkD2HA5328PXxFP5w9,40,2013-10-13
4xRPxUWQPF9BbwlodMnhh6,31,2015-09-18
1MSxQKpaZ2nPubMVQi9V3N,46,2011-08-02
1OXyss0RptjKiapSKNewku,33,2015-12-10
5mgVRRHjtl9fSY3rUHysJx,34,2017-03-10
6nE1C92IIZQBnlYLxObRHW,54,2013-11-25
2GIrLP0PWskhZAJaHQtDux,49,2016-06-10
4yVaTn71IU28NA0Et4bRED,46,2016-07-01
5KjCwts0bB77KWXXdbeWDH,40,2016-03-21
7FbbHGEqovOBqxZBsbxFqX,47,2015-01-15
4GBIKJqX9pDtBh4CJ5PMyD,32,2013-04-16
4WlD2i4Eb75fNj9VukkEB8,39,2015-06-01
2Y81I8p6wKD13rSgp9aujA,57,2015-11-20
7ofIuqyYYYTu1MbgDJgef4,42,2010-05-23
4EK8gtQfdVsmDTji7gBFlz,55,2013-10-08
6ahNh15MTKTZb2IQJMnqBy,36,2015-10-30
2xQu1nr9mQ8vkHNpC1sx6J,31,2014-11-11
630KUw0TTGpapAuDFBF30z,33,2015-10-23
5Bf2kyJHabjNchfF73IGiH,40,2014-01-01
2fVLDKLQMLzqKKjlzVkAuf,30,2012-03-17
1x69uilYROlB9Swzq6KpmB,38,2015-10-02
0djZBLLoZgWveXvSGQ6AHI,33,2016-01-16
2WxtrbQxuEQkUVkcezBzdl,31,2017-07-06
5jSA9rGAa107RdAWPzM3jM,46,2015-11-13
3PjbRRS8U0Y6FYHCFyOHWQ,32,2017-01-01
6pZj4nvx6lV3ulIK3BSjvs,39,2016-11-18
12dPqNFIdjiVFSHvtsDmzJ,46,2013-11-05
6FPsDyF7sUzTJMBelezZIp,31,2016-08-05
3ffZoNdCyrZWY9jlpCS7wz,34,2013
6zxguuGxV6KZLKPTNYyEfR,34,2016-01-22
4ziM2uBQerVHZYnvVFFnoS,32,2015-01-20
2FFMtf8Log72Ow5A3ExNv5,43,2017-01-23
31dBitfDGugqFHLKrUT3rt,41,2010-01-01
6WlzaRoDShdgVgaqJRjyNH,37,2012-08-28
7a0OYjzocK1VwE8Mj5QKoG,33,2015-05-26
4yYep1aU3lXRaONTWu2X23,37,2011-07-11
5SuiUBJmzzlOZqj3rogcja,30,2016-10-14
0OK4Ou6xS2mMJvrnWgbCEJ,45,2014-02-20
2oUWSHubOyXXSFN7gzLlkq,57,2016-07-01
3Agn1GrWYPQMVqiES3P9JU,40,2011-12-27
4XHIjbhjRmqWlosjj5rqSI,61,2012-06-20
7E56IANYZex5WABvAeYRIB,41,2017-09-29
7EAVX7J3DRvhbMiKjgtgvB,33,2017-07-14
03DdDRx3oSubYvIO1xjwcX,34,2016-05-06
5Fei3OXDpZtPrsjwt6CDYx,47,2017-08-18
238NQAxbtkQF1QaiMfcRSE,34,2015-01-01
2tzeqjhFeng6SK5PTBupAp,30,2016-10-24
4rG0MhkU6UojACJxkMHIXB,37,2011-06-17
5VHide40URoPoaMJ5Ou0vK,49,2012-10-01
1kzbFZiILCf520UCCPOhvz,47,2013-05-13
6GkdhbqD0GxO1YMan6eK2b,49,2016-09-30
42xeQBQTfAau2KaHa8lZIb,37,2013-07-01
0DZPvNS2UafM6bBPMm3QEX,53,2014-01-01
0rtUOSV8E9HYz3ra24h0Cs,37,2015-02-17
2R2Cwe4kI8b2WObXZ90wOC,38,2014-02-18
2H4MixFpi9BQdQqtozfovm,36,2012-06-19
4OoNqHBpbgDoqtN3u1IdiC,30,2015-12-18
7IACcKsPaMrCJjwsZLjoJ3,42,2015-02-10
0EdEKtBeCcks1flcXuPxIZ,30,2014-06-27
2U8jmta2FRGB1bUMQ7u9jj,32,2016-09-21
4k1dyTXNzSE7nBGftoMH4b,45,2015-02-10
7z9ssIzOlJAos2yUnTh899,35,2015-09-04
5D4btFygTiN8Ya0foisiIM,44,2017-06-02
3MGWUbdvqgbu10ShuQuHzd,31,2015-09-11
0AR9k9xuONdHSUjKaxGct5,36,2017-03-10
0oK1glMIKcHmAsDzhnxNpO,33,2013-04-05
3I0cpYYDICQOjRI6oipMge,30,2010-08-16
1HSyuTHvLXMWyPJQGnQTLw,32,2016-05-16
4aWdr0Nnt2wRcqD9OaIDtz,47,2016-03-18
5roeGujs5AMWZHsxu0z1lZ,32,2014-10-08
1yZC8xZwv4gsmCZ4p4JWdI,33,2016-01-28
5GFHFEASZeJF0gyWuDDjGE,68,2016-09-16
2p1voQHdNSdy596VRDtdji,35,2011-08-03
6VeVzV7vR3UGZOJcnozYzR,38,2016-01-31
6nT32ncY3G3k03Xx8fdzFk,31,2015-03-02
0MPMiyavAbARflBlNGjIA6,41,2010-02-09
4fZXOp8No89WLudGy6brXd,42,2014-01-14
4O4tlQX1aDjudqgHFBaRqS,36,2016-11-04
0eMON1tw3jFdtlIFA1MWkW,39,2016-05-06
0YsuObPPJFmMScTr6UH6F0,38,2016-12-29
6vP3MQSD5duKIhv1Q1b6NM,31,2012-02-09
1Kbd7hJJipnio37279Oclz,51,2017-02-24
38er9gISOMI0uQW90und0K,52,2015-01-04
3OQONOxy6x3pmChYfg0heS,34,2014-10-24
3PKLZ6s9c6anUOmNTJbmnK,38,2013-06-17
6lr1FKQjhbXOxzGOB9BPso,41,2017-05-19
55giSYDPLHVdEu6YA6PERj,43,2016-08-05
6Btf5qRQjRvQKPGFUAstvg,37,2015-02-17
1907F3tAFEAdpsQIgAYNzJ,37,2016-01-15
7nQdWTt5kiJUrIuWToAEhy,31,2014-09-02
14Q6NvjUSthc0Xgb5EgtQd,41,2015-09-18
7t35JHjhNRPMZ3eZHuDeba,44,2017-09-07
1DDrkcadagSRpaqQDKVf2O,39,2016-10-07
2BEVr9m3tAWLnjCT8DkUH6,30,2016-08-05
1641fgZDiBN7e5yRuNmQ6M,31,2010-06-04
1Bo3QIkCyr0AErUw4BHl1h,47,2017-06-22
3rgqNhTgwBROjLHhIzeq35,37,2014-08-18
138KhEzlJAoHKpSedlDC8A,46,2014-12-01
5HNyHXa6z20pWDod3JyLXo,33,2010-01-01
5DPZqC3ySZkJClCvZlIq6K,36,2017-09-22
0jfS1hSeYXgAhKPbRSe3UI,37,2013-01-01
5S0nsfYhHa1uz10V4yoWSL,57,2011-03-18
23Kf2cl3kz7pFNKhl4iMp9,37,2010-08-20
4SZCV3d0kgIEnLatUoY0Jj,42,2013-01-29
3AhqN3WcKmO27acMgjLIse,31,2013-12-10
4Jh3PDPicP3QwWpktQS7Yh,50,2012-02-21
6f5gAJpM85TE6aQ81h46T5,51,2015-02-04
0hHoUwwrXL79lSEcRy82vO,35,2015-06-16
375cUd86z58eqXN2yW3Do9,68,2015-02-10
4nka5RtqtC17gwfl4bjFs8,45,2015-09-10
1vtmvP6HpYWljDR2vplT3b,34,2010-01-01
46C0FxiHJ5whkGbCRqtkhR,31,2012-10-28
0CL4Zsk4SKMXvLQKa41BOv,43,2015-02-27
7rf1qZJ6hGSlPN7K9ShsVV,50,2014-03-14
5sG9v1V0gjNbQQiXkYKWe0,68,2015-08-21
0F2bhCbSbjdWW8UYJuonwQ,30,2013-08-04
0yTb8Dx1eVe0pO8N8cAEjA,38,2017-07-21
481L9QkG0QiHGYBkDzqqsz,32,2014-09-30
3wZCydFnWWZhm5osBdul0s,46,2017-11-10
7xconhHQKj7Be4P2KvUmFz,66,2017-04-29
4PNP7ZIyQbAGvZCxb0UUKS,41,2016-10-10
60tzyfHtJFQxHBS4So4t8J,39,2017-10-26
15EU4ZbtuJ6inaJ22eIgsR,41,2016-10-28
3TumIACV4GijQrW1sSUqax,42,2015-05-26
6JF49ixyHmOgS0Rsda2k42,43,2014-01-28
4Z1BFX1oBckY8bhGEWMYmi,31,2011-04-11
00Qd4Edo3V93cw1XVW7w0a,30,2016-10-24
4LugYm5uqTDMMRcBIaLmk4,34,2017-06-05
0w1Dc9DMcJ8Qon4n3wv1wu,43,2015-06-25
6oMmXUdZ9gO71JRzLaozEg,34,2012-08-01
6zhjig78tafXcTTZmjO752,34,2013-10-22
5Y3yGPqEZkTOCYNPQfzBae,32,2015-04-14
330b5MZdlUJcPOkei9G4KM,42,2013-08-23
1CJfIUEL6uQpb65gtf2S4r,44,2010-10-02
6ihcqLTsLBYoDIZa3GYWIT,32,2015-04-09
7I6ulIzRMJ8Bmz5rFBAvpA,30,2010
3E6oI3wPP1zoAdlZKd4XV1,30,2011-07-15
3Hxm4wa8a3E9PgDOrFbIVO,41,2016-02-26
6mueTLPXfvXjl61ymHHwY8,30,2015-12-18
6SVh07Vs5797CLKJi2V7GV,30,2014-10-24
3ndNRADRjVwE5PSt7rHDCr,30,2015-01-16
5McOkriDdgEIOCuVRCZj5Y,30,2014-07-15
19OgQG7EqDdFfjPktRfmrJ,31,2016-10-28
7wkXM76ufK3LkyTZe4og3K,33,2010-05-20
4ogRUCkV0T7cUpqVo23tdl,30,2015-07-15
1cAH6swM8Y4K9tb7IufAWf,35,2015-09-14
0LVMI64BPt0IRrDd1XuWkG,62,2016-07-01
07wltijiEhx6hNp2MBxXIx,38,2012-12-15
38Ctq7b4mWnAeB1kzv8RRi,31,2012-10-16
3L6MNK8g8qJD99P6nyTgFI,44,2011-02-15
4E7RXXUaKpkquRTcVUvdAg,50,2017-09-08
2GFFxj8aR2XpwIMYanOPjh,39,2013-06-07
3Od3V0cItGMoU4F1z708Kz,34,2014-11-21
0jJ7mMkCkTe7p9EJgSRxgi,48,2017-03-02
1xXd5qaAVRSFOTS9MarI8x,38,2017-02-13
1MZfu40bPBKw1HzXGyGoMX,35,2015-10-16
3ruxxNJfKwSeghjqG6JL3y,42,2016-12-16
0LRiNBRKWlEcjo7v1Jqrqy,34,2016-09-27
6yALf97g5ssJkYmNXmr2nP,36,2016-04-04
4sdSnaf5mEJNY4E4MhiJd3,35,2012-09-18
2dVf3FNLJqsMCA4ePrTuH5,36,2012-10-16
2ybC8wJprmJBBbZHJtzGJr,37,2017-06-16
627ukPRwYxyBREHxBq0vGJ,33,2010-09-07
6RBelqaaCNgju5bBcrCgL4,30,2017-05-14
4b1DzrFBADJR0vBQDAb31a,35,2017-10-06
03B7yRw8C4i7Vuxxjy8RJw,31,2016-10-14
4eZL2PZL6UiFWrj6JAVTLJ,37,2016-07-29
01gL0htCaJtIH0yLHXlOZk,40,2012-03-23
2tJoaDnwr0xWHD4OriSNtB,30,2013-01-01
3gfTj1Dq87IiiyPOviWepH,39,2013-08-22
5DffkNIj1x6iyv68I4SHZZ,38,2017-09-24
6397JRE7OBuGKj95VW4x3A,36,2013-01-01
7pMZdJ7PdJUG18pNLZkWg5,38,2013-06-10
4qC2Pa4OqHVRpAgsGtx3C3,48,2016-09-02
0baCV1ycOZAUna4N7tgVNF,34,2017-05-29
4MFQ4cQbhnT13OIpDlLtCS,31,2015-09-18
1ylysR6fqyNNJmuuyCIf5C,47,2016-11-07
0Dvdd8C1sQ7g9wDsNJ0bWM,36,2016-06-10
5JImxehtOINJnpAEIVGbJi,43,2010-01-04
4r2Ilq5eSSqRc2vCuIKhqf,39,2010-03-15
0dE86L3lCP52MRnPjUOTtf,38,2013-07-16
7LFFQrgPPbPzS6Q61Y3o4F,50,2015-07-14
54pBp6QcdpNiYS1yyauiq8,33,2010-03-10
438AFMs8tB78Ozhgl271oE,34,2012-11-23
4OlBdxJk11pocUhQgea29k,31,2016-05-27
2xBl7O1jFtgvpTjGmaCWrl,39,2012-02-21
1O5yVcAI0FSlvGmRma3HRn,37,2015-12-24
0QekZvOLUvdbQpgwHEi10K,32,2010-07-02
2I3VsdqjeA0kfH5n3Hmluy,30,2017-08-14
76Q9lpHE2vxtyCSrvyaI1a,38,2017-10-27
5df6wkyFKg4dhAVjp6EDfx,34,2017-10-13
3fx0uSwugGOVBKjzAi1Akz,46,2014-11-19
5rppItHQQrcpGrGZ9WkGTn,41,2013-01-02
0N8ZuxurFs5C4fsC1z7wRK,58,2014-06-17
22XlTgyhVbZZPzPLmrBS87,37,2017-01-09
1rfmcUZ1RuSOja3WgTSvWU,33,2012-06-14
2Vq0Y8wgiZRYtZ1mQ7zOMG,48,2011-06-21
33TGRUxbbrWJpy1JF6jwkK,39,2014-11-18
3ZVd3NRBCMZojG8NnLaDYn,38,2012-12-10
7lZs5r4oQV2nutddffLrg0,36,2013-01-01
6965Xyu4KF6qH1tWivfWWH,30,2011-08-16
4nLlRgyqjrPZ03ncQy9E3O,30,2015-03-19
42WVQWuf1teDysXiOupIZt,60,2016-09-16
4NTdUxS1Zb6eQNF8qZlXmK,35,2017-08-02
4VRIpRxvAMvewEHzy2GCtc,34,2017-03-10
1NRL1bvYepbDkrao0zax15,47,2017-06-20
3zwsH959hsbzTH5tUOXnex,49,2017-11-24
1mWCAdn4pHhjEHl9yVY796,46,2017-03-17
1MuenT1cvvI0YCs3hsJDBE,35,2015-06-01
0TyIuRUSHgj0JLsMeosAZl,31,2015-05-18
0FtHgMc1DxDAhfxlJXlFI2,40,2014-01-21
1cUoe6ue8VjCrGbYiBLOP3,52,2013-01-11
3sNdlMfnm2T4HR1XJm58I0,41,2014-10-15
010cogYVCU9Fu3jrDAJ6WO,53,2013-01-01
5Jp5SxdlZ0nyFtj1YEms0p,44,2015-08-31
0AoPcGhCHaz9K96DoJoKlu,67,2016-02-15
25uC3BzETi50E1xFm05JcK,40,2016-10-14
21KrsFEPYoXmJRIj0UNtnq,49,2011-10-21
6JLS96rMyyFzQTlpNuRV51,35,2016-01-29
59cfAwh9YmVdC5jHJQc4yC,32,2015-01-08
6Ttnb4f8aPy7ytDJqV10FT,38,2014-01-31
6fJqp1I3UMz2DzCGSJpmrS,31,2017-02-03
6hS7HOlKbFa91PB2aYsNzY,39,2012-05-11
5LAynix4OVi4mnkEf3Kj7T,35,2014-07-15
3l5PdpQHvUOXlq1w9PftPu,35,2017-01-04
4eKcERinzmkm5m0QoyPbph,34,2012-07-02
11wsRyg0EtBSfAVSrw8jvw,30,2016-08-05
4auE3dgMJmfaMBsWUQ0hnS,41,2016-11-30
1olQuvonXXUEourYrj6daN,40,2013-01-01
60xPMD97KJfh5x6KBbHYs9,41,2016-08-26
5JblYQTb7RXHoqP9JQZK6L,36,2016-09-23
0I6Bl1dVB1hQsSoQF6KuTg,36,2013-01-01
1jamkW0fDJFlcF1wyAejsW,36,2017-09-22
3eDeKvz2ZHosFGIWzV7beh,46,2014-08-08
1PfEXmG8ioEwsj7qDaCQXc,38,2011-02-01
5t6JANuspt8XBIFDlbZYYq,47,2011-03-03
5eoOfLW71UCbeNNNzA9Pcm,40,2014-09-22
1bNyo0wjihTTBvkrMz3doQ,40,2015-07-17
5wpLXPi0E9LnjdmlPp34M5,32,2014-03-17
3QBQCycojhOJLYlHhaCgVm,31,2015-03-24
6GU6PmAOKYRsYVJTMlcjJr,34,2012-02-09
3aj4Tn2zV1RL2M4YPBkRmM,47,2013-08-03
0PcGLp9I02wkK8us1qxAz7,48,2013-07-22
2P7cQEwYCME7UZbHj2ud8o,39,2017-10-18
7CAAClnSiXdMibPT1oyl4k,38,2017-09-22
21wNeEaw7iFxDzvhHXEzcI,34,2016-03-18
5AF0uxDdW2IKi3r8jqVgmq,35,2016-03-04
0nW0w37lrQ87k7PLZvC4qJ,48,2015-12-18
0E7WDCvQ7MYR8CbVKSl0r7,37,2015-05-06
7u7AwfQwKB48dwEE9Tj6Ft,36,2016-04-22
06uu7YWT822ghZbDOG3wuW,38,2013-12-13
680w1GzAre2QubsW7KDni8,39,2016-01-14
1xnaoUqRiTA9580nxMKTxD,42,2015-11-13
3Rz6kF8eGqrDOEteo5YsBj,45,2017-06-16
60IQtcqUr3POV61wSh1W2G,31,2017-06-28
3q3DB4fElKDIDE2bXTLFlb,43,2010-04-20
6qGneMa56MnPHVARssZqXs,31,2014-10-07
4MYLm8Uxayy4UyqFHPHfBB,32,2015-12-04
2tDBFZ0M5cmmUyweIsOc8d,43,2014-11-25
5H0yFEG5FT0tccZRSdNvVU,57,2013-02-12
34dgJQwkHxUC75UIf6uovx,33,2017-09-22
79S9eRBE4zhXybavIRwAv0,44,2013-04-01
2fI8PsKYLPMt9Gv4NVrtjk,52,2016-08-19
3FlECovcp05TrA0Hs9zpug,30,2015-03-23
3pSeHrM0nMGkLYScQgaJdj,33,2016-09-30
36zJTya3TD3IX06lWmQIrF,44,2012
2RNvr92S3rufXeAYnHr8qY,36,2015-04-28
6ZCkrINGQhmMlK6ibFQnvw,43,2017-03-24
2KPhpTUihx9KRWRwBtpTeJ,36,2010
7wTfJAiEXjKzh5NCG8OCoI,30,2017-09-29
3yWeEEaC5xs7FgzwRgjm1p,59,2010
2wGH0a52lXF1C26ZxQ7F2R,40,2014-01-01
6d5DkpOtxu5FyXsqJ8aRVj,40,2014-08-06
2ATnlNdhTGBHX9SYn3UoL0,44,2012-09-18
0xbbsauKysPCTQDd38P2CW,64,2013-02-26
0EEujvb6ISZ0Gr8Tq4zCJp,49,2014-08-16
6MGvEl6OdTKKAbmBFjxOKQ,30,2015-01-20
1Tr1KkQi902R047il7vFUd,31,2010-12-28
3wXGFboFgcK9ezbPuSrKk9,55,2016-12-05
6w8Hg9eUPIcEZFyQcaMv56,39,2014-06-20
1XBTiJCFR4XFvymIUlnkKE,42,2016-03-11
5gsWgFeHRxRkIXGXWPiOIW,33,2016-07-29
4ChkiIHEDdGkzQrhtsQXEb,37,2011-11-14
5VL90afs1EsezktD44XMIN,61,2016-02-05
5FoxaIGIRuXsbhZhwdfknU,61,2014-01-01
7bpWEp24oHgUs08ImjakfU,34,2015-11-27
159cL7XcdoUldPCCy6JlfB,44,2014-08-25
0iV0wwjlM61uX6qbatoUxb,39,2017-06-30
4k8OFHeiAlbAZZfNQwGc1n,52,2016-01-08
5ktAYFq8wJ1hcWHaxl6AQf,55,2011-09-20
57Hqmz2tIvke4mWmJaXU80,37,2017-03-31
7syMmofF2t1xI0RFCtrSG9,49,2017-10-13
3u8UbYIIZkOtawXLDuu57l,35,2012-08-14
0OY480YYBT6oEuTQbxR3kK,35,2017-11-03
3A4mYFF7YY2mZsucLHdEzr,34,2017-06-07
6BmzjJPjWBVfTwbKMFdTUs,74,2013-01-01
5EA6zk0kC9aAd6WDZNhf62,33,2015
46tFpXz9wNooNqL3gnvLLI,30,2016-04-01
7m2Gzfu5nMgHTiMbNDwPr7,37,2015-01-09
4b1xXlme2q5EeIZXK9JHUp,47,2010
75jW2vL0IQJRlCtnuxx5PL,36,2013-03-22
4jZOIs53nuzokTJnyo7bu7,34,2014-09-24
3oylWMc9TTC6Nx4I6U3axc,49,2011-09-02
2pLC40gyEsQljWWBV3zA1T,41,2013-12-16
2UgN7kRBkFvaKSsXH1noCh,31,2016-02-29
74ce7TvmnTieNsiQyZIHv5,33,2015-10-07
0s9tY7YgGKtTxBuWPiJFFj,37,2015-09-23
56auT6DJUtUPDmUR7zTSHe,49,2017-06-16
48SrarUhE6csdPsGbTAgEl,34,2017-01-20
4geCevoFyJ8TvKJdNfSIRb,43,2016-09-02
24Nm4WqbpFrtAsgE5Ba3ab,42,2014-05-13
5kFTIMTuYcGh6daKFDHuaH,50,2012-08-03
4cARAECW98cS10AGV2CH8Z,33,2013-08-23
6NySuONTKK6mtLG0nF80Jr,33,2017-07-28
5Sdmly0VRVw0wIow5eMHAW,40,2016-12-09
53OWyAdaw1ih71BuVlqWRB,34,2017-06-02
1t9rzuEEFVHPdqRYzsaWC8,36,2012-12-11
2U2PILdwl2fi8COk6qX6E7,30,2010-10-26
6glHUYWR8paVp72N7xmBci,35,2014-09-09
76FXHQhTuT4QMIxfL09gX8,63,2012-10-09
2UpwKRTXhJVXvjZgK1h7RY,43,2014-09-22
2RZjnYKPbq206UdEbtTjJp,30,2013-03-12
4k8z58Kusk0HPlDVdcn6Xv,34,2017-05-09
4TxYVUplaWuhJrVmW1O5Zt,67,2016-11-16
6notdj85QIGeqR1zKqT3Oh,46,2015-01-01
3v34omJB3cIoQ68kdOKIII,31,2011-11-29
4PUFxNR729saTb49K0pQBK,30,2016-10-28
6wqTI8qqCvvDaczdTFHylC,30,2016-05-06
1afvfA3n5tSr99HOXyffl6,38,2011-04-05
6Xhb46t8f3z8FkuXQAj4UV,58,2016-07-29
1VGmEADYXBzJ8J269nR6qK,51,2014-05-19
4mPo1YkLytNQdFAl4fNaHV,31,2017-03-24
09mWpzpUOSjjvK2iNqEIYn,32,2015-06-22
0HfXGOwYy1JiU0V5UJNSbm,41,2013-12-07
6DN7GcZF1HywzrkGN6Eeqk,46,2013-11-05
6Y8YXaZoHUrtkjLMDUc0Wj,33,2013-04-04
1nnenAgIzIipcodyg879Vx,41,2017-09-22
1W9c669YOTvdVNkp2I5uCr,43,2016-11-04
0JOEEeYmHjGbwPObkSBSXH,37,2012-03-19
5EvkkgB0ifBfqn5i9LNre9,32,2010-12-17
1AKN4ZhJ3pdKQXCS4CNQRT,35,2012-11-06
3A7BsFCUvqRqp0X3uD0CX2,33,2012-10-19
184q45IyX6tKbTNL5zPAwN,43,2017-06-06
5lXgrzp3xcFdYCQXtsS6dG,30,2017-04-28
4TvFPjsTOKR8jZkcO9PXLy,39,2013-05-30
4waze5VNGmC0IQ3nMgl36R,39,2015-11-28
0A9H0uAwdTCWNofsksO2fX,31,2010-01-15
4DwLXVB5zeO75k8HlTFhB6,36,2016-03-18
4r9dBrrwjdwkZntgnji8Rq,36,2017-04-03
6mOXPtswKccKSx5dYmCXAc,39,2015-01-01
3chopONx6vQ8Ky4q5xqtbR,33,2016-05-20
1tkQta2NWqpU3v5JMnwc4y,35,2016-11-18
1TIMPsHk76na9Cst58abP7,34,2012-05-15
4dJ1Z5ZBRm1ZbKjIEsOQZr,35,2013-12-03
7K5tfkdeToVwZaEnEv2atb,40,2016-10-21
0Cymwa426TUFrAFXrnFihA,41,2013-09-12
0QudobQ7BxwPjicypSo6JM,35,2016-02-04
5CyypeOKTQJsDHXSuRvv47,48,2010
4yIQQzoOrlE0vaH4i5nwOa,30,2015-01-20
0EFitK3T7hqin7iGMbpltM,35,2016-09-09
4ai377DNpe0SuMo5qQcKK5,30,2013-08-06
6upTR3RFKR7K20OnHRXDkL,43,2017-05-26
79XjqMCEOc1VJzgQCipw5F,33,2010-11-30
0vBxqUHwetFn5jCwAKX7Uk,37,2015-10-09
2CaMka7yjnxRY4KYlTsk4v,33,2016-08-31
7avQrMgx6JDi4gT1KM15zt,35,2014-09-13
3bLOts2ifuewi6XZ3xS8WF,30,2011-09-27
2LmtQ9lQwaV9D1xRUL80fG,30,2016-01-16
4EHO6nIhB0OCyOY2vQ8yqX,44,2011-03-08
1L9bZ4yd93BVYT3HNR6bMd,41,2017-09-24
6fXNBfGXNT6dtmFKLN3iaI,42,2015-07-22
1OGV2VsLrQcJLV2guHtshz,31,2016-10-26
07zkB4oes2xRdMNWiPdSFZ,31,2013-10-15
3BOmognWH0yJ2V3Iku6xlh,35,2017-02-13
2sMfr7gUZ1qkY8yNC7dBdj,33,2015-04-01
5q6v8oWwur6S6JBZrM6JF2,32,2014-04-14
3gioCmiIcOvqNRWBpMYrr5,31,2016-05-13
0us0wYhTbayCO1CLaY6RSv,30,2015-04-10
5wmTd5OdRC7NSPldED3V9r,30,2017-04-07
1fZREzDZ1jAuPUHHHhH6dN,41,2015-06-09
7mQm3FkDm1MqrZq8jRvvbF,34,2013-05-14
6xjzTdoumUFx2TdxIx8FHG,36,2013-07-08
1lhNch5NkOONvFhRPh8qaj,58,2017-06-02
60wfLADp7JtBrWvDrDlJM0,39,2015-10-30
4JlnpWBZ02nhIV3yfnF3Ny,31,2015-05-18
758dFjOmZ2dwslg94y4nD7,35,2010-01-01
7xSWQZdRZcqq78lN2bAlXW,38,2016-12-02
7ksle1gFTICo9rKw14dvC5,30,2017-09-05
1J6b7W1nSHH7BObK8zIoEY,39,2017-03-31
5ckt4gstaOg1VlCqyLtrLT,30,2015-10-09
3I2hQ3clUWCr3q6n1u6rIl,30,2015-01-09
0bxwH4IfXTXYmpiC2rIfFA,34,2016-01-08
2xSppFiPUTWqZ9cdF6CQnY,32,2017-05-19
5RF7p2E3uuMhGxBm6Qj65K,35,2012-12-20
40Qj07HvYUNUgL1r2iq4xc,39,2012
6tR4OP2sLkYlUgdaz1y9bW,43,2013-01-01
7wyDZ870M3f8kIcWdeEzmi,34,2014-11-22
24xH6aou2of5sYqDhMjkZL,40,2011-03-08
5FGYd2lKYeFHpybmNsa4q7,30,2013-01-22
48weSvWTs8IQAaUUl3Db8r,45,2017-01-06
2s8yPyvpGdijNJGME9oSzi,40,2010
5m3ObpihQKh30swBFTIDmn,47,2016-04-22
0HUncweJW3LTO0YOvOEX4a,39,2017-03-10
1gmqwXoklK4dL9vIJ727hn,30,2010-02-01
5hNY9GQIaQR7MOelvlY0qu,37,2012-01-01
7z6hmY6bZQqua2RfhU0RWh,32,2010-09-01
6zHD8lzUL0SE19xaR0lyzN,40,2017-09-15
2sGDQ4EeMBzUf7r21JyrNV,47,2017-07-28
6jZstKLY9qrlUuysH3auRc,40,2014-05-06
5DkvhcjQTj3TnUBBXKwSQi,44,2015-02-24
2UJwKSBUz6rtW4QLK74kQu,69,2014-11-24
7dkdpDDWp0dCDkGxfdNykk,32,2013-01-02
2mDyf8UWqMGUWRsWVVXDqd,47,2017-10-27
5vyzWF239SMChLFJXOMshW,31,2016-12-14
6Wleak7A98DpzviDaqYrEX,31,2012-12-04
7bFm2hWgVI3djWqJGXvvjq,44,2015-10-23
3X2HGevGe98BMxseRRnJBZ,44,2017-07-28
6tLK4Qq9vZPMeczOkN8n4a,36,2016-05-20
1c46EPnRi9wrhdUUIJTgxT,48,2014-11-20
66JmbbLZuArxyL1FE7u5hf,39,2017-05-08
1xFxl3l2TR1gYA4lmjOior,32,2016-03-15
4Yf5LJfqpjgl1a4TBiCi07,37,2013-04-11
1HxDN8Ws2vMplMUiYu6Kxb,30,2015-11-13
6wJLXbJ645hpoAyAQBJveG,36,2017-07-14
5qt0Nnif8wnMMWJKxreAaV,33,2015-01-30
2oPxv0oJskRa7oJtQGVsUS,39,2017-08-04
0dpeqKCpdTmHnAmBmn5E98,37,2010-05-28
1cH2rhdhL0eb8PFlqRRP2a,35,2014-11-23
75Nc2FvrYrzu7UY4yNjX1O,31,2017-07-05
1st1nLzI6XNEZOy0iIyx38,37,2010-11-17
46nKDUcNFmBL8ASwFH3P94,40,2013
7EjMuPUN4ywuRfNNYPLalt,36,2010-08-23
6KwuXeYjkDgY4nBTjjQ5u1,34,2017-08-26
55PNTfzmbwIML1UlhKofnZ,48,2016-02-17
6V5BunPicV28JerIaK3QvL,32,2017-05-13
2phnBiQukTRuRRxzeKqMlH,31,2014-03-07
7DX7VSSz6rq2GqaxlrHMkV,56,2015-10-09
5CAfJkZS88sq08EZC62k5W,47,2017-04-21
06BotF7CerCXpcm5Km2uX7,31,2010-11-11
5fnHljZYaT4jOimatJ10JO,38,2014-03-13
0BrWPR65e6OpUPdsMOqTSP,31,2017-09-15
3VUtRqWj9ioL3XbnY4Y0IY,32,2017-10-15
00CYAyKNYKcxoszMmhAI6G,52,2016-03-25
6KiS2t3EapTmHSt9xGUqe7,40,2016-09-16
7gF74deMBvX9Bqyn5RCn8r,36,2014-09-15
5617XywlV7MnFtco0EuZTT,31,2013-12-17
5CPpHqMwhnMHHhTlf6bfiN,31,2013-01-01
6yTAn8RO7vd2UhIB06zAWk,33,2015-01-14
5xKnLMrFWsW6AccJ6Ju9NJ,41,2017-07-28
3ZtpOPSQuN6hOtAlyBJqFT,35,2014-01-04
4Hx5axN7HxCKRxSKYrAeaQ,38,2014-02-10
0VR0U8c34soFl7IWPyqqwY,32,2015-09-18
6HahUp9v0Hb4Aj1U07n8hC,30,2013
5LB041vQbr1dTe0fcTiyJg,37,2011-09-23
032arX7VC6xQ1WbR92jVoy,46,2017-07-07
1Psmz14dcKR0QEyoUeGxXP,32,2014-12-09
15m4i2vvpARQjb4LMkOx6a,35,2015-12-01
7vBi2LRD8WDSKVzeH2bJs7,36,2015-07-20
1HimPrGurKic1hNOSidwF2,45,2017-09-08
53N8W0HvCS5aITRvP7icJb,38,2014-09-15
31m8zVCPQh0x1bJualI5qO,44,2016-03-25
0CyP72ZFEPye0nh8L0ZqIo,30,2015-10-09
5EuTXlhCUvCkEoGvzmK8bu,33,2014-11-26
1FhNKaPWHYRTVqdjrWwL7K,43,2013-04-22
6NRxtdBR4hmD07oXOeMSes,33,2012-07-10
3Df0Vihuc0V8safXSEZeRr,36,2016-07-29
5FSnPT6UZ12u51UyDUPilx,30,2014-08-12
1khQHoHWfemMaJpmxCMaqJ,34,2017-03-24
1SmMZG7vu785rbGzFE9IPl,41,2016-10-05
1O8xNBUsof7oHre2GRFuL6,41,2014-12-11
58WvlSmvoKkrvUuZHw322D,32,2016-01-22
1ziNkIHkCp5WTkduPnjebN,35,2013-07-05
4ajpLE3OZXeXaCeh1DVxy1,41,2016-08-10
4gSoMEnVL0sZlROP2bDVqd,31,2016-01-13
1lkTR4EjkmnUANFwyMcIpf,33,2014-07-07
3IJ5RDbQeiWIf7Fo601JwE,31,2015-02-09
167XvgJWxuyx9KIa5pNqW4,48,2012-12-07
5KnAhtkUJl36Ygjdxi2Vt6,31,2015-08-05
5s0rmjP8XOPhP6HhqOhuyC,61,2016-12-09
1JeUwHeGyUNb33g86ol1eJ,47,2017-01-27
2rFSypPJFjXwxandSprnV6,32,2012-04-01
3yqcj5G3zkeXuWIx6cjQgx,39,2010-11-19
3Q2ojWYIEh9ASuJevLr64C,34,2014-09-30
1aCVUE2d7sVu0KZZnyPsZu,34,2017-09-04
0Qrc4264bXNnDbJ4ASWUsZ,35,2011-11-01
7CYDRyFCKtAYJBSpfovLyX,44,2013-11-09
1yEJRvVMeJD40BXtIUl0Me,45,2014-01-01
3pNUcYpxDYlqbLuxkqTl3q,46,2016-05-20
3ibqObJuR04lz0xlTKpC2p,41,2015-07-29
1O6ouUiZXpuAOjINj1JYul,43,2015-01-21
4bn5ct5jEmBPnlmYvYGJFP,41,2011-09-27
0XV3l88mHajJBib3WHYJKY,44,2016-12-13
4TcZpyEt3wrOtMdK0gknMz,34,2016-02-19
6GUuF2bujy8QXbrrogpiWh,37,2016-07-01
4GvDHEW1goHkqJbLJHzUUf,34,2011-01-01
3aLyPr8RJJ9K7SFedUvJnL,30,2015-06-15
3b8epe5o0Aw0wS8HAufhg0,35,2016-03-20
2oL78CzVNt1WXsa0Etvpo7,38,2013-06-11
3MPFezxnQlemyFzpB8VkRb,31,2016-04-22
5WdL1Z4BDkZzOCiLNTrnkZ,30,2013-02-16
7BdwEhKnoBH1hQDs6UF9gJ,31,2015-01-13
0cDtMoDHC3Pja0V1qrfBdT,41,2016-02-19
0Hsb2ji6oz9R8Q2Rd9St2M,36,2013-03-01
4aQI0KeN26jZ5bPQXKtfAa,30,2012-05-08
103zw9Qm9BRCdlb3mYsBOl,42,2013-11-19
6pmTwCb5SeTjV9wdnkbDo3,68,2015-12-04
0VWmEVuQ8tA5iA3cCTrgxa,47,2015-12-18
4UnvVPfqZqbORqVoedaK3N,34,2013-11-11
1jLD6zV1si5YCQ7y1oI2hu,34,2016-02-18
4lzJh3SkKDEPIwkYZmfsdO,44,2011
3oXEVu3gwToJRkE2xAW44a,33,2017-10-16
7vfuTRXIAYJz5Uc8SddnTr,52,2010-07-23
43zu5UfKXWQLRV99JG7f3Y,30,2014-04-14
7uq8J7jEEW54vtC62NA32S,33,2015-09-02
3RP7VHkY7hGawVk2K3OFAS,31,2014-11-24
0e6q1Il7NGRJLKnDW5svjy,30,2014-05-26
1wBFRaacNYmqfkidUZ0NtM,37,2012-01-01
76290XdXVF9rPzGdNRWdCh,58,2017-06-09
6EOOM2AjpR87sXwES9cnhx,30,2017-01-13
6Wa9UU70x85ldCo4aeYD2N,30,2015-05-26
0yoPn5qKwBRkR79QE9mXZB,34,2012-11-26
1JFmNyVPdBF1ECvv4fhpW4,53,2016-02-26
3QTf8El6QZguFiEWcKoI41,37,2014-07-01
4VeQjaMQmtpIQ48sVdo0Fs,31,2016-11-11
4rA1y7l62I627A69JFG1Vk,50,2013-07-26
5uYSlseJ2cclDwjEL4QJbH,39,2015-09-25
4azVkVe6yeIBhFVyECag4j,39,2013-10-31
6RZlF8O4l3XTtmfI3Nb58G,31,2014-08-13
0qjDs1pSBA36pw3qL57LAx,35,2014-01-01
4uFffuyzkWXx2VTSaZFkhV,33,2017-04-28
4kh8z2eXAIVogMSF3heOLY,30,2012-09-11
43v9cUsP5K0hvu9iyuAzmZ,50,2015-10-23
7MvLqEJ066ULDEcqrQUGIM,34,2017-10-06
3hUhvCs56OOSQEINZCDbQV,45,2015-07-01
1t35RmCT7TlQPEPvrUUUuv,33,2017-07-28
421AXhO4np8qzhiQ7hTDBI,42,2015-03-13
6ldc1HWw2mUV3lrJeTjqoB,43,2011-09-16
5uAlghTYqpxGsVaS7JE1e9,30,2014-09-19
4ML88AyBHneIkmTHJunWCC,36,2012-01-30
6ruIiJQxN1oHeJKq24M4Rn,44,2017-05-12
6hpn39yuudy9yBuKqhNDgF,40,2011-01-01
3Eh8Kx5JxLwXEDth78UGpR,51,2014-12-16
0PzcDkEDb9x7RFNzWYf1Fj,34,2011-06-03
5Mi8vSDmTyjL3yxsgUxrWm,41,2015-07-17
3bzQS5VipXiU0tClLC3rh7,31,2015-12-10
0VlrwygIqoI06z2BTCYuTq,36,2017-02-03
2vf1K6KumbRZnRHa1JeKyD,33,2013-01-21
0BCYrjKNyjIBRuH0nPcToQ,34,2014-11-10
6ed1a9UMAj76mV1NIj1gJ6,33,2011-03-29
1x96aRjKZkoWqhxNuNPAqK,35,2017-03-10
6VRBMd2t0mc6Kmsc0Cw86l,54,2012-12-15
4hFDcpvIU9F4OleRAR9nNZ,34,2016-05-27
2tH6218I88edYNdalBDlmn,39,2017-05-05
7IGKyfuDgE7Tq4CpLhBjqX,32,2017-05-26
56hP6z15XXhWqDJeJXFMUI,33,2017-03-19
61z9zG7jcyAySrKPWZa39M,53,2016-10-14
7cpdHFI1QRqKG9OmXJ0G9V,30,2015-09-11
30JbhlAXrxQH4hfjdFnhSR,41,2016-04-25
0j0EQ5lvPM9c0OqqIyaIBC,36,2016-06-10
582BvSmU6StxTJ4PmTR79j,45,2013
0r7wrRVD77lNrD9t2QgZrq,45,2017-09-08
3RL9u6GpQUCVEn2B6rz5Yo,37,2017-01-06
4dN8VmiUt9WVPDSReLWBvJ,30,2017-09-08
4HGEXvjkZ7KrlsHTaF6xkn,43,2016-08-05
1b20X9PDCrKCDlFA6mpiF5,50,2015-06-16
6ZHnlA5lXphSHoYLsQSYTd,48,2014-11-11
40iEM7X0ptJDDzFLgM1QRc,35,2014-12-31
2G4kkolVlo7QhPFcIvlda9,40,2013-06-10
63AS1gi3b6PVi0HgIKZ1eq,60,2016-11-18
1WqhPiJzM4X6Rn9zva8Rzz,40,2014-04-23
40GMAhriYJRO1rsY4YdrZb,61,2016-05-06
3gruMfuBf5Gc6oHhkyzGPH,35,2014-05-27
08912w1sEZbVmc4XZr40JE,32,2010-01-01
0v4EQZn8clJmIKltNv5h0Y,40,2017-08-04
5k7JaH84J9RFAhzrCugrUQ,48,2017-08-04
4qfJGidG7Pck1fmHBrY1KU,31,2013-11-25
3mBTrK6nqL2U2tMXfXya68,37,2014-08-21
4wHI7bZSdSQAbiVElWBlSO,31,2016-08-02
6FX3D3ksaiyM7YA8x91l9S,31,2013-04-01
3fNEWYYiDZwRqetk97GRKg,36,2014-04-25
2c49IwWfBsMlrLSsyzPoBf,36,2016-08-12
5YehGNJokAIS2SjYYGJJrz,35,2015-10-19
4j3fJaL0JbnryTbRBatQF4,32,2012-06-12
5humkj69QwOd1wBwmmMZq6,30,2012-10-17
2wCAuBLYukbn8Rir9MFmfL,41,2016-11-18
43piS14sRMH5nABIIv8Zj6,44,2016-04-07
0kBLr7BMiCtS6iPBbRNg6V,37,2011-06-07
3UQpOWkXC4KegU2sO3Nc4Q,41,2014-06-24
0Qfwzu4yfzVUIrBLittdDO,40,2013-12-10
332rbeyvixuVxaVsNoS02G,43,2010-01-11
59bag82BfK9Ltcx3VPaliM,40,2013-10-30
1JKqsdbwfOK1233EOT67ZM,36,2016-06-06
0YbpATCIng8Fz2JrfHmEf7,39,2016-07-08
61KmgYM8ILuilcWmzOSCgV,41,2015-07-25
29njH6pDF6JE65D2VJbAxW,40,2016-11-15
6apm4X0q2pHjkds1PMlGCR,49,2014-08-29
6b3I2bRA3TbSARWvOHlgBJ,48,2013-06-25
6t1NT9hDfx7V3B3fB3e9UK,50,2012-01-31
0XoABWx12FcnGbkZXuCsTs,32,2011
2cPpuYcfaL9t4CqPC8akAP,30,2011-01-01
72y65i3IZThNt4hyWTrc5n,49,2016-09-16
3LYJiRx2vxocmtxikxcnKN,42,2010-02-23
7gfAlQ4AdmgFArIE47hD7u,44,2015-08-14
3CRvJuhkYY3nmCiDpKmr3Y,49,2013
32TnznXk98yrckxIEllaZN,41,2017-03-03
191BU6Uvnf7oNTjO4n36Yu,38,2012-01-01
6S0BIiWtnqU0PtumXMpin0,58,2012-05-18
6X4zZpgFQRGQciwnYdmQ21,41,2017-04-28
17l7MIu0Jh0tdgK7or9ovw,53,2015-10-16
7MoXcGUrx7gzm95iSLAIHV,48,2016-06-14
3oTKDap11RDguBrN0WeySK,40,2013-02-19
63fPXLpTxvDR7LgSOZIaly,50,2013-09-24
62dtvPwt2JNDqtfPI7B7Aa,50,2016-04-01
2HatDWFqyd2cFNHX7wX7Yp,32,2015-04-18
4B0mVzwgm0IihR4Qzg82FO,38,2016-10-07
00s8Pe7l7PQMAtRbBDVV0d,37,2015-10-23
7c8KvAJrvdCxsIYvwRjBSR,30,2012-12-14
3ykTa8oJzxd7n6vplb3VTl,34,2016-01-22
2nGyrk4CKknFVjrEZQud7l,46,2016-09-23
1Rz7IpFTjsDETMTfrtEz6z,43,2015-10-28
4XulkQM2z0SZUrzAjsZNI0,30,2014-10-07
0BLe7iiUwRz3qlYVSvHPdS,38,2013-02-01
71C65HI7THrlkpHHa24YJX,34,2014-01-27
23FWluRqn2J7J4mtQ8dMvc,48,2014-02-05
1PqKeJJ5C79S4FfLvvFJtc,48,2013-03-25
5JpH5T1sCYnUyZD6TM0QaY,72,2015-08-14
46k4V5frUKFdFxP0R5jxbg,34,2012-09-07
5M8gr5RV2eR6UkztC69ogB,74,2013-01-01
0BXh1RvAg5pSJVhJBfI5Qb,37,2015-09-11
03GpsqlXxGidzoJld0UkiA,32,2016-12-27
7rcU5Nk3yzqINskBbJ4g29,47,2013-10-31
4rElchiQTu5HfFwheG8xlJ,40,2016-04-08
28Aru7ISGlwtqmnbLRnIq4,32,2010-04-13
1xRsnyytuSTf1rIxWV8m2r,47,2015-02-03
54bO9jrn1NExmpg6Afsc2A,49,2014-07-01
0TU6abraxYirexL1K6PDaR,35,2017-05-10
25Dqil85sRtH67ADs2GmrM,33,2010
1Mjuv5UjTnJrDA9bR0nfMN,47,2011-03-18
6nEIf1fbM3aTmFTNp4nMBM,30,2010-05-11
2lMgz2BBwwzkc9ZfNB9zYi,32,2013-10-29
28fJkC8VzTy7IXxTriq8fd,37,2014-10-17
1dKU3TRpFCRwcDAheqiyPe,38,2014-04-09
5nwJQfxDlmNQy7sJQDpbRm,41,2017-06-02
1SUZW2ye3X2OE6JgnPd8is,37,2014-08-25
65csCPagwDCwOKMmgZ86zU,34,2015-06-09
7xYiTrbTL57QO0bb4hXIKo,62,2017-07-21
7969zwJB8p021EBcCUjsv9,45,2015-09-18
1vxEYHEzZI2l1AyZOtVHKJ,36,2015-05-04
6JbaZX1WluHFINcw5P3cq2,37,2016-03-11
5pXBNUV5Z0MIiE3ExCnIpq,31,2014-03-20
3lnxGIRMSj6NKB16ijwbOH,41,2014-12-01
73TNMu44lT0m1h1Nn6Bfiq,54,2013-01-01
2PiBluFnnIZt2xbrQLX0ke,36,2014-01-13
0rIKUqPJltXod1Jk39RgIR,34,2012-02-21
6IoJeR8sKwmtTiLHK4kBxV,30,2012-04-23
19MmbEcj7NqppcIlQaaS32,40,2013-05-08
6WGWook6KDaOuOmhtSc9m5,36,2013
1n98cCidcYFGj668hdJXtE,35,2017-04-27
0fQY0Ttsq1LGXRhioi98HU,49,2016-03-04
5R2nwgdeqXb9VD3JpQSkuU,50,2016-03-25
5svarBVFxucNX27dwvBFpV,40,2017-04-11
2gahNXiDus3OTZd1zLoY8k,40,2015-01-01
08ibdX8K0GETv20UEku3sm,47,2016-10-14
6MJb2k5X1k25ebj7ZyixCb,48,2017-06-02
2xLlV76XJJc0H8dhqeeQNF,40,2016-09-23
3tGDxfvq1cBSlBFr302jMU,48,2012-11-10
4hhvgHjPqUOAYkclDkhL2T,37,2016-12-02
1yyCXBEu27Ia1Y3torWIwC,38,2016-11-18
7glwvxou64yQXBiZALusEH,30,2016-02-26
04djbQW5lHF6ZMcZQs0jBf,40,2015-10-23
4RhEJVjtGp7IRAfd0HvqG8,30,2017-01-27
0mkOUedmYlOzCC4tOm2v0c,39,2013
0tIyKS6ftGdNvonIhxXI7h,41,2010-01-01
6MQtWELG7aRX7CkAzQ6nLM,76,2010-10-01
382ObEPsp2rxGrnsizN5TX,38,2011-01-01
0qDok5cBPaNeTUkr0YvwjZ,34,2015-06-26
1l0jOyAvq12BpfGz6vnqof,38,2015-10-02
2P6uMaWL3sb6xOhJQrzXzu,40,2017-04-07
19FS8sUgAYUSN0p6K2g2ys,31,2016-01-28
1j1UlrNlRuJtzWpiDuG2u2,44,2015-07-17
3DdhE6I0wvt9YsEbCW3K0q,30,2014-12-09
2sCwWLX6DJgjCACS0iEBHD,51,2017-11-17
0VfNZpKsykX5WPuyEdBilR,32,2013-05-27
4y8VCv8bEgpdcGXzaGFcAi,45,2017-09-08
2oZ2yfQaU5IXwzlWu7vX7y,50,2013-10-21
0U2j0WaDMic6tJ8ijfhkpu,31,2014-10-14
6oWz2hJ89n9mKarg3SO9ou,41,2016-10-21
1l0aFrH24oPrQSqGtfeFyE,69,2010-01-01
07Ght6RYliCbCdKKbElmWK,51,2011-04-05
6SqDtq3R3bg4U1SwT6jOLy,45,2017-09-07
5gmYqZjyX50yWhiT31hUxJ,52,2016-05-20
6VH2op0GKIl3WNTbZmmcmI,37,2016-09-16
0YLgOv4Fi0UK3uKonJcdet,37,2017-09-22
6SQWwNCTTPmS1DaXQNRDOy,31,2015-11-13
0ZZI3LVdDTEz64AerlNAef,35,2011-03-26
4rJu3hBFAUqIAQOlSStJzO,46,2016-08-05
6lKrCQ7gXfj7f3pTKOGExM,31,2016-01-21
5yauUuXppqUj2ulor38hvI,41,2011-05-17
5lnQLEUiVDkLbFJHXHQu9m,45,2011-04-12
0mHkdMpUiBAT77jd7swTIF,35,2017-06-09
4hMqqOHorCn79YxfBB9eNL,42,2012-11-26
5Bp1EX2ypdFnJ5IUyiRl8w,57,2017-10-13
1NIRI1w0W0F9RKnxig6pIc,30,2011-06-20
7tIKqjL5USWo610gOz24Qa,35,2010-12-30
0BX7ynMvK1f0zcswbSdsgq,42,2012-12-15
4ljisoNarj0BpQSMIEv88L,62,2012-01-01
3NI4iMcRuNFYE836xTG2aZ,39,2011-02-16
6uti4rCskd79ei3rukTEm8,38,2015-01-06
6oGXALVuSmMjwfXZeOCw7e,39,2011-05-14
6gWX1I0duVU5lxBUqvmsYz,35,2014-11-30
03r4vM6mYd77CNlcE0EXUw,33,2013-04-02
6cfcdjtSR9ARnpnpwtEGaS,32,2015-08-30
1VANv2mWRaWMncF4Phkl0F,48,2012-05-29
7lkScvsKOs3isiwn8bXFos,34,2013-11-22
2KvJcb4FSNenirSFsu6r1V,31,2016-06-28
2FwUxt5jYvcQc3ZgZRaeEL,30,2017-03-01
6X1x82kppWZmDzlXXK3y3q,74,2011-11-15
1gTlg0IRm6oCpdf81m52te,39,2015-12-18
6rkNFPxSGJTgl1dBjFC004,48,2016-10-11
7Bb6rkwU4sc0XPfssMcMbV,37,2012-11-04
4SPHfSWibeoFCSdR4vd5QL,52,2010-05-25
1cEJjevoanT8DnuV4IsSzM,33,2015-07-20
69ctY5wPad54fhQJDvuZEB,35,2014-03-17
5pFtQFnWmGkQrcFlyA1H4V,32,2014-04-29
6fpKhXDlpWGwo6YHGQAF8k,30,2014-02-25
4g5NzMdGbeRjCDEJK4uwiu,50,2015-11-06
6Kssm2LosQ0WyLukFZkEG5,38,2013-01-01
50lmuZTx1lNcNFjY2cr3HB,36,2014-10-20
2Hd1HfX0cfU2n8yigDGat8,32,2013-08-15
3mwc5RiHDXgirCArUrt7HH,55,2016-10-27
30kLXHnSOPvv0yxOvBYo3i,30,2011-12-13
5R7HaEiSyuBBPReEyfX39C,61,2011-06-06
54dN5tEj9HX3WUwyHNIrQY,30,2013-12-15
2KwMBLrvM82Kxm18H5bxdw,34,2013-11-12
1PrqYZJRzGNf8AsSOraxnZ,35,2012-05-22
4HhinqNembckw2pMoDWAZ4,39,2013-06-10
0HedrVZF46qhiU0t0AwEY8,33,2011-05-24
4ywy3ahNM8FMH99Ueuf9ZA,50,2016-11-11
6jUadvmd8sF6uU4lF2E8Ho,41,2016-08-19
2VwM0gyT1tEpPMQXBpdfwm,31,2017-10-20
5ROZxrTzbDchljspuslQv2,35,2015-05-12
4USlzWutiBdOn7QwrF8ev0,38,2017-04-21
5fjHiq9unc4EnABB8VyfVc,38,2017-09-15
1e0Tqcfn0eqgFicrFFYNMl,50,2015-07-03
7bXOViTvx6EHXuYFuI2yfj,44,2014-05-19
2LokHqCckCXxxm2wLhhJSM,34,2013-03-27
6WgxIWDCnLtIaDYHHsJCIh,67,2017-08-25
0zV6u0B6tozejS9ol4rfca,44,2012-10-19
1hIWkw4oviD5KkaMMJNoLd,33,2015-10-16
1L6Lx3xEDkUsW6OwXbxzeu,34,2016-06-17
0hvQktrWrmT4V51FIQyMpA,30,2012-11-23
0OSYZ7EMRs14RPvwowd13F,33,2017-06-02
7BagySvnOa3RQONCo7oJbx,54,2014-02-11
6aDRCnCbuqY7NkerfUcyp7,39,2016-04-05
643oZFUaO731jy4EcmICWi,42,2014-05-11
7I5kGHQnlakHH5OojEfRbw,42,2014-05-10
0Hzx5qahFYpoxFlNz0iHrK,32,2014-08-07
2lga269hb1nzTNI2YrC5IZ,34,2016-05-30
7bYeeLp33ix2DiyM8f5It6,46,2010-10-26
08Bdvah5BgcjmxWymrV9Bl,39,2011-05-22
0gmsXcmrcnxdZBrD5EyJEL,38,2014-09-18
0UwpSCPnNPksM1meQJnBAF,38,2014-01-01
5se7J0zVDdu3lH5dcw3ael,52,2011-11-22
6uwfQz4ZsOX5VZ2cj8KmfX,40,2016-11-04
21wMUhXhWLew2zsWQhlYEM,30,2010-04-12
4bePJNQoFZ2FhPHgBPmvbv,39,2012-10-22
1L25xMsuDCuBcb0rJnggWr,53,2016-04-26
0ShnVtpw8BRsf8vzHVQvas,44,2016-11-11
6Nrmlwyol8cvyHcBVhd7dM,41,2017-07-03
4hIIaKSEvDXs8tbd4SZf1u,31,2014-01-02
6JaAs0LDI0AyrZhhx3kRJz,30,2016-04-16
2aaWMtuGxw17AZpKhZGdXQ,56,2015-04-25
1C1wp0FcQRAU74VfkDWwSV,43,2016-06-01
0TfIxsu5PqsIXzGRmqm9kX,45,2011-06-28
0TT7gSYro7GSKZwUlPefBf,45,2015-01-28
4MyaABQub4NCb6r7vFWT7y,53,2011-07-01
7E6ctLR5KdMHeM3Y83BbYw,34,2012-11-13
4m8XN9CKqve1ExYBnNu5kt,44,2016-01-29
5B9X7rNPTZyiLdPHvHWkbq,55,2012-07-01
0rJTBlaSFLzkOFgFkbEO5j,30,2016-03-18
42evhvi7BTgxduTP2G4lyM,33,2017-04-07
5fegOY9uPTICrzwwdfx9me,40,2014-11-07
4sbOSN1tcN8i0ZG1ilDvNM,44,2012-12-07
3mCFgW3TWFsRTD1Kc1yEtO,52,2011-02-01
0YHfbeTtt3LAaOgsbd3h6z,30,2011-10-11
3jKITc4vEht1Bk6Km1cJKW,43,2017-01-13
3McJzWoX8PR6Y3rPWoLUMZ,33,2016-06-10
2nEjg7MZVMmWJ3Biuw2k0g,31,2015-10-30
7rgBclppfeqswDB999oa6y,39,2015-07-02
2VHXKpkQNthOvzq6TVEq3A,40,2016-07-08
1pMGzQhiuZza2D7fspNkUi,40,2015-11-27
5F2H95WOCUFd0WRNrYBesW,36,2012-01-01
4vFEJY73cgVM9GrSzrm3po,37,2014-05-13
31ijpN3FryTPMy3RYdsjsw,50,2017-03-03
7j2vXAwozfXF6ZQ9L19YdK,33,2010-10-05
0ofY6znb0csUQyTVv0eXPR,34,2017-06-21
57QGgDgbSf0Ij3QP41jF8D,38,2012-01-01
4VQmvFXtedFUYt6gQ3drSc,41,2012-11-13
0dimpeFX6avE5XJYWvoHGw,39,2013-01-05
4JfG1qKkXQXB8yoty80vNC,35,2010-10-10
6Dfcz4LZeO2WsYiyJbynHg,37,2014-05-01
7klN6mp4akAtXwwJms5Lcy,34,2016-09-02
25R1taAF7pOKeLJgojKIpG,33,2016-02-05
3MfTllqbkiNWZuaxoenGhC,62,2010-01-28
5fl6q7SKOuaO2tHXeTaZeV,58,2011-01-01
78xdXx85GxYUezK9kGO3yd,46,2012-05-01
7gDU8W7H50vfNL4Dlw9MRt,55,2016-10-18
3CGyycOFXeY4vEweqPanUc,41,2012-05-16
6fUaNt0AzVbijjbk5IBoBA,39,2012-09-28
5vI1UvJLIPAKf1kvzgPaTO,33,2015-10-09
6bRMknojXPVfD1hCWUPB8V,54,2015-02-03
4geYndElJeGBAbihVPelZY,39,2016-01-15
3VXTgHkhZWYz9qzIY1PXKD,39,2013-04-02
7bpzruCjMPalWSVVLwLHhQ,36,2013-08-26
3qanmly9I3vfv593JutFbB,48,2012-08-27
1RYBZgwSVD3211dmEI1PhD,34,2014-01-01
0aqG3e2e7cqcYitynssLLU,41,2014-08-20
0oDDkafimkfmBVssJF2X64,44,2015-10-23
2ZkF6zANeekBDgwMFGLIlf,58,2010-10-22
7iReNVXejUYIkrhZLCQN9T,40,2017-03-07
6Iu8toVsvCc3I4INxYiVIy,36,2011-02-14
2h5LDCGJCWUyaoEXQZHky6,36,2016-06-22
082BH67sSIDefLxUp8GgNm,34,2012-08-28
55uno9tUFr9N5Gq5Rnzfwd,65,2017-06-26
12UVmt96lb4iU1awxRnoMB,56,2014-10-20
0xAT19PSU54ExVPjdt2kTI,45,2016-04-20
12Np842rdMCgCRfzOJZxiA,47,2017-09-01
5PltkUc68UtX8ZOWRQV8Qw,37,2016-09-30
5iH1vmioHtV8EGOF9aIGBm,38,2013-05-21
5gRwx5vpeXUA75GmuqwByn,44,2015-09-11
4gYYnEN41doINCMXvAi9V8,33,2010-03-22
10dFyMDp4bVDX5nqXJFdUk,36,2012-12-11
0OVCvZW4YHPLZKRVEvd7Oa,40,2016-03-18
4WZt91NWvfkkJsesFbIhQk,30,2011-05-17
2LkWHNNHgD6BRNeZI2SL1L,49,2014-06-27
31CFF4SUTpGpcPoACFQ6K7,32,2012-01-01
4NyunR1H9oTh53OTEktFBO,38,2011-04-26
324LXtvXAeKBeDIN1NkGuG,53,2016-11-11
5sKerX6ARm7GpNCggJ9z3t,42,2012-04-24
4Xo1PQX6kP7E4VJjcrwCuw,30,2010-04-25
1swTtBUXzaYRKMAPKukzwx,41,2015-04-14
4oN3woSLFWiuf1tS3BmQRp,36,2013-05-13
3HnNyOdm1T23RfhXl78CLt,32,2016-02-19
2iJfdLwCiFOcVD6T42393M,32,2017-10-09
41GteJOSR9ItDaAltqpaGd,37,2013-05-11
0kaULzpPe7UGxacdVaVtOJ,32,2014
1SiSNGAf4CVJgF63NJyTw9,63,2016-08-12
0KlFDQwKEwXt70Gdl0L8KE,35,2014-09-11
4oSEzHyFCgU9NP7TBWa2qj,33,2016-06-10
35UcF0fsrd9r3EJElSMG7Q,34,2014-08-08
0dIYBkNpcKisysENNEnNWh,32,2017-10-06
1S1OiMHdZpEZ0gOo8DTOo1,42,2017-03-24
3CM7IAJoKnqx9rl70pq1xV,55,2010
2HQsmpOs5a2hyOcklWmnAV,38,2016-10-19
7mkN6sP8t2aa9ReN8Ir1oR,33,2015-01-01
0cRTPyV93KGOtBUMGTfp2b,43,2017-08-04
2taCIMO9i00u0euzw9av9h,50,2017-01-08
2YK6DWg1bWnYmuS38MpZFU,34,2017-03-10
2Ak03lpgayoMATakQboxLn,35,2016-02-17
3NCEDmtJcN27K962nPBBmH,32,2015-03-03
0z3nweFUGrzH2UZ0pohPAn,36,2010-11-22
2O1eye3JacqELubyVNzxfQ,40,2016-12-23
6JyOJ5Vc9qCxVRDIOyftm5,39,2015-10-23
2t9TlsYchqDdr0n2TTF6s0,56,2014-09-08
2mUQFimneqNHEAh8TL0Jug,38,2011-09-13
6a65mffb2f87mujO74EA12,42,2014-10-31
66JBV8UizalidC3twuqK1z,31,2014-07-01
5kiSx7TJxFSJc4AwwFqJzz,36,2012-10-15
412dGDG8nLUngf5yWgVUQ2,30,2012-07-27
3nZrIskMQdaS5KWw45PIjd,34,2017-05-12
1ivkZkfGqLU1Rf8E92hxwf,30,2015-01-01
2mfQMCY9GF34zQ8bqhIrmQ,55,2012-12-28
1gWre6I0Dc8gn10rKCY0sJ,34,2011-01-01
4LOpELq9O4yc5EhgNlXMpa,44,2013-01-01
0q7SIixmiava8E6v9BO8xs,33,2016-09-23
7yS1RMcw03GA0N4jbl2bgU,38,2017-05-08
6yClcORh3xiP9Gg1aqbvZ9,49,2017-03-31
0vNzoZ2y8HiQPXyhjxsZvA,33,2016-11-04
0NvirtaDCaZU5PAW1O5FDE,57,2017-04-28
60leTuSu35CCjcrpV2RHGQ,36,2014-07-29
6VB3iQvl5osGIQyaJv7vqm,41,2015-05-08
6o4STrKI7oQoWppn6Nkdp5,31,2017-05-05
2R5PAxygJ4YeRuSwoalKam,46,2014-09-22
0pBF3BXIBvjoSzoYXbwpji,34,2013-09-27
2lmXOunRvqqEEiJRVRzOOv,36,2016-11-04
7K6OykPbezfgKgBufihn6X,59,2017-07-27
2tH1S9Q2RUcLrOizMy9I1K,39,2015-10-09
43qobCIpLpsxshjc7PbAXb,32,2010-09-30
69uLe8PRldwEfGMpS0332j,33,2016-06-03
3nFMhhRvntmafaNnxJqcYX,33,2013-04-02
22CbLhGKCX4cWs8ajlo1bm,31,2010-01-01
6Wqbd052w2anRHu1yjRTPr,36,2010
37rI2gAtakAmSFtbIE9THq,36,2017-03-10
15gGqbI9XtUGoClVR33kmn,51,2015-10-30
2iB2b6Vw1eOWJc4ZNQPLhW,44,2017-02-10
3qP35IG0eAuq1ENKqrNn8K,30,2016-09-30
544YLUAEKImL67ddh3NPz8,42,2016-01-15
49sSFDKxt8QkvJpKYTEP0l,38,2017-05-12
5oFhCtICV8D4Hh50FU32BG,43,2017-06-30
3vnghXv0nvTINC9zLFFPnB,32,2010-05-25
3Hfzq8ppZoC0pkwTuEMF4g,30,2017-02-24
0kmIEXs6tj0gcHYBiZp7xx,37,2017-02-24
2O5841tkIKVcWFQTMHKJlw,48,2015-10-23
40EDAH4pR1cabq0ebLrfD2,36,2016-09-29
7FRf2pzChLAhYLWL55hmlH,54,2017-08-25
15egQXR5QFe5oyqH0U4rlE,35,2017-06-16
6FLtXL76cqZVn5f0L4vR84,36,2016-10-28
5ucGsqmWnXrx69gHS3ldOV,42,2013-11-12
5shBLuRyrPtZ4kH3seHPXi,30,2016-07-15
4c34VLWSkCUFTOfPCqAvfM,31,2015-11-30
4XRo183q0BeXbtJx2d9VWI,38,2016-08-05
7ifkO4gppMVf0HNy7JJDHn,52,2017-07-14
6yYY1YIGjTk8tPwyTIyx6c,39,2016-06-03
1bAQmWedFHr9gkf7iBlqAE,51,2012-06-15
4AoyrrJxh8ArnS2X8Y06dJ,35,2011-10-18
4q3SkZWPYJtKno1RbnrjL4,55,2015-10-23
6b0ipkFRwnrtJniaMRXGUV,36,2015-06-18
7veGag0hiRIo5k2EZhtlJl,38,2010-01-29
2RRdk9dTPqgDdeEWRSflbg,42,2014-09-30
2hc2nl6opteMmG3LCDVt0e,67,2013-01-01
7n2eaDnp87cvtj1910E8vP,31,2017-05-19
3rgETN4XlGeTJaU4w1BfEO,37,2013-01-01
14tuHLGkX1VUaPiteXdoVq,39,2017-09-22
5s1szSS0a2V9biUld0YdNK,44,2010-01-01
4Nr8sEsN2h0xMbqJNsFbyJ,54,2016-11-04
2w5KeioTKKUi2rLyH54WVD,55,2017-05-26
6Wk4vPWEk0pULXuAZmwpRV,32,2015-12-15
5dlc7AMvdxeW2jUl0Fe0L9,31,2017-07-28
6MuoqipFgorIZEYwGWEFAU,44,2010-05-10
712VoD72K500yLhhgqCyVe,52,2013-08-20
67J2dREufTeiWGalDC2GAf,49,2016-05-09
